BEGIN TRANSACTION;
DROP TABLE IF EXISTS "brands";
CREATE TABLE brands (
    id          INTEGER PRIMARY KEY AUTOINCREMENT,
    name        TEXT    NOT NULL UNIQUE,
    slug        TEXT    NOT NULL UNIQUE,
    logo_file   TEXT,
    description TEXT,
    is_active   INTEGER NOT NULL DEFAULT 1,
    created_at  TEXT    NOT NULL DEFAULT (datetime('now')),
    updated_at  TEXT    NOT NULL DEFAULT (datetime('now'))
);
DROP TABLE IF EXISTS "brands_translations";
CREATE TABLE "brands_translations" (
	"id"	INTEGER,
	"brand_id"	INTEGER NOT NULL,
	"lang_code"	TEXT NOT NULL,
	"name"	TEXT NOT NULL,
	"description"	TEXT,
	UNIQUE("brand_id","lang_code"),
	PRIMARY KEY("id" AUTOINCREMENT),
	FOREIGN KEY("brand_id") REFERENCES "brands"("id") ON DELETE CASCADE,
	FOREIGN KEY("lang_code") REFERENCES "languages"("code")
);
DROP TABLE IF EXISTS "cart_items";
CREATE TABLE cart_items (
    id          INTEGER PRIMARY KEY AUTOINCREMENT,
    user_id     INTEGER NOT NULL REFERENCES users(id),
    item_type   TEXT    NOT NULL DEFAULT 'product',
    item_id     INTEGER NOT NULL,
    quantity    INTEGER NOT NULL DEFAULT 1,
    added_at    TEXT    NOT NULL DEFAULT (datetime('now')),
    UNIQUE (user_id, item_type, item_id)
);
DROP TABLE IF EXISTS "categories";
CREATE TABLE categories (
    id          INTEGER PRIMARY KEY AUTOINCREMENT,
    name        TEXT    NOT NULL UNIQUE,
    slug        TEXT    NOT NULL UNIQUE,
    type        TEXT    NOT NULL DEFAULT 'product',     -- 'product' | 'service'
    icon_file   TEXT,
    description TEXT
);
DROP TABLE IF EXISTS "category_translations";
CREATE TABLE category_translations (
    id          INTEGER PRIMARY KEY AUTOINCREMENT,
    category_id INTEGER NOT NULL REFERENCES categories(id) ON DELETE CASCADE,
    lang_code   TEXT    NOT NULL REFERENCES languages(code),
    name        TEXT    NOT NULL,
    description TEXT,
    UNIQUE (category_id, lang_code)
);
DROP TABLE IF EXISTS "currencies";
CREATE TABLE currencies (
    code        TEXT    PRIMARY KEY,
    symbol      TEXT    NOT NULL,
    label       TEXT    NOT NULL,
    rate_to_php REAL    NOT NULL DEFAULT 1.0,
    is_active   INTEGER NOT NULL DEFAULT 1,
    updated_at  TEXT    NOT NULL DEFAULT (datetime('now'))
);
DROP TABLE IF EXISTS "inquiries";
CREATE TABLE inquiries (
    id          INTEGER PRIMARY KEY AUTOINCREMENT,
    name        TEXT NOT NULL,
    email       TEXT NOT NULL,
    subject     TEXT,
    message     TEXT NOT NULL,
    status      TEXT NOT NULL DEFAULT 'new',            -- 'new' | 'read' | 'resolved'
    created_at  TEXT NOT NULL DEFAULT (datetime('now'))
);
DROP TABLE IF EXISTS "languages";
CREATE TABLE languages (
    code        TEXT    PRIMARY KEY,
    label       TEXT    NOT NULL,
    locale      TEXT    NOT NULL,
    is_active   INTEGER NOT NULL DEFAULT 1,
    sort_order  INTEGER NOT NULL DEFAULT 0
);
DROP TABLE IF EXISTS "order_items";
CREATE TABLE order_items (
    id          INTEGER PRIMARY KEY AUTOINCREMENT,
    order_id    INTEGER NOT NULL REFERENCES orders(id) ON DELETE CASCADE,
    item_type   TEXT    NOT NULL DEFAULT 'product'
                CHECK (item_type IN ('product', 'service')),  -- 'product' | 'service'
    item_id     INTEGER NOT NULL,
    quantity    INTEGER NOT NULL DEFAULT 1,
    unit_price  REAL    NOT NULL
);
DROP TABLE IF EXISTS "orders";
CREATE TABLE orders (
    id          INTEGER PRIMARY KEY AUTOINCREMENT,
    user_id     INTEGER NOT NULL REFERENCES users(id),
    status      TEXT    NOT NULL DEFAULT 'pending',     -- 'pending' | 'verified' | 'paid' | 'shipped' | 'completed' | 'cancelled'
    total       REAL    NOT NULL DEFAULT 0,
    notes       TEXT,
    created_at  TEXT    NOT NULL DEFAULT (datetime('now')),
    updated_at  TEXT    NOT NULL DEFAULT (datetime('now'))
);
DROP TABLE IF EXISTS "products";
CREATE TABLE products (
    id             INTEGER PRIMARY KEY AUTOINCREMENT,
    name           TEXT    NOT NULL,
    slug           TEXT    NOT NULL UNIQUE,
    category_id    INTEGER NOT NULL REFERENCES categories(id),
    subcategory_id INTEGER REFERENCES subcategories(id),
    brand_id       INTEGER REFERENCES brands(id),
    description    TEXT,
    price          REAL    NOT NULL,
    discount       REAL    DEFAULT 0,
    stock          INTEGER NOT NULL DEFAULT 0,
    rating         REAL    NOT NULL DEFAULT 0 CHECK (rating >= 0 AND rating <= 5),
    sales_count    INTEGER NOT NULL DEFAULT 0,
    image_file     TEXT,
    tags           TEXT,                                -- JSON array string
    is_featured    INTEGER NOT NULL DEFAULT 0,
    created_at     TEXT    NOT NULL DEFAULT (datetime('now')),
    updated_at     TEXT    NOT NULL DEFAULT (datetime('now'))
);
DROP TABLE IF EXISTS "products_translations";
CREATE TABLE products_translations (
    id          INTEGER PRIMARY KEY AUTOINCREMENT,
    product_id  INTEGER NOT NULL REFERENCES products(id) ON DELETE CASCADE,
    lang_code   TEXT    NOT NULL REFERENCES languages(code),
    name        TEXT    NOT NULL,
    description TEXT,
    tags        TEXT,
    UNIQUE (product_id, lang_code)
);
DROP TABLE IF EXISTS "services";
CREATE TABLE services (
    id             INTEGER PRIMARY KEY AUTOINCREMENT,
    name           TEXT    NOT NULL,
    slug           TEXT    NOT NULL UNIQUE,
    category_id    INTEGER NOT NULL REFERENCES categories(id),
    subcategory_id INTEGER REFERENCES subcategories(id),
    brand_id       INTEGER REFERENCES brands(id),
    description    TEXT,
    price          REAL    NOT NULL,
    discount       REAL    DEFAULT 0,
    rating         REAL    NOT NULL DEFAULT 0 CHECK (rating >= 0 AND rating <= 5),
    sales_count    INTEGER NOT NULL DEFAULT 0,
    image_file     TEXT,
    tags           TEXT,
    is_featured    INTEGER NOT NULL DEFAULT 0,
    created_at     TEXT    NOT NULL DEFAULT (datetime('now')),
    updated_at     TEXT    NOT NULL DEFAULT (datetime('now'))
);
DROP TABLE IF EXISTS "services_translations";
CREATE TABLE services_translations (
    id          INTEGER PRIMARY KEY AUTOINCREMENT,
    service_id  INTEGER NOT NULL REFERENCES services(id) ON DELETE CASCADE,
    lang_code   TEXT    NOT NULL REFERENCES languages(code),
    name        TEXT    NOT NULL,
    description TEXT,
    tags        TEXT,
    UNIQUE (service_id, lang_code)
);
DROP TABLE IF EXISTS "subcategories";
CREATE TABLE subcategories (
    id          INTEGER PRIMARY KEY AUTOINCREMENT,
    category_id INTEGER NOT NULL REFERENCES categories(id) ON DELETE CASCADE,
    name        TEXT    NOT NULL,
    slug        TEXT    NOT NULL UNIQUE,
    icon_file   TEXT,
    description TEXT,
    UNIQUE (category_id, name)
);
DROP TABLE IF EXISTS "subcategory_translations";
CREATE TABLE subcategory_translations (
    id             INTEGER PRIMARY KEY AUTOINCREMENT,
    subcategory_id INTEGER NOT NULL REFERENCES subcategories(id) ON DELETE CASCADE,
    lang_code      TEXT    NOT NULL REFERENCES languages(code),
    name           TEXT    NOT NULL,
    description    TEXT,
    UNIQUE (subcategory_id, lang_code)
);
DROP TABLE IF EXISTS "ui_strings";
CREATE TABLE ui_strings (
    id          INTEGER PRIMARY KEY AUTOINCREMENT,
    lang_code   TEXT    NOT NULL REFERENCES languages(code),
    key         TEXT    NOT NULL,
    value       TEXT    NOT NULL,
    UNIQUE (lang_code, key)
);
DROP TABLE IF EXISTS "users";
CREATE TABLE users (
    id            INTEGER PRIMARY KEY AUTOINCREMENT,
    username      TEXT    NOT NULL UNIQUE,
    email         TEXT    NOT NULL UNIQUE,
    password_hash TEXT    NOT NULL,
    role          TEXT    NOT NULL DEFAULT 'customer',   -- 'customer' | 'admin'
    created_at    TEXT    NOT NULL DEFAULT (datetime('now')),
    updated_at    TEXT    NOT NULL DEFAULT (datetime('now'))
);
INSERT INTO "brands" ("id","name","slug","logo_file","description","is_active","created_at","updated_at") VALUES (1,'Glock','glock','glock.png','Austrian manufacturer of polymer-framed pistols.',1,'2026-04-24 09:14:11','2026-04-24 09:14:11'),
 (2,'Colt','colt','colt.png','Historic American firearms manufacturer.',1,'2026-04-24 09:14:11','2026-04-24 09:14:11'),
 (3,'Heckler & Koch','heckler-koch','hecklerkoch.png','German defense manufacturer of firearms.',1,'2026-04-24 09:14:11','2026-04-24 09:14:11'),
 (4,'Sig Sauer','sig-sauer','sigsauer.png','Global firearms and optics manufacturer.',1,'2026-04-24 09:14:11','2026-04-24 09:14:11'),
 (5,'FN Herstal','fn-herstal','fnherstal.png','Belgian producer of military firearms.',1,'2026-04-24 09:14:11','2026-04-24 09:14:11'),
 (6,'Benchmade','benchmade','benchmade.png','Premium knife manufacturer.',1,'2026-04-24 09:14:11','2026-04-24 09:14:11'),
 (7,'KA-BAR','ka-bar','kabar.png','Military combat knife producer.',1,'2026-04-24 09:14:11','2026-04-24 09:14:11'),
 (8,'Cold Steel','cold-steel','coldsteel.png','Knives and edged weapons company.',1,'2026-04-24 09:14:11','2026-04-24 09:14:11'),
 (9,'ASP','asp','asp.png','Expandable batons and law enforcement tools.',1,'2026-04-24 09:14:11','2026-04-24 09:14:11'),
 (10,'Barnett Outdoors','barnett','barnettoutdoors.png','Crossbows and archery equipment.',1,'2026-04-24 09:14:11','2026-04-24 09:14:11'),
 (11,'Bear Archery','bear-archery','beararchery.png','Traditional and compound bows.',1,'2026-04-24 09:14:11','2026-04-24 09:14:11'),
 (12,'Raytheon','raytheon','raytheon.png','Missile systems and defense technologies.',1,'2026-04-24 09:14:11','2026-04-24 09:14:11'),
 (13,'Lockheed Martin','lockheed-martin','lockheedmartin.png','Aerospace and advanced weapons systems.',1,'2026-04-24 09:14:11','2026-04-24 09:14:11'),
 (14,'Northrop Grumman','northrop-grumman','northropgrumman.png','Defense and aerospace systems.',1,'2026-04-24 09:14:11','2026-04-24 09:14:11'),
 (15,'Axon','axon','axon.png','Tasers and law enforcement tech.',1,'2026-04-24 09:14:11','2026-04-24 09:14:11'),
 (16,'Combined Systems','combined-systems','combinedsystems.png','Riot control and chemical defense systems.',1,'2026-04-24 09:14:11','2026-04-24 09:14:11'),
 (17,'Defense Technology','defense-technology','defensetechnology.png','Less-lethal munitions and chemical agents.',1,'2026-04-24 09:14:11','2026-04-24 09:14:11'),
 (18,'Thermo Fisher Scientific','thermo-fisher','thermofisherscientific.png','Biological detection and lab systems.',1,'2026-04-24 09:14:11','2026-04-24 09:14:11'),
 (19,'Mirion Technologies','mirion','miriontechnologies.png','Radiation detection and measurement systems.',1,'2026-04-24 09:14:11','2026-04-24 09:14:11'),
 (20,'Oshkosh Defense','oshkosh-defense','oshkoshdefense.png','Military vehicles and mobility platforms.',1,'2026-04-24 09:14:11','2026-04-24 09:14:11'),
 (21,'General Dynamics','general-dynamics','generaldynamics.png','Armored vehicles and defense systems.',1,'2026-04-24 09:14:11','2026-04-24 09:14:11'),
 (22,'CrowdStrike','crowdstrike','crowdstrike.png','Cybersecurity and threat intelligence.',1,'2026-04-24 09:14:11','2026-04-24 09:14:11'),
 (23,'Palo Alto Networks','palo-alto','paloaltonetworks.png','Network and cyber defense solutions.',1,'2026-04-24 09:14:11','2026-04-24 09:14:11'),
 (24,'Safariland','safariland','safariland.png','Holsters, restraints, and armor.',1,'2026-04-24 09:14:11','2026-04-24 09:14:11'),
 (25,'Peerless Handcuff','peerless','peerlesshandcuff.png','Restraint devices for law enforcement.',1,'2026-04-24 09:14:11','2026-04-24 09:14:11'),
 (26,'Hornady','hornady','hornady.png','Ammunition and ballistic products.',1,'2026-04-24 09:14:11','2026-04-24 09:14:11'),
 (27,'Federal Premium','federal-premium','federalpremium.png','Ammunition manufacturer.',1,'2026-04-24 09:14:11','2026-04-24 09:14:11'),
 (28,'3M','3m','3m.png','Safety and protective equipment.',1,'2026-04-24 09:14:11','2026-04-24 09:14:11'),
 (29,'Armor Express','armor-express','armorexpress.png','Body armor systems.',1,'2026-04-24 09:14:11','2026-04-24 09:14:11'),
 (30,'5.11 Tactical','5-11-tactical','511tactical.png','Tactical apparel and gear.',1,'2026-04-24 09:14:11','2026-04-24 09:14:11'),
 (31,'Crye Precision','crye-precision','cryeprecision.png','Advanced combat gear.',1,'2026-04-24 09:14:11','2026-04-24 09:14:11'),
 (32,'Trijicon','trijicon','trijicon.png','Optical sights manufacturer.',1,'2026-04-24 09:14:11','2026-04-24 09:14:11'),
 (33,'EOTech','eotech','eotech.png','Holographic weapon sights.',1,'2026-04-24 09:14:11','2026-04-24 09:14:11'),
 (34,'Vortex Optics','vortex-optics','vortexoptics.png','Rifle scopes and optics.',1,'2026-04-24 09:14:11','2026-04-24 09:14:11'),
 (35,'Magpul','magpul','magpul.png','Firearm accessories and magazines.',1,'2026-04-24 09:14:11','2026-04-24 09:14:11'),
 (36,'SureFire','surefire','surefire.png','Weapon lights and suppressors.',1,'2026-04-24 09:14:11','2026-04-24 09:14:11'),
 (37,'Otis Technology','otis','otistechnology.png','Firearm cleaning systems.',1,'2026-04-24 09:14:11','2026-04-24 09:14:11'),
 (38,'Hoppe''s','hoppes','hoppes.png','Gun cleaning supplies.',1,'2026-04-24 09:14:11','2026-04-24 09:14:11'),
 (39,'Liberty Safe','liberty-safe','libertysafe.png','Gun safes and storage.',1,'2026-04-24 09:14:11','2026-04-24 09:14:11'),
 (40,'Pelican','pelican','pelican.png','Protective transport cases.',1,'2026-04-24 09:14:11','2026-04-24 09:14:11'),
 (41,'Motorola Solutions','motorola-solutions','motorolasolutions.png','Public safety communication systems.',1,'2026-04-24 09:14:11','2026-04-24 09:14:11'),
 (42,'Garmin','garmin','garmin.png','Navigation and communication devices.',1,'2026-04-24 09:14:11','2026-04-24 09:14:11'),
 (43,'FLIR Systems','flir','flirsystems.png','Thermal imaging and sensors.',1,'2026-04-24 09:14:11','2026-04-24 09:14:11'),
 (44,'Garrett Metal Detectors','garrett','garrettmetaldetectors.png','Metal detection equipment.',1,'2026-04-24 09:14:11','2026-04-24 09:14:11'),
 (45,'Polaris Defense','polaris-defense','polarisdefense.png','All-terrain military vehicles.',1,'2026-04-24 09:14:11','2026-04-24 09:14:11'),
 (46,'Duracell','duracell','duracell.png','Battery and power systems.',1,'2026-04-24 09:14:11','2026-04-24 09:14:11'),
 (47,'Goal Zero','goal-zero','goalzero.png','Portable solar power systems.',1,'2026-04-24 09:14:11','2026-04-24 09:14:11'),
 (48,'LifeStraw','lifestraw','lifestraw.png','Water purification systems.',1,'2026-04-24 09:14:11','2026-04-24 09:14:11'),
 (49,'Leatherman','leatherman','leatherman.png','Multi-tools and survival gear.',1,'2026-04-24 09:14:11','2026-04-24 09:14:11'),
 (50,'Bluegun','bluegun','bluegun.png','Training replica firearms.',1,'2026-04-24 09:14:11','2026-04-24 09:14:11'),
 (51,'Action Target','action-target','actiontarget.png','Shooting range targets.',1,'2026-04-24 09:14:11','2026-04-24 09:14:11'),
 (52,'Honeywell','honeywell','honeywell.png','Industrial and defense manufacturing.',1,'2026-04-24 09:14:11','2026-04-24 09:14:11'),
 (53,'ZEV Technologies','zev-tech','zevtechnologies.png','Firearm customization and upgrades.',1,'2026-04-24 09:14:11','2026-04-24 09:14:11'),
 (54,'Agency Arms','agency-arms','agencyarms.png','Weapon modification specialists.',1,'2026-04-24 09:14:11','2026-04-24 09:14:11'),
 (55,'Amentum','amentum','amentum.png','Maintenance and support services.',1,'2026-04-24 09:14:11','2026-04-24 09:14:11'),
 (56,'Brink''s','brinks','brinks.png','Secure logistics and armored transport.',1,'2026-04-24 09:14:11','2026-04-24 09:14:11'),
 (57,'GardaWorld','gardaworld','gardaworld.png','Cash logistics and transport services.',1,'2026-04-24 09:14:11','2026-04-24 09:14:11'),
 (58,'Iron Mountain','iron-mountain','ironmountain.png','Secure storage and records management.',1,'2026-04-24 09:14:11','2026-04-24 09:14:11'),
 (59,'Academi','academi','academi.png','Private military training services.',1,'2026-04-24 09:14:11','2026-04-24 09:14:11'),
 (60,'G4S','g4s','g4s.png','Global security services.',1,'2026-04-24 09:14:11','2026-04-24 09:14:11'),
 (61,'Allied Universal','allied-universal','allieduniversal.png','Security and facility protection.',1,'2026-04-24 09:14:11','2026-04-24 09:14:11'),
 (62,'Control Risks','control-risks','controlrisks.png','Risk and security consulting.',1,'2026-04-24 09:14:11','2026-04-24 09:14:11'),
 (63,'MITRE','mitre','mitre.png','Defense and systems research.',1,'2026-04-24 09:14:11','2026-04-24 09:14:11'),
 (64,'UL Solutions','ul-solutions','ulsolutions.png','Safety testing and certification.',1,'2026-04-24 09:14:11','2026-04-24 09:14:11'),
 (65,'Veolia','veolia','veolia.png','Hazardous waste and disposal services.',1,'2026-04-24 09:14:11','2026-04-24 09:14:11'),
 (66,'Hikvision','hikvision','hikvision.png','Video surveillance systems.',1,'2026-04-24 09:14:11','2026-04-24 09:14:11'),
 (67,'SGS','sgs','sgs.png','Inspection, verification, and certification services.',1,'2026-04-24 09:14:11','2026-04-24 09:14:11'),
 (68,'KBR','kbr','kbr.png','Defense and government contracting.',1,'2026-04-24 09:14:11','2026-04-24 09:14:11'),
 (69,'Anonymous','anonymous','anonymous.png','Seller identity not disclosed or verified.',1,'2026-04-24 10:23:23','2026-04-24 10:23:23');
INSERT INTO "brands_translations" ("id","brand_id","lang_code","name","description") VALUES (1,1,'filipino','Glock','Isang Austrian na tagagawa ng mga polymer-framed na pistola'),
 (2,2,'filipino','Colt','Makabagong Amerikanong tagagawa ng baril na may mahabang kasaysayan'),
 (3,3,'filipino','Heckler & Koch','Aleman na tagagawa ng sandata at depensa'),
 (4,4,'filipino','Sig Sauer','Pandaigdigang tagagawa ng baril at optics'),
 (5,5,'filipino','FN Herstal','Belgian na gumagawa ng mga sandatang militar'),
 (6,6,'filipino','Benchmade','Premium na tagagawa ng kutsilyo'),
 (7,7,'filipino','KA-BAR','Tagagawa ng military combat knife'),
 (8,8,'filipino','Cold Steel','Kumpanya ng kutsilyo at edged weapons'),
 (9,9,'filipino','ASP','Expandable baton at law enforcement tools'),
 (10,10,'filipino','Barnett Outdoors','Crossbows at archery equipment'),
 (11,11,'filipino','Bear Archery','Tradisyonal at compound bows'),
 (12,12,'filipino','Raytheon','Missile systems at defense technologies'),
 (13,13,'filipino','Lockheed Martin','Aerospace at advanced weapons systems'),
 (14,14,'filipino','Northrop Grumman','Defense at aerospace systems'),
 (15,15,'filipino','Axon','Tasers at teknolohiya para sa law enforcement'),
 (16,16,'filipino','Combined Systems','Riot control at chemical defense systems'),
 (17,17,'filipino','Defense Technology','Less-lethal munitions at chemical agents'),
 (18,18,'filipino','Thermo Fisher Scientific','Biological detection at laboratory systems'),
 (19,19,'filipino','Mirion Technologies','Radiation detection at measurement systems'),
 (20,20,'filipino','Oshkosh Defense','Military vehicles at mobility platforms'),
 (21,21,'filipino','General Dynamics','Armored vehicles at defense systems'),
 (22,22,'filipino','CrowdStrike','Cybersecurity at threat intelligence'),
 (23,23,'filipino','Palo Alto Networks','Network at cyber defense solutions'),
 (24,24,'filipino','Safariland','Holsters, restraints, at armor'),
 (25,25,'filipino','Peerless Handcuff','Mga restraint device para sa law enforcement'),
 (26,26,'filipino','Hornady','Ammunition at ballistic products'),
 (27,27,'filipino','Federal Premium','Tagagawa ng ammunition'),
 (28,28,'filipino','3M','Safety at protective equipment'),
 (29,29,'filipino','Armor Express','Body armor systems'),
 (30,30,'filipino','5.11 Tactical','Tactical apparel at gear'),
 (31,31,'filipino','Crye Precision','Advanced combat gear'),
 (32,32,'filipino','Trijicon','Tagagawa ng optical sights'),
 (33,33,'filipino','EOTech','Holographic weapon sights'),
 (34,34,'filipino','Vortex Optics','Rifle scopes at optics'),
 (35,35,'filipino','Magpul','Firearm accessories at magazines'),
 (36,36,'filipino','SureFire','Weapon lights at suppressors'),
 (37,37,'filipino','Otis Technology','Firearm cleaning systems'),
 (38,38,'filipino','Hoppe''s','Gun cleaning supplies'),
 (39,39,'filipino','Liberty Safe','Gun safes at storage'),
 (40,40,'filipino','Pelican','Protective transport cases'),
 (41,41,'filipino','Motorola Solutions','Public safety communication systems'),
 (42,42,'filipino','Garmin','Navigation at communication devices'),
 (43,43,'filipino','FLIR Systems','Thermal imaging at sensors'),
 (44,44,'filipino','Garrett Metal Detectors','Metal detection equipment'),
 (45,45,'filipino','Polaris Defense','All-terrain military vehicles'),
 (46,46,'filipino','Duracell','Battery at power systems'),
 (47,47,'filipino','Goal Zero','Portable solar power systems'),
 (48,48,'filipino','LifeStraw','Water purification systems'),
 (49,49,'filipino','Leatherman','Multi-tools at survival gear'),
 (50,50,'filipino','Bluegun','Training replica firearms'),
 (51,51,'filipino','Action Target','Shooting range targets'),
 (52,52,'filipino','Honeywell','Industrial at defense manufacturing'),
 (53,53,'filipino','ZEV Technologies','Firearm customization at upgrades'),
 (54,54,'filipino','Agency Arms','Mga espesyalista sa weapon modification'),
 (55,55,'filipino','Amentum','Maintenance at support services'),
 (56,56,'filipino','Brink''s','Secure logistics at armored transport'),
 (57,57,'filipino','GardaWorld','Cash logistics at transport services'),
 (58,58,'filipino','Iron Mountain','Secure storage at records management'),
 (59,59,'filipino','Academi','Private military training services'),
 (60,60,'filipino','G4S','Global security services'),
 (61,61,'filipino','Allied Universal','Security at facility protection'),
 (62,62,'filipino','Control Risks','Risk at security consulting'),
 (63,63,'filipino','MITRE','Defense at systems research'),
 (64,64,'filipino','UL Solutions','Safety testing at certification'),
 (65,65,'filipino','Veolia','Hazardous waste at disposal services'),
 (66,66,'filipino','Hikvision','Video surveillance systems'),
 (67,67,'filipino','SGS','Inspection, verification, at certification services'),
 (68,68,'filipino','KBR','Defense at government contracting'),
 (69,69,'filipino','Anonymous','Hindi isiniwalat o napatunayang pagkakakilanlan ng nagbebenta'),
 (70,1,'japanese','Glock','ポリマーフレーム拳銃を製造するオーストリア企業'),
 (71,2,'japanese','Colt','歴史あるアメリカの銃器メーカー'),
 (72,3,'japanese','Heckler & Koch','ドイツの防衛・銃器メーカー'),
 (73,4,'japanese','Sig Sauer','銃器および光学機器のグローバルメーカー'),
 (74,5,'japanese','FN Herstal','ベルギーの軍用銃器メーカー'),
 (75,6,'japanese','Benchmade','高級ナイフメーカー'),
 (76,7,'japanese','KA-BAR','軍用コンバットナイフメーカー'),
 (77,8,'japanese','Cold Steel','刃物および武器メーカー'),
 (78,9,'japanese','ASP','警察用伸縮バトンメーカー'),
 (79,10,'japanese','Barnett Outdoors','クロスボウとアーチェリー用品メーカー'),
 (80,11,'japanese','Bear Archery','伝統弓およびコンパウンドボウメーカー'),
 (81,12,'japanese','Raytheon','ミサイルおよび防衛技術企業'),
 (82,13,'japanese','Lockheed Martin','航空宇宙および先進兵器システム企業'),
 (83,14,'japanese','Northrop Grumman','防衛および航空宇宙システム企業'),
 (84,15,'japanese','Axon','テーザーおよび警察技術企業'),
 (85,16,'japanese','Combined Systems','暴動鎮圧および化学防衛機器メーカー'),
 (86,17,'japanese','Defense Technology','非致死性兵器および化学装備メーカー'),
 (87,18,'japanese','Thermo Fisher Scientific','生物検出および研究機器企業'),
 (88,19,'japanese','Mirion Technologies','放射線測定および検出機器企業'),
 (89,20,'japanese','Oshkosh Defense','軍用車両および機動プラットフォームメーカー'),
 (90,21,'japanese','General Dynamics','装甲車両および防衛システム企業'),
 (91,22,'japanese','CrowdStrike','サイバーセキュリティおよび脅威分析企業'),
 (92,23,'japanese','Palo Alto Networks','ネットワークおよびサイバー防御企業'),
 (93,24,'japanese','Safariland','ホルスターおよび防護装備メーカー'),
 (94,25,'japanese','Peerless Handcuff','警察用手錠メーカー'),
 (95,26,'japanese','Hornady','弾薬および弾道製品メーカー'),
 (96,27,'japanese','Federal Premium','弾薬メーカー'),
 (97,28,'japanese','3M','安全および保護装備メーカー'),
 (98,29,'japanese','Armor Express','ボディアーマーメーカー'),
 (99,30,'japanese','5.11 Tactical','タクティカル装備および衣類メーカー'),
 (100,31,'japanese','Crye Precision','先進戦闘装備メーカー'),
 (101,32,'japanese','Trijicon','光学照準器メーカー'),
 (102,33,'japanese','EOTech','ホログラフィック照準器メーカー'),
 (103,34,'japanese','Vortex Optics','ライフルスコープおよび光学機器メーカー'),
 (104,35,'japanese','Magpul','銃器アクセサリーおよびマガジンメーカー'),
 (105,36,'japanese','SureFire','武器用ライトおよびサプレッサーメーカー'),
 (106,37,'japanese','Otis Technology','銃器清掃システムメーカー'),
 (107,38,'japanese','Hoppe''s','銃器清掃用品メーカー'),
 (108,39,'japanese','Liberty Safe','銃器用金庫メーカー'),
 (109,40,'japanese','Pelican','保護ケースおよび輸送ケースメーカー'),
 (110,41,'japanese','Motorola Solutions','公共安全通信システム企業'),
 (111,42,'japanese','Garmin','ナビゲーションおよび通信機器メーカー'),
 (112,43,'japanese','FLIR Systems','熱画像およびセンサー企業'),
 (113,44,'japanese','Garrett Metal Detectors','金属探知機メーカー'),
 (114,45,'japanese','Polaris Defense','全地形対応軍用車両メーカー'),
 (115,46,'japanese','Duracell','電池および電源メーカー'),
 (116,47,'japanese','Goal Zero','ポータブル太陽光発電メーカー'),
 (117,48,'japanese','LifeStraw','浄水システムメーカー'),
 (118,49,'japanese','Leatherman','マルチツールおよびサバイバル用品メーカー'),
 (119,50,'japanese','Bluegun','訓練用模擬銃メーカー'),
 (120,51,'japanese','Action Target','射撃訓練用ターゲットメーカー'),
 (121,52,'japanese','Honeywell','産業および防衛技術企業'),
 (122,53,'japanese','ZEV Technologies','銃器カスタマイズ企業'),
 (123,54,'japanese','Agency Arms','銃器改造専門企業'),
 (124,55,'japanese','Amentum','保守および支援サービス企業'),
 (125,56,'japanese','Brink''s','現金輸送および警備輸送企業'),
 (126,57,'japanese','GardaWorld','現金輸送および警備サービス企業'),
 (127,58,'japanese','Iron Mountain','安全保管および記録管理企業'),
 (128,59,'japanese','Academi','民間軍事訓練企業'),
 (129,60,'japanese','G4S','国際警備サービス企業'),
 (130,61,'japanese','Allied Universal','施設警備および保護サービス企業'),
 (131,62,'japanese','Control Risks','リスクおよびセキュリティコンサル企業'),
 (132,63,'japanese','MITRE','防衛およびシステム研究機関'),
 (133,64,'japanese','UL Solutions','安全試験および認証企業'),
 (134,65,'japanese','Veolia','廃棄物処理および環境サービス企業'),
 (135,66,'japanese','Hikvision','監視カメラおよび映像監視企業'),
 (136,67,'japanese','SGS','検査・認証サービス企業'),
 (137,68,'japanese','KBR','防衛および政府契約企業'),
 (138,69,'japanese','匿名','販売者の身元が公開または確認されていません。'),
 (139,1,'spanish','Glock','Fabricante austriaco de pistolas con armazón de polímero'),
 (140,2,'spanish','Colt','Histórico fabricante estadounidense de armas de fuego'),
 (141,3,'spanish','Heckler & Koch','Fabricante alemán de armas y defensa'),
 (142,4,'spanish','Sig Sauer','Fabricante global de armas de fuego y óptica'),
 (143,5,'spanish','FN Herstal','Productor belga de armas militares'),
 (144,6,'spanish','Benchmade','Fabricante premium de cuchillos'),
 (145,7,'spanish','KA-BAR','Productor de cuchillos de combate militar'),
 (146,8,'spanish','Cold Steel','Empresa de cuchillos y armas blancas'),
 (147,9,'spanish','ASP','Fabricante de bastones extensibles y herramientas policiales'),
 (148,10,'spanish','Barnett Outdoors','Fabricante de ballestas y equipo de arquería'),
 (149,11,'spanish','Bear Archery','Fabricante de arcos tradicionales y compuestos'),
 (150,12,'spanish','Raytheon','Empresa de sistemas de misiles y tecnologías de defensa'),
 (151,13,'spanish','Lockheed Martin','Empresa aeroespacial y de sistemas de armas avanzados'),
 (152,14,'spanish','Northrop Grumman','Empresa de defensa y sistemas aeroespaciales'),
 (153,15,'spanish','Axon','Empresa de táseres y tecnología para fuerzas del orden'),
 (154,16,'spanish','Combined Systems','Fabricante de sistemas de control de disturbios y defensa química'),
 (155,17,'spanish','Defense Technology','Fabricante de municiones no letales y agentes químicos'),
 (156,18,'spanish','Thermo Fisher Scientific','Empresa de detección biológica y sistemas de laboratorio'),
 (157,19,'spanish','Mirion Technologies','Empresa de detección y medición de radiación'),
 (158,20,'spanish','Oshkosh Defense','Fabricante de vehículos militares y plataformas de movilidad'),
 (159,21,'spanish','General Dynamics','Empresa de vehículos blindados y sistemas de defensa'),
 (160,22,'spanish','CrowdStrike','Empresa de ciberseguridad e inteligencia de amenazas'),
 (161,23,'spanish','Palo Alto Networks','Empresa de soluciones de defensa cibernética y redes'),
 (162,24,'spanish','Safariland','Fabricante de fundas, dispositivos de sujeción y armaduras'),
 (163,25,'spanish','Peerless Handcuff','Fabricante de esposas para fuerzas del orden'),
 (164,26,'spanish','Hornady','Fabricante de municiones y productos balísticos'),
 (165,27,'spanish','Federal Premium','Fabricante de municiones'),
 (166,28,'spanish','3M','Empresa de equipos de seguridad y protección'),
 (167,29,'spanish','Armor Express','Fabricante de sistemas de blindaje corporal'),
 (168,30,'spanish','5.11 Tactical','Fabricante de ropa y equipo táctico'),
 (169,31,'spanish','Crye Precision','Fabricante de equipo de combate avanzado'),
 (170,32,'spanish','Trijicon','Fabricante de miras ópticas'),
 (171,33,'spanish','EOTech','Fabricante de miras holográficas'),
 (172,34,'spanish','Vortex Optics','Fabricante de visores y óptica para rifles'),
 (173,35,'spanish','Magpul','Fabricante de accesorios y cargadores de armas'),
 (174,36,'spanish','SureFire','Fabricante de linternas tácticas y supresores'),
 (175,37,'spanish','Otis Technology','Fabricante de sistemas de limpieza de armas'),
 (176,38,'spanish','Hoppe''s','Fabricante de productos de limpieza para armas'),
 (177,39,'spanish','Liberty Safe','Fabricante de cajas fuertes para armas'),
 (178,40,'spanish','Pelican','Fabricante de estuches de transporte protectores'),
 (179,41,'spanish','Motorola Solutions','Empresa de sistemas de comunicación para seguridad pública'),
 (180,42,'spanish','Garmin','Fabricante de dispositivos de navegación y comunicación'),
 (181,43,'spanish','FLIR Systems','Empresa de imágenes térmicas y sensores'),
 (182,44,'spanish','Garrett Metal Detectors','Fabricante de detectores de metales'),
 (183,45,'spanish','Polaris Defense','Fabricante de vehículos militares todoterreno'),
 (184,46,'spanish','Duracell','Fabricante de baterías y sistemas de energía'),
 (185,47,'spanish','Goal Zero','Fabricante de sistemas portátiles de energía solar'),
 (186,48,'spanish','LifeStraw','Fabricante de sistemas de purificación de agua'),
 (187,49,'spanish','Leatherman','Fabricante de multiherramientas y equipo de supervivencia'),
 (188,50,'spanish','Bluegun','Fabricante de armas de entrenamiento simuladas'),
 (189,51,'spanish','Action Target','Fabricante de blancos para tiro'),
 (190,52,'spanish','Honeywell','Empresa de manufactura industrial y defensa'),
 (191,53,'spanish','ZEV Technologies','Empresa de personalización y mejora de armas'),
 (192,54,'spanish','Agency Arms','Especialistas en modificación de armas'),
 (193,55,'spanish','Amentum','Empresa de servicios de mantenimiento y soporte'),
 (194,56,'spanish','Brink''s','Empresa de transporte blindado y logística segura'),
 (195,57,'spanish','GardaWorld','Empresa de logística de valores y transporte seguro'),
 (196,58,'spanish','Iron Mountain','Empresa de almacenamiento seguro y gestión documental'),
 (197,59,'spanish','Academi','Empresa de entrenamiento militar privado'),
 (198,60,'spanish','G4S','Empresa global de servicios de seguridad'),
 (199,61,'spanish','Allied Universal','Empresa de seguridad y protección de instalaciones'),
 (200,62,'spanish','Control Risks','Empresa de consultoría en riesgos y seguridad'),
 (201,63,'spanish','MITRE','Organización de investigación en defensa y sistemas'),
 (202,64,'spanish','UL Solutions','Empresa de pruebas y certificación de seguridad'),
 (203,65,'spanish','Veolia','Empresa de gestión de residuos y servicios ambientales'),
 (204,66,'spanish','Hikvision','Empresa de sistemas de videovigilancia'),
 (205,67,'spanish','SGS','Empresa de inspección, verificación y certificación'),
 (206,68,'spanish','KBR','Empresa de contratación gubernamental y defensa'),
 (207,69,'spanish','Anónimo','La identidad del vendedor no ha sido revelada ni verificada.'),
 (208,1,'mandarin','Glock','奥地利聚合物手枪制造商'),
 (209,2,'mandarin','Colt','历史悠久的美国枪械制造商'),
 (210,3,'mandarin','Heckler & Koch','德国武器与防务制造商'),
 (211,4,'mandarin','Sig Sauer','全球枪械与光学设备制造商'),
 (212,5,'mandarin','FN Herstal','比利时军用武器制造商'),
 (213,6,'mandarin','Benchmade','高端刀具制造商'),
 (214,7,'mandarin','KA-BAR','军用战斗刀制造商'),
 (215,8,'mandarin','Cold Steel','刀具与冷兵器公司'),
 (216,9,'mandarin','ASP','警用伸缩警棍及执法装备制造商'),
 (217,10,'mandarin','Barnett Outdoors','弩和射箭设备制造商'),
 (218,11,'mandarin','Bear Archery','传统弓与复合弓制造商'),
 (219,12,'mandarin','Raytheon','导弹系统与防务技术公司'),
 (220,13,'mandarin','Lockheed Martin','航空航天与先进武器系统公司'),
 (221,14,'mandarin','Northrop Grumman','防务与航空航天系统公司'),
 (222,15,'mandarin','Axon','泰瑟枪与执法科技公司'),
 (223,16,'mandarin','Combined Systems','防暴与化学防护设备制造商'),
 (224,17,'mandarin','Defense Technology','非致命武器与化学装备制造商'),
 (225,18,'mandarin','Thermo Fisher Scientific','生物检测与实验室设备公司'),
 (226,19,'mandarin','Mirion Technologies','辐射检测与测量设备公司'),
 (227,20,'mandarin','Oshkosh Defense','军用车辆与机动平台制造商'),
 (228,21,'mandarin','General Dynamics','装甲车辆与防务系统公司'),
 (229,22,'mandarin','CrowdStrike','网络安全与威胁情报公司'),
 (230,23,'mandarin','Palo Alto Networks','网络与网络防御解决方案公司'),
 (231,24,'mandarin','Safariland','枪套、防护与执法装备制造商'),
 (232,25,'mandarin','Peerless Handcuff','执法用手铐制造商'),
 (233,26,'mandarin','Hornady','弹药与弹道产品制造商'),
 (234,27,'mandarin','Federal Premium','弹药制造商'),
 (235,28,'mandarin','3M','安全与防护设备公司'),
 (236,29,'mandarin','Armor Express','防弹衣系统制造商'),
 (237,30,'mandarin','5.11 Tactical','战术服装与装备制造商'),
 (238,31,'mandarin','Crye Precision','先进作战装备制造商'),
 (239,32,'mandarin','Trijicon','光学瞄准设备制造商'),
 (240,33,'mandarin','EOTech','全息瞄准镜制造商'),
 (241,34,'mandarin','Vortex Optics','步枪瞄准镜与光学设备制造商'),
 (242,35,'mandarin','Magpul','枪械配件与弹匣制造商'),
 (243,36,'mandarin','SureFire','战术照明与消音器制造商'),
 (244,37,'mandarin','Otis Technology','枪械清洁系统制造商'),
 (245,38,'mandarin','Hoppe''s','枪械清洁用品制造商'),
 (246,39,'mandarin','Liberty Safe','枪械保险柜制造商'),
 (247,40,'mandarin','Pelican','防护运输箱制造商'),
 (248,41,'mandarin','Motorola Solutions','公共安全通信系统公司'),
 (249,42,'mandarin','Garmin','导航与通信设备制造商'),
 (250,43,'mandarin','FLIR Systems','热成像与传感器公司'),
 (251,44,'mandarin','Garrett Metal Detectors','金属探测器制造商'),
 (252,45,'mandarin','Polaris Defense','全地形军用车辆制造商'),
 (253,46,'mandarin','Duracell','电池与电源系统制造商'),
 (254,47,'mandarin','Goal Zero','便携式太阳能电源制造商'),
 (255,48,'mandarin','LifeStraw','水净化系统制造商'),
 (256,49,'mandarin','Leatherman','多功能工具与生存装备制造商'),
 (257,50,'mandarin','Bluegun','训练用仿真枪制造商'),
 (258,51,'mandarin','Action Target','射击训练靶标制造商'),
 (259,52,'mandarin','Honeywell','工业与防务技术公司'),
 (260,53,'mandarin','ZEV Technologies','枪械定制与升级公司'),
 (261,54,'mandarin','Agency Arms','枪械改装专业公司'),
 (262,55,'mandarin','Amentum','维护与支持服务公司'),
 (263,56,'mandarin','Brink''s','武装押运与安全物流公司'),
 (264,57,'mandarin','GardaWorld','安保运输与现金物流公司'),
 (265,58,'mandarin','Iron Mountain','安全存储与信息管理公司'),
 (266,59,'mandarin','Academi','私人军事训练公司'),
 (267,60,'mandarin','G4S','全球安保服务公司'),
 (268,61,'mandarin','Allied Universal','安保与设施保护服务公司'),
 (269,62,'mandarin','Control Risks','风险与安全咨询公司'),
 (270,63,'mandarin','MITRE','防务与系统研究机构'),
 (271,64,'mandarin','UL Solutions','安全测试与认证公司'),
 (272,65,'mandarin','Veolia','废物处理与环境服务公司'),
 (273,66,'mandarin','Hikvision','视频监控系统公司'),
 (274,67,'mandarin','SGS','检验、验证与认证公司'),
 (275,68,'mandarin','KBR','防务与政府合同公司'),
 (276,69,'mandarin','匿名','卖家的身份未被披露或验证。');
INSERT INTO "categories" ("id","name","slug","type","icon_file","description") VALUES (1,'Firearms','firearms','product',NULL,'Guns and ranged weapons'),
 (2,'Blades','blades','product',NULL,'Knives, swords, and edged weapons'),
 (3,'Blunts','blunts','product',NULL,'Impact weapons like bats and clubs'),
 (4,'Projectile','projectile','product',NULL,'Bows, crossbows, and thrown weapons'),
 (5,'Explosives','explosives','product',NULL,'Explosive devices and materials'),
 (6,'Electronic','electronic','product',NULL,'Electronic warfare tools and devices'),
 (7,'Chemical','chemical','product',NULL,'Chemical-based tools or agents'),
 (8,'Biological','biological','product',NULL,'Biological-related materials'),
 (9,'Vehicle','vehicle','product',NULL,'Vehicles used in operations'),
 (10,'Cyber','cyber','product',NULL,'Cybersecurity and hacking tools'),
 (11,'Security','security','product',NULL,'Security-related equipment'),
 (12,'Ammunition','ammunition','product',NULL,'Bullets, shells, and cartridges'),
 (13,'Protective','protective','product',NULL,'Armor and protective gear'),
 (14,'Tactical','tactical','product',NULL,'Tactical gear and accessories'),
 (15,'Attachments','attachments','product',NULL,'Weapon attachments and add-ons'),
 (16,'Maintenance','maintenance-equipment','product',NULL,'Cleaning and repair tools'),
 (17,'Storage','storage-equipment','product',NULL,'Storage solutions'),
 (18,'Communication','communication','product',NULL,'Radios and communication tools'),
 (19,'Survival','survival','product',NULL,'Survival kits and gear'),
 (20,'Training','training-equipment','product',NULL,'Training tools and aids'),
 (21,'Manufacturing','manufacturing','service',NULL,'Production of equipment and tools'),
 (22,'Customization','customization','service',NULL,'Custom modifications and builds'),
 (23,'Maintenance ','maintenance-service','service',NULL,'Repair and upkeep services'),
 (24,'Transport','transport','service',NULL,'Logistics and transport services'),
 (25,'Storage Services','storage-service','service',NULL,'Secure storage services'),
 (26,'Training Services','training-service','service',NULL,'Skill and operational training'),
 (27,'Protection','protection','service',NULL,'Security and protection services'),
 (28,'Consulting','consulting','service',NULL,'Expert advice and planning'),
 (29,'Research','research','service',NULL,'Research and development'),
 (30,'Testing','testing','service',NULL,'Product and system testing'),
 (31,'Disposal','disposal','service',NULL,'Safe disposal services'),
 (32,'Surveillance','surveillance','service',NULL,'Monitoring and surveillance'),
 (33,'Contracting','contracting','service',NULL,'Contract-based operations');
INSERT INTO "category_translations" ("id","category_id","lang_code","name","description") VALUES (1,1,'filipino','Mga Baril','Mga baril at sandata sa malayo'),
 (2,2,'filipino','Mga Talim','Mga kutsilyo, espada, at matutulis na sandata'),
 (3,3,'filipino','Mga Pamalo','Mga sandata sa pagpukpok tulad ng bat at pamalo'),
 (4,4,'filipino','Proyektil','Busog, crossbow, at mga itinatapon na sandata'),
 (5,5,'filipino','Mga Pagsabog','Mga pagsabog na kagamitan at materyales'),
 (6,6,'filipino','Elektroniko','Mga kagamitan at aparato para sa elektronikong digmaan'),
 (7,7,'filipino','Kemikal','Mga kagamitan o ahente na nakabatay sa kemikal'),
 (8,8,'filipino','Biyolohikal','Mga materyales na may kaugnayan sa biyolohiya'),
 (9,9,'filipino','Sasakyan','Mga sasakyan na ginagamit sa mga operasyon'),
 (10,10,'filipino','Cyber','Mga kagamitan sa cybersecurity at pag-hack'),
 (11,11,'filipino','Seguridad','Mga kagamitan na may kaugnayan sa seguridad'),
 (12,12,'filipino','Bala','Mga bala, shell, at kartutso'),
 (13,13,'filipino','Protektibo','Armor at mga kagamitang pangproteksiyon'),
 (14,14,'filipino','Taktikal','Mga taktikal na kagamitan at aksesorya'),
 (15,15,'filipino','Mga Attachment','Mga attachment at dagdag sa sandata'),
 (16,16,'filipino','Pagpapanatili','Mga kagamitan sa paglilinis at pagkukumpuni'),
 (17,17,'filipino','Imbakan','Mga solusyon sa imbakan'),
 (18,18,'filipino','Komunikasyon','Mga radyo at kagamitan sa komunikasyon'),
 (19,19,'filipino','Kaligtasan','Mga survival kit at kagamitan'),
 (20,20,'filipino','Pagsasanay','Mga kagamitan at tulong sa pagsasanay'),
 (21,21,'filipino','Pagmamanupaktura','Produksyon ng mga kagamitan at kasangkapan'),
 (22,22,'filipino','Kustomisasyon','Mga pasadyang pagbabago at gawa'),
 (23,23,'filipino','Serbisyo sa Pagpapanatili','Mga serbisyo sa pagkukumpuni at pag-aalaga'),
 (24,24,'filipino','Transportasyon','Mga serbisyo sa logistik at transportasyon'),
 (25,25,'filipino','Serbisyo sa Imbakan','Mga ligtas na serbisyo sa imbakan'),
 (26,26,'filipino','Serbisyo sa Pagsasanay','Pagsasanay sa kasanayan at operasyon'),
 (27,27,'filipino','Proteksyon','Mga serbisyo sa seguridad at proteksyon'),
 (28,28,'filipino','Konsultasyon','Dalubhasang payo at pagpaplano'),
 (29,29,'filipino','Pananaliksik','Pananaliksik at pagpapaunlad'),
 (30,30,'filipino','Pagsubok','Pagsubok ng produkto at sistema'),
 (31,31,'filipino','Pagtatapon','Mga ligtas na serbisyo sa pagtatapon'),
 (32,32,'filipino','Pagmamasid','Pagmamatyag at pagsubaybay'),
 (33,33,'filipino','Kontratista','Mga operasyong batay sa kontrata'),
 (34,1,'japanese','銃器','銃および遠距離兵器'),
 (35,2,'japanese','刃物','ナイフ、剣、および刃物系武器'),
 (36,3,'japanese','鈍器','バットや棍棒などの打撃武器'),
 (37,4,'japanese','飛道具','弓、クロスボウ、および投擲武器'),
 (38,5,'japanese','爆発物','爆発装置および爆発物資'),
 (39,6,'japanese','電子機器','電子戦ツールおよびデバイス'),
 (40,7,'japanese','化学兵器','化学物質を用いたツールまたは薬剤'),
 (41,8,'japanese','生物兵器','生物関連素材'),
 (42,9,'japanese','車両','作戦で使用される車両'),
 (43,10,'japanese','サイバー','サイバーセキュリティおよびハッキングツール'),
 (44,11,'japanese','セキュリティ','セキュリティ関連機器'),
 (45,12,'japanese','弾薬','弾丸、砲弾、およびカートリッジ'),
 (46,13,'japanese','防護具','アーマーおよび防護装備'),
 (47,14,'japanese','戦術装備','戦術ギアおよびアクセサリー'),
 (48,15,'japanese','アタッチメント','武器アタッチメントおよびアドオン'),
 (49,16,'japanese','メンテナンス','清掃および修理ツール'),
 (50,17,'japanese','保管','保管ソリューション'),
 (51,18,'japanese','通信','無線機および通信ツール'),
 (52,19,'japanese','サバイバル','サバイバルキットおよび装備'),
 (53,20,'japanese','トレーニング','トレーニングツールおよび補助具'),
 (54,21,'japanese','製造','機器およびツールの生産'),
 (55,22,'japanese','カスタマイズ','カスタム改造およびビルド'),
 (56,23,'japanese','メンテナンスサービス','修理および維持管理サービス'),
 (57,24,'japanese','輸送','物流および輸送サービス'),
 (58,25,'japanese','保管サービス','安全な保管サービス'),
 (59,26,'japanese','トレーニングサービス','スキルおよび作戦トレーニング'),
 (60,27,'japanese','警護','セキュリティおよび保護サービス'),
 (61,28,'japanese','コンサルティング','専門的なアドバイスと計画'),
 (62,29,'japanese','研究','研究および開発'),
 (63,30,'japanese','テスト','製品およびシステムのテスト'),
 (64,31,'japanese','廃棄','安全な廃棄サービス'),
 (65,32,'japanese','監視','モニタリングおよび監視'),
 (66,33,'japanese','契約業務','契約に基づく業務'),
 (67,1,'spanish','Armas de Fuego','Pistolas y armas de largo alcance'),
 (68,2,'spanish','Armas Blancas','Cuchillos, espadas y armas con filo'),
 (69,3,'spanish','Armas Contundentes','Armas de impacto como bates y porras'),
 (70,4,'spanish','Proyectiles','Arcos, ballestas y armas arrojadizas'),
 (71,5,'spanish','Explosivos','Dispositivos y materiales explosivos'),
 (72,6,'spanish','Electrónico','Herramientas y dispositivos de guerra electrónica'),
 (73,7,'spanish','Químico','Herramientas o agentes de base química'),
 (74,8,'spanish','Biológico','Materiales relacionados con agentes biológicos'),
 (75,9,'spanish','Vehículos','Vehículos utilizados en operaciones'),
 (76,10,'spanish','Cibernético','Herramientas de ciberseguridad y hacking'),
 (77,11,'spanish','Seguridad','Equipos relacionados con la seguridad'),
 (78,12,'spanish','Munición','Balas, proyectiles y cartuchos'),
 (79,13,'spanish','Protector','Armadura y equipo de protección'),
 (80,14,'spanish','Táctico','Equipo táctico y accesorios'),
 (81,15,'spanish','Accesorios','Accesorios y complementos para armas'),
 (82,16,'spanish','Mantenimiento','Herramientas de limpieza y reparación'),
 (83,17,'spanish','Almacenamiento','Soluciones de almacenamiento'),
 (84,18,'spanish','Comunicación','Radios y herramientas de comunicación'),
 (85,19,'spanish','Supervivencia','Kits y equipo de supervivencia'),
 (86,20,'spanish','Entrenamiento','Herramientas y ayudas de entrenamiento'),
 (87,21,'spanish','Fabricación','Producción de equipos y herramientas'),
 (88,22,'spanish','Personalización','Modificaciones y construcciones personalizadas'),
 (89,23,'spanish','Servicio de Mantenimiento','Servicios de reparación y mantenimiento'),
 (90,24,'spanish','Transporte','Servicios de logística y transporte'),
 (91,25,'spanish','Servicios de Almacenamiento','Servicios de almacenamiento seguro'),
 (92,26,'spanish','Servicios de Entrenamiento','Entrenamiento de habilidades y operaciones'),
 (93,27,'spanish','Protección','Servicios de seguridad y protección'),
 (94,28,'spanish','Consultoría','Asesoramiento experto y planificación'),
 (95,29,'spanish','Investigación','Investigación y desarrollo'),
 (96,30,'spanish','Pruebas','Pruebas de productos y sistemas'),
 (97,31,'spanish','Eliminación','Servicios de eliminación segura'),
 (98,32,'spanish','Vigilancia','Monitoreo y vigilancia'),
 (99,33,'spanish','Contratación','Operaciones basadas en contratos'),
 (100,1,'mandarin','枪械','枪支和远程武器'),
 (101,2,'mandarin','刀刃','刀具、剑及刃器武器'),
 (102,3,'mandarin','钝器','球棒和棍棒等冲击性武器'),
 (103,4,'mandarin','投射物','弓、弩及投掷武器'),
 (104,5,'mandarin','爆炸物','爆炸装置及材料'),
 (105,6,'mandarin','电子设备','电子战工具和设备'),
 (106,7,'mandarin','化学品','化学类工具或制剂'),
 (107,8,'mandarin','生物材料','与生物相关的材料'),
 (108,9,'mandarin','车辆','用于行动的车辆'),
 (109,10,'mandarin','网络','网络安全和黑客工具'),
 (110,11,'mandarin','安保','安保相关设备'),
 (111,12,'mandarin','弹药','子弹、炮弹和弹筒'),
 (112,13,'mandarin','防护装备','盔甲和防护装备'),
 (113,14,'mandarin','战术装备','战术装备和配件'),
 (114,15,'mandarin','附件','武器附件和配件'),
 (115,16,'mandarin','维护','清洁和修理工具'),
 (116,17,'mandarin','存储','存储解决方案'),
 (117,18,'mandarin','通信','无线电和通信工具'),
 (118,19,'mandarin','生存','生存套件和装备'),
 (119,20,'mandarin','训练','训练工具和辅助设备'),
 (120,21,'mandarin','制造','设备和工具的生产'),
 (121,22,'mandarin','定制','定制改装和制造'),
 (122,23,'mandarin','维护服务','维修和保养服务'),
 (123,24,'mandarin','运输','物流和运输服务'),
 (124,25,'mandarin','存储服务','安全存储服务'),
 (125,26,'mandarin','培训服务','技能和作战培训'),
 (126,27,'mandarin','保护','安保和保护服务'),
 (127,28,'mandarin','咨询','专家建议和规划'),
 (128,29,'mandarin','研究','研究和开发'),
 (129,30,'mandarin','测试','产品和系统测试'),
 (130,31,'mandarin','处置','安全处置服务'),
 (131,32,'mandarin','监控','监测和监视'),
 (132,33,'mandarin','承包','基于合同的运营');
INSERT INTO "currencies" ("code","symbol","label","rate_to_php","is_active","updated_at") VALUES ('PHP','₱','PHP (₱)',1.0,1,'2026-04-24 03:34:57'),
 ('USD','$','USD ($)',0.0175,1,'2026-04-24 03:34:57'),
 ('EUR','€','EUR (€)',0.0162,1,'2026-04-24 03:34:57'),
 ('JPY','¥','JPY (JP¥)',2.627,1,'2026-04-14 06:58:41'),
 ('CNY','¥','CNY (CN¥)',0.127,1,'2026-04-14 06:58:41');
INSERT INTO "languages" ("code","label","locale","is_active","sort_order") VALUES ('english','English','en',1,1),
 ('filipino','Filipino','fil',1,2),
 ('japanese','Japanese','ja',1,3),
 ('spanish','Spanish','es',1,4),
 ('mandarin','Mandarin','zh',1,5);
INSERT INTO "subcategories" ("id","category_id","name","slug","icon_file","description") VALUES (1,1,'Handguns','firearms-handguns',NULL,'Semi-automatic pistols and revolvers'),
 (2,1,'Rifles','firearms-rifles',NULL,'Long-barreled shoulder-fired rifles'),
 (3,1,'Shotguns','firearms-shotguns',NULL,'Smoothbore shotguns for various uses'),
 (4,1,'Submachine Guns','firearms-submachine-guns',NULL,'Compact automatic weapons chambered in pistol calibers'),
 (5,1,'Machine Guns','firearms-machine-guns',NULL,'Fully automatic support weapons'),
 (6,1,'Sniper Rifles','firearms-sniper-rifles',NULL,'Precision long-range rifles'),
 (7,1,'Carbines','firearms-carbines',NULL,'Short-barreled rifle variants'),
 (8,1,'Personal Defense Weapons','firearms-pdw',NULL,'Compact high-capacity PDW platforms'),
 (9,2,'Knives','blades-knives',NULL,'Fixed and folding combat knives'),
 (10,2,'Swords','blades-swords',NULL,'Full-length bladed swords'),
 (11,2,'Daggers','blades-daggers',NULL,'Double-edged close-combat daggers'),
 (12,2,'Machetes','blades-machetes',NULL,'Heavy chopping blades'),
 (13,2,'Bayonets','blades-bayonets',NULL,'Rifle-mounted blade attachments'),
 (14,2,'Axes','blades-axes',NULL,'Single and double-bit combat axes'),
 (15,2,'Hatchets','blades-hatchets',NULL,'Short-handled one-handed axes'),
 (16,2,'Combat Spears','blades-combat-spears',NULL,'Thrusting pole weapons with bladed tips'),
 (17,2,'Polearms','blades-polearms',NULL,'Extended reach bladed pole weapons'),
 (18,2,'Throwing Knives','blades-throwing-knives',NULL,'Balanced knives designed for throwing'),
 (19,3,'Batons','blunts-batons',NULL,'Straight and expandable striking batons'),
 (20,3,'Clubs','blunts-clubs',NULL,'Solid impact clubs'),
 (21,3,'Maces','blunts-maces',NULL,'Flanged heavy striking maces'),
 (22,3,'Hammers','blunts-hammers',NULL,'Combat and breaching hammers'),
 (23,3,'Flails','blunts-flails',NULL,'Chain-linked impact weapons'),
 (24,3,'Nunchaku','blunts-nunchaku',NULL,'Double-stick linked impact weapons'),
 (25,3,'Staves','blunts-staves',NULL,'Long wooden or composite striking staves'),
 (26,3,'Saps','blunts-saps',NULL,'Flat leather-wrapped impact weapons'),
 (27,3,'Blackjacks','blunts-blackjacks',NULL,'Small weighted striking tools'),
 (28,4,'Bows','projectile-bows',NULL,'Traditional and compound bows'),
 (29,4,'Crossbows','projectile-crossbows',NULL,'Horizontal-limb bow systems'),
 (30,4,'Slingshots','projectile-slingshots',NULL,'Elastic-band projectile launchers'),
 (31,4,'Spear Launchers','projectile-spear-launchers',NULL,'Mechanical spear propulsion systems'),
 (32,4,'Blowguns','projectile-blowguns',NULL,'Breath-powered dart launchers'),
 (33,4,'Javelin Systems','projectile-javelin-systems',NULL,'Athletic and combat javelin systems'),
 (34,4,'Pneumatic Launchers','projectile-pneumatic-launchers',NULL,'Air-pressure-driven projectile systems'),
 (35,5,'Grenades','explosives-grenades',NULL,'Hand-thrown explosive devices'),
 (36,5,'Bombs','explosives-bombs',NULL,'Aerial and planted explosive devices'),
 (37,5,'Mines','explosives-mines',NULL,'Ground-emplaced explosive devices'),
 (38,5,'Demolition Charges','explosives-demolition-charges',NULL,'Controlled breaching and demolition charges'),
 (39,5,'Rocket Launchers','explosives-rocket-launchers',NULL,'Shoulder-fired rocket weapon systems'),
 (40,5,'Mortars','explosives-mortars',NULL,'Indirect fire mortar systems'),
 (41,5,'Artillery Shells','explosives-artillery-shells',NULL,'Large-caliber artillery projectiles'),
 (42,5,'Breaching Charges','explosives-breaching-charges',NULL,'Door and wall breaching explosive kits'),
 (43,5,'Flash-Bangs','explosives-flash-bangs',NULL,'Disorienting stun grenades'),
 (44,6,'Tasers','electronic-tasers',NULL,'Conducted electrical weapon devices'),
 (45,6,'Stun Guns','electronic-stun-guns',NULL,'Contact-based electrical shock devices'),
 (46,6,'EMP Devices','electronic-emp-devices',NULL,'Electromagnetic pulse generating devices'),
 (47,6,'Jamming Devices','electronic-jamming-devices',NULL,'RF and signal jamming systems'),
 (48,6,'Directed Energy Weapons','electronic-directed-energy-weapons',NULL,'Laser and microwave energy weapons'),
 (49,6,'Sonic Devices','electronic-sonic-devices',NULL,'Acoustic crowd control and weapon systems'),
 (50,6,'Laser Dazzlers','electronic-laser-dazzlers',NULL,'Non-lethal laser disorientation devices'),
 (51,7,'Tear Gas','chemical-tear-gas',NULL,'Lachrymatory agent dispersal systems'),
 (52,7,'Smoke Agents','chemical-smoke-agents',NULL,'Obscurant and signaling smoke compounds'),
 (53,7,'Incendiary Compounds','chemical-incendiary',NULL,'Ignition and fire-based chemical agents'),
 (54,7,'Pepper Sprays','chemical-pepper-sprays',NULL,'OC-based personal defense sprays'),
 (55,7,'Aerosol Dispersants','chemical-aerosol-dispersants',NULL,'Pressurized chemical delivery systems'),
 (56,7,'Riot Control Agents','chemical-riot-control',NULL,'Non-lethal chemical crowd control agents'),
 (57,8,'Delivery Systems','biological-delivery-systems',NULL,'Biological agent dispersal mechanisms'),
 (58,8,'Containment Units','biological-containment-units',NULL,'Secure biological material containment'),
 (59,8,'Detection Equipment','biological-detection-equipment',NULL,'Biological threat identification tools'),
 (60,8,'Neutralization Agents','biological-neutralization-agents',NULL,'Agents used to neutralize biological threats'),
 (61,9,'Armed Vehicles','vehicle-armed',NULL,'Ground combat and armored vehicles'),
 (62,9,'Drones','vehicle-drones',NULL,'Unmanned aerial and ground vehicles'),
 (63,9,'Naval Weapon Systems','vehicle-naval',NULL,'Ship and submarine-mounted weapon platforms'),
 (64,9,'Aerial Weapon Systems','vehicle-aerial',NULL,'Aircraft-mounted weapon systems'),
 (65,9,'Anti-vehicle Weapons','vehicle-anti-vehicle',NULL,'Systems designed to defeat armored targets'),
 (66,10,'Malware Tools','cyber-malware-tools',NULL,'Software designed for system compromise'),
 (67,10,'Exploit Kits','cyber-exploit-kits',NULL,'Packaged vulnerability exploitation tools'),
 (68,10,'Hacking Devices','cyber-hacking-devices',NULL,'Physical hardware for cyber intrusion'),
 (69,10,'Intrusion Systems','cyber-intrusion-systems',NULL,'Network penetration and access tools'),
 (70,10,'Data Exfiltration Tools','cyber-data-exfiltration',NULL,'Tools for unauthorized data extraction'),
 (71,10,'Ransomware Platforms','cyber-ransomware-platforms',NULL,'Malicious encryption and extortion platforms'),
 (72,11,'Access Control Weapons','security-access-control',NULL,'Devices restricting unauthorized entry'),
 (73,11,'Crowd Control Devices','security-crowd-control',NULL,'Non-lethal devices for crowd management'),
 (74,11,'Non-lethal Weapons','security-non-lethal',NULL,'Less-lethal force options'),
 (75,11,'Deterrent Systems','security-deterrent',NULL,'Systems to discourage threats proactively'),
 (76,11,'Restraint Devices','security-restraint',NULL,'Handcuffs, zip ties, and restraint tools'),
 (77,12,'Bullets','ammo-bullets',NULL,'Projectile bullets in various calibers'),
 (78,12,'Shells','ammo-shells',NULL,'Shotgun and artillery shells'),
 (79,12,'Cartridges','ammo-cartridges',NULL,'Complete loaded ammunition cartridges'),
 (80,12,'Energy Cells','ammo-energy-cells',NULL,'Power cells for energy-based weapons'),
 (81,12,'Primers','ammo-primers',NULL,'Ignition components for ammunition'),
 (82,12,'Propellants','ammo-propellants',NULL,'Powder and propellant charges'),
 (83,12,'Specialty Rounds','ammo-specialty-rounds',NULL,'Non-standard and mission-specific rounds'),
 (84,12,'Caseless Ammunition','ammo-caseless',NULL,'Ammunition without traditional brass casing'),
 (85,13,'Helmets','protective-helmets',NULL,'Ballistic and tactical head protection'),
 (86,13,'Body Armor','protective-body-armor',NULL,'Soft and hard plate armor systems'),
 (87,13,'Shields','protective-shields',NULL,'Ballistic and riot shields'),
 (88,13,'Protective Suits','protective-suits',NULL,'Full-body hazardous environment suits'),
 (89,13,'Ballistic Glasses','protective-ballistic-glasses',NULL,'Eye protection rated for ballistic impact'),
 (90,13,'Hearing Protection','protective-hearing',NULL,'Ear protection for noise and blast'),
 (91,13,'Gas Masks','protective-gas-masks',NULL,'Respiratory protection from chemical agents'),
 (92,13,'Blast-resistant Gear','protective-blast-resistant',NULL,'Gear designed to absorb explosive force'),
 (93,14,'Load-bearing Gear','tactical-load-bearing',NULL,'Vests and harnesses for carrying gear'),
 (94,14,'Holsters','tactical-holsters',NULL,'Firearm retention and carry holsters'),
 (95,14,'Utility Belts','tactical-utility-belts',NULL,'Modular mission belts with attachment points'),
 (96,14,'Field Kits','tactical-field-kits',NULL,'Mission-ready packaged tool sets'),
 (97,14,'Chest Rigs','tactical-chest-rigs',NULL,'Front-mounted magazine and gear rigs'),
 (98,14,'Plate Carriers','tactical-plate-carriers',NULL,'Carriers for hard armor plates'),
 (99,14,'Drop Leg Platforms','tactical-drop-leg',NULL,'Thigh-mounted accessory platforms'),
 (100,14,'Modular Pouches','tactical-modular-pouches',NULL,'MOLLE-compatible utility pouches'),
 (101,15,'Suppressors','attachments-suppressors',NULL,'Sound-reducing muzzle devices'),
 (102,15,'Grips','attachments-grips',NULL,'Pistol and vertical foregrips'),
 (103,15,'Laser Sights','attachments-laser-sights',NULL,'Visible and IR laser aiming devices'),
 (104,15,'Foregrips','attachments-foregrips',NULL,'Fore-mounted stabilization grips'),
 (105,15,'Bipods','attachments-bipods',NULL,'Two-legged weapon support systems'),
 (106,15,'Muzzle Brakes','attachments-muzzle-brakes',NULL,'Recoil-reducing muzzle devices'),
 (107,15,'Flashlights','attachments-flashlights',NULL,'Weapon-mounted illumination devices'),
 (108,15,'Bayonet Mounts','attachments-bayonet-mounts',NULL,'Mounts for attaching bayonets to rifles'),
 (109,16,'Cleaning Kits','maint-cleaning-kits',NULL,'Complete firearm and weapon cleaning kits'),
 (110,16,'Repair Tools','maint-repair-tools',NULL,'Tools for field and depot-level repairs'),
 (111,16,'Lubricants','maint-lubricants',NULL,'Oils and greases for weapon maintenance'),
 (112,16,'Bore Snakes','maint-bore-snakes',NULL,'Pull-through barrel cleaning devices'),
 (113,16,'Armorer Tools','maint-armorer-tools',NULL,'Specialized gunsmithing and armorer tools'),
 (114,16,'Parts Kits','maint-parts-kits',NULL,'Spare parts and components kits'),
 (115,16,'Solvent Traps','maint-solvent-traps',NULL,'Cleaning solvent capture devices'),
 (116,17,'Safes','storage-safes',NULL,'Lockable weapon and valuables safes'),
 (117,17,'Cases','storage-cases',NULL,'Hard and soft carry cases'),
 (118,17,'Lockers','storage-lockers',NULL,'Multi-unit weapon storage lockers'),
 (119,17,'Ammunition Cans','storage-ammo-cans',NULL,'Sealed metal ammunition storage cans'),
 (120,17,'Weapon Racks','storage-weapon-racks',NULL,'Wall and floor-mounted weapon racks'),
 (121,17,'Concealment Furniture','storage-concealment-furniture',NULL,'Furniture with hidden weapon compartments'),
 (122,17,'Transport Containers','storage-transport-containers',NULL,'Heavy-duty containers for field transport'),
 (123,18,'Radios','comm-radios',NULL,'Tactical and handheld radio units'),
 (124,18,'Signal Devices','comm-signal-devices',NULL,'Visual and electronic signaling tools'),
 (125,18,'Encryption Units','comm-encryption-units',NULL,'Hardware encryption communication devices'),
 (126,18,'Earpieces','comm-earpieces',NULL,'Covert and tactical audio earpieces'),
 (127,18,'Tactical Headsets','comm-tactical-headsets',NULL,'Hearing protection with integrated comms'),
 (128,18,'Satellite Communicators','comm-satellite',NULL,'Satellite-based communication devices'),
 (129,18,'Covert Devices','comm-covert-devices',NULL,'Hidden and undercover communication tools'),
 (130,19,'First Aid Kits','survival-first-aid',NULL,'Medical trauma and first aid kits'),
 (131,19,'Rations','survival-rations',NULL,'Field rations and emergency food supplies'),
 (132,19,'Water Purification','survival-water-purification',NULL,'Water filtration and purification systems'),
 (133,19,'Navigation Tools','survival-navigation',NULL,'Compasses, GPS, and map tools'),
 (134,19,'Emergency Shelters','survival-shelters',NULL,'Compact emergency bivouac shelters'),
 (135,19,'Fire Starters','survival-fire-starters',NULL,'Lighters, strikers, and fire-starting kits'),
 (136,19,'Multi-tools','survival-multi-tools',NULL,'Compact multi-function survival tools'),
 (137,19,'Tourniquets','survival-tourniquets',NULL,'Limb hemorrhage control tourniquets'),
 (138,20,'Simulators','training-simulators',NULL,'Electronic and mechanical weapon simulators'),
 (139,20,'Dummy Equipment','training-dummy-equipment',NULL,'Inert replica training weapons and gear'),
 (140,20,'Targets','training-targets',NULL,'Paper, steel, and reactive shooting targets'),
 (141,20,'Training Manuals','training-manuals',NULL,'Instructional documentation and field manuals'),
 (142,20,'Blue Guns','training-blue-guns',NULL,'Solid plastic firearm replicas for training'),
 (143,20,'Force-on-Force Gear','training-force-on-force',NULL,'Marking cartridge and protective training gear'),
 (144,20,'Recoil Trainers','training-recoil-trainers',NULL,'Devices simulating firearm recoil for drills'),
 (145,21,'Mass Production','mfg-mass-production',NULL,'Large-scale standardized manufacturing runs'),
 (146,21,'Custom Fabrication','mfg-custom-fabrication',NULL,'Bespoke single or low-volume fabrication'),
 (147,21,'Prototyping','mfg-prototyping',NULL,'Rapid prototype development and testing'),
 (148,21,'OEM Production','mfg-oem-production',NULL,'Original equipment manufacturer production'),
 (149,21,'Contract Manufacturing','mfg-contract',NULL,'Third-party contract production services'),
 (150,21,'Component Supply','mfg-component-supply',NULL,'Supply of individual parts and components'),
 (151,22,'Weapon Modding','custom-weapon-modding',NULL,'Modification of weapons for performance or aesthetics'),
 (152,22,'Gear Personalization','custom-gear-personal',NULL,'Custom colors, patches, and insignia on gear'),
 (153,22,'Engraving','custom-engraving',NULL,'Laser and hand engraving on metal surfaces'),
 (154,22,'Cerakoting','custom-cerakoting',NULL,'Ceramic polymer coating for corrosion resistance'),
 (155,22,'Stock Fitting','custom-stock-fitting',NULL,'Custom fitting of rifle stocks to shooter'),
 (156,22,'Trigger Jobs','custom-trigger-jobs',NULL,'Trigger pull and reset tuning services'),
 (157,23,'Repair Services','svc-repair',NULL,'Field and depot weapon repair services'),
 (158,23,'Inspection','svc-inspection',NULL,'Safety and function inspection services'),
 (159,23,'Refurbishment','svc-refurbishment',NULL,'Full weapon and equipment refurbishment'),
 (160,23,'Preventive Maintenance','svc-preventive-maint',NULL,'Scheduled maintenance to prevent failure'),
 (161,23,'Depot-level Overhaul','svc-depot-overhaul',NULL,'Complete depot-level rebuild and overhaul'),
 (162,23,'Parts Replacement','svc-parts-replacement',NULL,'Replacement of worn or damaged components'),
 (163,24,'Secure Logistics','transport-secure-logistics',NULL,'End-to-end secure cargo logistics'),
 (164,24,'International Shipping','transport-intl-shipping',NULL,'Cross-border international freight services'),
 (165,24,'Escort Services','transport-escort',NULL,'Armed escort for high-value cargo'),
 (166,24,'Armored Courier','transport-armored-courier',NULL,'Armored vehicle courier delivery'),
 (167,24,'Cold Chain Transport','transport-cold-chain',NULL,'Temperature-controlled sensitive cargo transport'),
 (168,24,'Cross-border Brokerage','transport-brokerage',NULL,'Customs brokerage for cross-border shipments'),
 (169,25,'Secure Warehousing','stgsvc-warehousing',NULL,'Guarded and monitored warehouse storage'),
 (170,25,'Vault Services','stgsvc-vault',NULL,'High-security vault storage solutions'),
 (171,25,'Inventory Management','stgsvc-inventory',NULL,'Stock tracking and inventory control'),
 (172,25,'Climate-controlled Storage','stgsvc-climate',NULL,'Temperature and humidity regulated storage'),
 (173,25,'Evidence Storage','stgsvc-evidence',NULL,'Chain-of-custody evidence storage'),
 (174,25,'Bonded Warehousing','stgsvc-bonded',NULL,'Customs bonded warehouse services'),
 (175,26,'Tactical Training','trnsvc-tactical',NULL,'Live and simulated tactical operations training'),
 (176,26,'Safety Training','trnsvc-safety',NULL,'Weapon handling and safety certification'),
 (177,26,'Technical Training','trnsvc-technical',NULL,'Equipment operation and maintenance training'),
 (178,26,'Marksmanship Courses','trnsvc-marksmanship',NULL,'Precision shooting and marksmanship programs'),
 (179,26,'Force-on-Force Exercises','trnsvc-force-on-force',NULL,'Scenario-based live contact training exercises'),
 (180,26,'Simulator Programs','trnsvc-simulator-programs',NULL,'Virtual and electronic training simulator programs'),
 (181,27,'Personal Security','prot-personal',NULL,'Individual close protection services'),
 (182,27,'Facility Security','prot-facility',NULL,'Perimeter and on-site security services'),
 (183,27,'Escort Protection','prot-escort',NULL,'Armed protective escort services'),
 (184,27,'Executive Protection','prot-executive',NULL,'High-profile individual security detail'),
 (185,27,'Maritime Security','prot-maritime',NULL,'Naval vessel and port security services'),
 (186,27,'Event Security','prot-event',NULL,'Security management for large-scale events'),
 (187,28,'Risk Assessment','consult-risk',NULL,'Identification and analysis of security risks'),
 (188,28,'Security Planning','consult-security-plan',NULL,'Strategic security framework development'),
 (189,28,'Compliance Advisory','consult-compliance',NULL,'Regulatory compliance guidance services'),
 (190,28,'Threat Analysis','consult-threat',NULL,'Intelligence-based threat evaluation'),
 (191,28,'Regulatory Consulting','consult-regulatory',NULL,'Government regulation navigation support'),
 (192,28,'Vulnerability Audits','consult-vulnerability',NULL,'Technical and procedural security audits'),
 (193,29,'Product Development','research-product-dev',NULL,'New product ideation and development'),
 (194,29,'Field Research','research-field',NULL,'Operational environment field studies'),
 (195,29,'Technology Innovation','research-tech',NULL,'Emerging technology research programs'),
 (196,29,'Ballistics Research','research-ballistics',NULL,'Projectile and terminal ballistics studies'),
 (197,29,'Materials Science','research-materials',NULL,'Advanced materials for weapons and armor'),
 (198,29,'Weapons Systems R&D','research-weapons-rnd',NULL,'Integrated weapon system research and development'),
 (199,30,'Performance Testing','test-performance',NULL,'Functional and operational performance evaluation'),
 (200,30,'Safety Testing','test-safety',NULL,'Safety certification and hazard assessment'),
 (201,30,'Certification','test-certification',NULL,'Third-party product certification services'),
 (202,30,'Ballistic Testing','test-ballistic',NULL,'Projectile penetration and impact testing'),
 (203,30,'Environmental Testing','test-environmental',NULL,'Testing under extreme environmental conditions'),
 (204,30,'Proof Testing','test-proof',NULL,'Structural integrity and proof load testing'),
 (205,31,'Decommissioning','disposal-decommission',NULL,'Safe retirement of weapons and systems'),
 (206,31,'Hazardous Disposal','disposal-hazardous',NULL,'Certified hazardous material disposal'),
 (207,31,'Recycling','disposal-recycling',NULL,'Material recovery and recycling services'),
 (208,31,'Demilitarization','disposal-demil',NULL,'Rendering weapons permanently inert'),
 (209,31,'Ammunition Destruction','disposal-ammo-destroy',NULL,'Controlled destruction of ammunition stocks'),
 (210,31,'EOD Services','disposal-eod',NULL,'Explosive ordnance disposal services'),
 (211,32,'Monitoring Services','surv-monitoring',NULL,'Continuous facility and area monitoring'),
 (212,32,'Reconnaissance','surv-recon',NULL,'Ground and aerial reconnaissance operations'),
 (213,32,'Intelligence Gathering','surv-intelligence',NULL,'Collection and analysis of field intelligence'),
 (214,32,'Aerial Surveillance','surv-aerial',NULL,'Drone and aircraft-based surveillance'),
 (215,32,'Counter-surveillance','surv-counter',NULL,'Detection and defeat of surveillance efforts'),
 (216,32,'SIGINT Services','surv-sigint',NULL,'Signals intelligence collection and analysis'),
 (217,33,'Private Contracts','contract-private',NULL,'Commercial private sector contracts'),
 (218,33,'Government Contracts','contract-government',NULL,'Government and state agency contracts'),
 (219,33,'Defense Contracts','contract-defense',NULL,'Military and defense procurement contracts'),
 (220,33,'Subcontracting','contract-sub',NULL,'Subcontracted work under primary contracts'),
 (221,33,'Joint Venture Agreements','contract-jv',NULL,'Collaborative joint venture contract structures'),
 (222,33,'Grant Procurement','contract-grant',NULL,'Acquisition of grants and funding awards');
INSERT INTO "subcategory_translations" ("id","subcategory_id","lang_code","name","description") VALUES (1,1,'filipino','Mga Handgun','Mga semi-awtomatikong pistola at rebolber'),
 (2,2,'filipino','Mga Riple','Mahahabang riple na pinapaputok mula sa balikat'),
 (3,3,'filipino','Mga Shotgun','Mga shotgun na smoothbore para sa iba’t ibang gamit'),
 (4,4,'filipino','Mga Submachine Gun','Mga kompaktong awtomatikong armas na gumagamit ng pistol na bala'),
 (5,5,'filipino','Mga Machine Gun','Ganap na awtomatikong suportang armas'),
 (6,6,'filipino','Mga Sniper Rifle','Mga ripleng pangmatagalan at mataas ang katumpakan'),
 (7,7,'filipino','Mga Karbin','Mas maiikling bersyon ng riple'),
 (8,8,'filipino','Personal na Sandata para sa Depensa','Mga kompaktong armas na may mataas na kapasidad para sa personal na depensa'),
 (9,9,'filipino','Mga Kutsilyo','Mga fixed at natitiklop na kutsilyong panlaban'),
 (10,10,'filipino','Mga Espada','Mahahabang talim na espada'),
 (11,11,'filipino','Mga Punyal','Mga dobleng talim na punyal para sa malapitan'),
 (12,12,'filipino','Mga Itak','Mabibigat na talim para sa pagputol'),
 (13,13,'filipino','Mga Bayoneta','Mga talim na ikinakabit sa riple'),
 (14,14,'filipino','Mga Palakol','Mga palakol na panglaban'),
 (15,15,'filipino','Mga Maliit na Palakol','Maiikling hawakang palakol na isang kamay'),
 (16,16,'filipino','Mga Sibat na Panlaban','Mahahabang sandatang pantusok na may talim'),
 (17,17,'filipino','Mga Sandatang May Mahabang Hawakan','Mahahabang sandatang may talim'),
 (18,18,'filipino','Mga Itinatapong Kutsilyo','Mga kutsilyong balanse para ihagis'),
 (19,19,'filipino','Mga Baton','Mga tuwid at napapalawak na baton'),
 (20,20,'filipino','Mga Pamalo','Matitibay na pamalong panghampas'),
 (21,21,'filipino','Mga Mace','Mabibigat na sandatang pamukpok'),
 (22,22,'filipino','Mga Martilyo','Mga martilyong panlaban at pambasag'),
 (23,23,'filipino','Mga Flail','Mga sandatang may kadena at pamukpok'),
 (24,24,'filipino','Mga Nunchaku','Dalawang pamalong magkadugtong'),
 (25,25,'filipino','Mga Baston','Mahahabang pamalong panlaban'),
 (26,26,'filipino','Mga Sap','Mga patag na pamalong may balat'),
 (27,27,'filipino','Mga Blackjack','Maliliit na may bigat na pamukpok'),
 (28,28,'filipino','Mga Busog','Tradisyonal at modernong busog'),
 (29,29,'filipino','Mga Crossbow','Mga busog na pahalang ang disenyo'),
 (30,30,'filipino','Mga Tirador','Mga tirador na may goma'),
 (31,31,'filipino','Mga Tagapaglunsad ng Sibat','Mga mekanismong nagpapalipad ng sibat'),
 (32,32,'filipino','Mga Blowgun','Mga tubong hinihipan para magpalipad ng dart'),
 (33,33,'filipino','Mga Sistemang Javelin','Mga sistemang panghagis ng sibat'),
 (34,34,'filipino','Mga Pneumatic Launcher','Mga sistemang gumagamit ng presyon ng hangin'),
 (35,35,'filipino','Mga Granada','Mga pampasabog na inihahagis ng kamay'),
 (36,36,'filipino','Mga Bomba','Mga pampasabog na inilalagay o ibinabagsak'),
 (37,37,'filipino','Mga Mina','Mga pampasabog na inilalagay sa lupa'),
 (38,38,'filipino','Mga Demolisyon na Karga','Mga kontroladong pampasabog para sa pagwasak'),
 (39,39,'filipino','Mga Rocket Launcher','Mga sandatang nagpapaputok ng rocket mula sa balikat'),
 (40,40,'filipino','Mga Mortar','Mga sistemang mortar na indirect fire'),
 (41,41,'filipino','Mga Bala ng Artilyeriya','Malalaking kalibreng bala ng artilyeriya'),
 (42,42,'filipino','Mga Breaching Charge','Mga pampasabog para sa pagpasok sa pinto o pader'),
 (43,43,'filipino','Mga Flashbang','Mga granadang nakakasilaw at nakakalito'),
 (44,44,'filipino','Mga Taser','Mga kagamitang nagbibigay ng kuryente sa target'),
 (45,45,'filipino','Mga Stun Gun','Mga aparatong nagbibigay ng shock sa kontak'),
 (46,46,'filipino','Mga EMP Device','Mga aparatong lumilikha ng electromagnetic pulse'),
 (47,47,'filipino','Mga Jammer','Mga aparatong humaharang sa signal'),
 (48,48,'filipino','Mga Directed Energy Weapon','Mga sandatang gumagamit ng enerhiya tulad ng laser'),
 (49,49,'filipino','Mga Sonic Device','Mga aparatong gumagamit ng tunog bilang sandata'),
 (50,50,'filipino','Mga Laser Dazzler','Mga laser na ginagamit para makasilaw'),
 (51,51,'filipino','Luhaang Gas','Mga sistemang nagpapalabas ng gas na nagpapaluha'),
 (52,52,'filipino','Usok na Ahente','Mga kemikal na lumilikha ng usok'),
 (53,53,'filipino','Mga Nasusunog na Kemikal','Mga kemikal na nagdudulot ng apoy'),
 (54,54,'filipino','Pepper Spray','Mga spray para sa personal na depensa'),
 (55,55,'filipino','Aerosol Dispersant','Mga sistemang nagpapakalat ng kemikal'),
 (56,56,'filipino','Ahente sa Kontrol ng Kaguluhan','Mga kemikal para sa crowd control'),
 (57,57,'filipino','Mga Sistema ng Pagpapakalat','Mga paraan ng pagkalat ng biological agent'),
 (58,58,'filipino','Mga Lalagyan ng Kontainment','Mga ligtas na lalagyan ng biological na materyal'),
 (59,59,'filipino','Mga Kagamitan sa Deteksyon','Mga gamit sa pagtukoy ng biological na banta'),
 (60,60,'filipino','Mga Ahente ng Neutralisasyon','Mga ahenteng nagne-neutralize ng banta'),
 (61,61,'filipino','Mga Sasakyang Armado','Mga sasakyang panglaban'),
 (62,62,'filipino','Mga Drone','Mga sasakyang walang piloto'),
 (63,63,'filipino','Mga Sistemang Naval','Mga sandatang nakakabit sa barko'),
 (64,64,'filipino','Mga Sistemang Panghimpapawid','Mga sandatang nakakabit sa eroplano'),
 (65,65,'filipino','Mga Sandata Laban sa Sasakyan','Mga sistemang laban sa armored na target'),
 (66,66,'filipino','Mga Malware Tool','Software para sa pagkompromiso ng sistema'),
 (67,67,'filipino','Mga Exploit Kit','Mga paketeng gamit sa pag-atake ng kahinaan'),
 (68,68,'filipino','Mga Hacking Device','Mga hardware para sa cyber intrusion'),
 (69,69,'filipino','Mga Intrusion System','Mga kasangkapan sa pagpasok sa network'),
 (70,70,'filipino','Mga Tool sa Pagkuha ng Data','Mga kasangkapan sa ilegal na pagkuha ng data'),
 (71,71,'filipino','Mga Ransomware Platform','Mga sistemang pang-extort gamit ang encryption'),
 (72,72,'filipino','Mga Kagamitang Kontrol sa Access','Mga aparatong pumipigil sa di-awtorisadong pagpasok'),
 (73,73,'filipino','Mga Kagamitang Pangkontrol ng Tao','Mga aparatong para sa crowd control'),
 (74,74,'filipino','Mga Hindi Nakamamatay na Sandata','Mga sandatang hindi nakamamatay'),
 (75,75,'filipino','Mga Sistemang Pampigil','Mga sistemang nag-iwas ng banta'),
 (76,76,'filipino','Mga Kagamitang Pangpigil','Mga posas at iba pang restraining tools'),
 (77,77,'filipino','Mga Bala','Mga projectile na bala sa iba’t ibang kalibre'),
 (78,78,'filipino','Mga Shell','Mga bala para sa shotgun at artilyeriya'),
 (79,79,'filipino','Mga Kartutso','Kumpletong bala na handa nang gamitin'),
 (80,80,'filipino','Mga Energy Cell','Mga pinanggagalingan ng enerhiya para sa sandata'),
 (81,81,'filipino','Mga Primer','Mga sangkap para sa pagsindi ng bala'),
 (82,82,'filipino','Mga Propellant','Mga pulbura at pampasabog na nagtutulak ng bala'),
 (83,83,'filipino','Mga Espesyal na Bala','Mga di-karaniwang bala para sa espesyal na gamit'),
 (84,84,'filipino','Walang Kasing Bala','Mga bala na walang tradisyunal na casing'),
 (85,85,'filipino','Mga Helmet','Proteksiyon sa ulo laban sa bala at impact'),
 (86,86,'filipino','Body Armor','Mga baluting pangkatawan'),
 (87,87,'filipino','Mga Kalasag','Mga kalasag laban sa bala at kaguluhan'),
 (88,88,'filipino','Mga Protective Suit','Mga kasuotang pang-proteksiyon sa buong katawan'),
 (89,89,'filipino','Mga Salaming Balistiko','Proteksiyon sa mata laban sa impact'),
 (90,90,'filipino','Proteksiyon sa Pandinig','Proteksiyon sa ingay at pagsabog'),
 (91,91,'filipino','Mga Gas Mask','Proteksiyon sa paghinga laban sa kemikal'),
 (92,92,'filipino','Mga Kagamitang Laban sa Pagsabog','Kagamitan laban sa lakas ng pagsabog'),
 (93,93,'filipino','Mga Kagamitang Pangdala','Mga vest at harness para sa kagamitan'),
 (94,94,'filipino','Mga Holster','Lalagyan ng baril para sa pagdala'),
 (95,95,'filipino','Mga Utility Belt','Mga sinturong may lagayan ng kagamitan'),
 (96,96,'filipino','Mga Field Kit','Mga set ng gamit na handa sa misyon'),
 (97,97,'filipino','Mga Chest Rig','Mga gear na suot sa dibdib'),
 (98,98,'filipino','Mga Plate Carrier','Mga lalagyan ng armor plate'),
 (99,99,'filipino','Mga Drop Leg Platform','Mga kagamitang nakakabit sa hita'),
 (100,100,'filipino','Mga Modular Pouch','Mga pouch na maaaring ikabit sa iba’t ibang gear'),
 (101,101,'filipino','Mga Suppressor','Mga aparatong nagpapahina ng tunog ng putok'),
 (102,102,'filipino','Mga Grip','Mga hawakan para sa mas magandang kontrol'),
 (103,103,'filipino','Mga Laser Sight','Mga laser para sa pagtutok'),
 (104,104,'filipino','Mga Foregrip','Mga hawakan sa harap ng sandata'),
 (105,105,'filipino','Mga Bipod','Mga dalawang paa na suporta'),
 (106,106,'filipino','Mga Muzzle Brake','Mga aparatong nagpapabawas ng recoil'),
 (107,107,'filipino','Mga Flashlight','Mga ilaw na nakakabit sa sandata'),
 (108,108,'filipino','Mga Mount ng Bayoneta','Mga kabitan ng bayoneta'),
 (109,109,'filipino','Mga Cleaning Kit','Mga kumpletong panlinis ng sandata'),
 (110,110,'filipino','Mga Kasangkapan sa Pag-ayos','Mga gamit para sa pagkukumpuni'),
 (111,111,'filipino','Mga Lubricant','Mga langis at grasa para sa maintenance'),
 (112,112,'filipino','Mga Bore Snake','Mga panlinis ng loob ng baril'),
 (113,113,'filipino','Mga Armorer Tool','Mga espesyal na kasangkapan ng gunsmith'),
 (114,114,'filipino','Mga Parts Kit','Mga ekstrang piyesa'),
 (115,115,'filipino','Mga Solvent Trap','Mga lalagyan ng panlinis na kemikal'),
 (116,116,'filipino','Mga Safe','Mga lalagyang may kandado para sa sandata'),
 (117,117,'filipino','Mga Case','Mga lalagyan na matigas o malambot'),
 (118,118,'filipino','Mga Locker','Mga imbakan ng maraming sandata'),
 (119,119,'filipino','Mga Lalagyan ng Bala','Mga metal na lalagyan ng bala'),
 (120,120,'filipino','Mga Rack ng Sandata','Mga patungan ng sandata'),
 (121,121,'filipino','Mga Muwebles na may Taguan','Mga muwebles na may lihim na lagayan'),
 (122,122,'filipino','Mga Lalagyan sa Transportasyon','Mga matitibay na lalagyan sa biyahe'),
 (123,123,'filipino','Mga Radyo','Mga handheld at tactical na radyo'),
 (124,124,'filipino','Mga Signal Device','Mga gamit sa pagbibigay ng signal'),
 (125,125,'filipino','Mga Encryption Unit','Mga aparatong nag-eencrypt ng komunikasyon'),
 (126,126,'filipino','Mga Earpiece','Mga maliit na audio device'),
 (127,127,'filipino','Mga Tactical Headset','Headset na may komunikasyon'),
 (128,128,'filipino','Mga Satellite Communicator','Mga aparatong gumagamit ng satellite'),
 (129,129,'filipino','Mga Lihim na Device','Mga tagong kagamitan sa komunikasyon'),
 (130,130,'filipino','Mga First Aid Kit','Mga gamit pangunang lunas'),
 (131,131,'filipino','Mga Rasyon','Pagkain para sa emerhensiya'),
 (132,132,'filipino','Paglilinis ng Tubig','Mga sistema ng purification ng tubig'),
 (133,133,'filipino','Mga Kagamitang Pang-nabigasyon','Mga kompas at GPS'),
 (134,134,'filipino','Mga Emergency Shelter','Mga pansamantalang tirahan'),
 (135,135,'filipino','Mga Panggatong ng Apoy','Mga gamit sa pagsindi ng apoy'),
 (136,136,'filipino','Mga Multi-tool','Mga kasangkapang maraming gamit'),
 (137,137,'filipino','Mga Tourniquet','Mga gamit sa pagpigil ng pagdurugo'),
 (138,138,'filipino','Mga Simulator','Mga aparatong pang-ensayo'),
 (139,139,'filipino','Mga Dummy Equipment','Mga replika para sa pagsasanay'),
 (140,140,'filipino','Mga Target','Mga target sa pagbaril'),
 (141,141,'filipino','Mga Manual sa Pagsasanay','Mga gabay at dokumento'),
 (142,142,'filipino','Mga Blue Gun','Mga plastik na replika ng baril'),
 (143,143,'filipino','Mga Force-on-Force Gear','Mga gear para sa simulated combat'),
 (144,144,'filipino','Mga Recoil Trainer','Mga aparatong ginagaya ang recoil'),
 (145,145,'filipino','Mass Production','Malakihang produksyon'),
 (146,146,'filipino','Custom Fabrication','Pasadyang paggawa'),
 (147,147,'filipino','Prototyping','Pagbuo ng prototype'),
 (148,148,'filipino','OEM Production','Produksyon ng OEM'),
 (149,149,'filipino','Contract Manufacturing','Produksyon sa kontrata'),
 (150,150,'filipino','Supply ng Piyesa','Pagbibigay ng mga bahagi'),
 (151,151,'filipino','Pagmo-mod ng Sandata','Pagbabago ng sandata'),
 (152,152,'filipino','Personal na Pag-aayos ng Gear','Pag-customize ng kagamitan'),
 (153,153,'filipino','Pag-ukit','Pag-engrave sa metal'),
 (154,154,'filipino','Cerakoting','Patong laban sa kalawang'),
 (155,155,'filipino','Pag-aayos ng Stock','Pag-fit ng rifle stock'),
 (156,156,'filipino','Trigger Adjustment','Pag-tune ng trigger'),
 (157,157,'filipino','Serbisyo sa Pagkukumpuni','Pag-aayos ng sandata'),
 (158,158,'filipino','Inspeksyon','Pagsusuri ng kaligtasan'),
 (159,159,'filipino','Refurbishment','Pagpapanibago ng kagamitan'),
 (160,160,'filipino','Preventive Maintenance','Regular na maintenance'),
 (161,161,'filipino','Overhaul','Kumpletong pag-rebuild'),
 (162,162,'filipino','Pagpapalit ng Piyesa','Pagpapalit ng sirang bahagi'),
 (163,163,'filipino','Ligtas na Logistics','Seguradong transportasyon ng kargamento'),
 (164,164,'filipino','Internasyonal na Pagpapadala','Pagpapadala sa ibang bansa'),
 (165,165,'filipino','Serbisyong Escort','May kasamang proteksiyon'),
 (166,166,'filipino','Armored Courier','Courier na may armored vehicle'),
 (167,167,'filipino','Cold Chain Transport','Transport na may kontrol sa temperatura'),
 (168,168,'filipino','Brokerage sa Hangganan','Serbisyo sa customs'),
 (169,169,'filipino','Secure Warehousing','Ligtas na imbakan'),
 (170,170,'filipino','Vault Services','Imbakan sa high-security vault'),
 (171,171,'filipino','Pamamahala ng Imbentaryo','Pagsubaybay ng stock'),
 (172,172,'filipino','Climate-controlled Storage','Imbakan na kontrolado ang klima'),
 (173,173,'filipino','Imbakan ng Ebidensya','Ligtas na imbakan ng ebidensya'),
 (174,174,'filipino','Bonded Warehousing','Customs bonded na imbakan'),
 (175,175,'filipino','Pagsasanay na Tactical','Pagsasanay sa operasyon'),
 (176,176,'filipino','Pagsasanay sa Kaligtasan','Training sa tamang paggamit'),
 (177,177,'filipino','Teknikal na Pagsasanay','Pagsasanay sa kagamitan'),
 (178,178,'filipino','Mga Kurso sa Marksmanship','Pagsasanay sa pagbaril'),
 (179,179,'filipino','Force-on-Force na Pagsasanay','Live scenario training'),
 (180,180,'filipino','Mga Programang Simulator','Virtual training'),
 (181,181,'filipino','Personal na Seguridad','Proteksiyon sa indibidwal'),
 (182,182,'filipino','Seguridad ng Pasilidad','Proteksiyon sa lugar'),
 (183,183,'filipino','Escort Protection','Proteksiyon habang naglalakbay'),
 (184,184,'filipino','Executive Protection','Proteksiyon sa VIP'),
 (185,185,'filipino','Seguridad sa Dagat','Proteksiyon sa barko'),
 (186,186,'filipino','Seguridad sa Kaganapan','Seguridad sa events'),
 (187,187,'filipino','Pagtatasa ng Panganib','Pagkilala at pagsusuri ng mga panganib sa seguridad'),
 (188,188,'filipino','Pagpaplano ng Seguridad','Pagbuo ng estratehikong balangkas ng seguridad'),
 (189,189,'filipino','Payo sa Pagsunod','Serbisyong gabay sa pagsunod sa regulasyon'),
 (190,190,'filipino','Pagsusuri ng Banta','Pagtataya ng banta batay sa intelihensiya'),
 (191,191,'filipino','Konsultasyong Regulasyon','Tulong sa pag-navigate ng mga regulasyon ng pamahalaan'),
 (192,192,'filipino','Audit sa Kahinaan','Teknikal at operasyonal na pagsusuri ng kahinaan'),
 (193,193,'filipino','Pagpapaunlad ng Produkto','Pagbuo at pagdisenyo ng mga bagong produkto'),
 (194,194,'filipino','Pananaliksik sa Larangan','Pag-aaral sa aktwal na kapaligiran ng operasyon'),
 (195,195,'filipino','Inobasyon sa Teknolohiya','Pananaliksik sa mga umuusbong na teknolohiya'),
 (196,196,'filipino','Pananaliksik sa Balistika','Pag-aaral ng galaw at epekto ng projectile'),
 (197,197,'filipino','Agham ng Materyales','Pag-aaral ng mga advanced na materyales'),
 (198,198,'filipino','R&D ng Sistemang Sandata','Pananaliksik at pagbuo ng integrated weapon systems'),
 (199,199,'filipino','Pagsubok sa Pagganap','Pagsusuri ng operasyon at performance'),
 (200,200,'filipino','Pagsubok sa Kaligtasan','Pagsusuri ng panganib at sertipikasyon ng kaligtasan'),
 (201,201,'filipino','Sertipikasyon','Serbisyo ng third-party na sertipikasyon'),
 (202,202,'filipino','Pagsubok sa Balistika','Pagsubok sa penetration at impact ng bala'),
 (203,203,'filipino','Pagsubok sa Kapaligiran','Pagsubok sa matitinding kondisyon ng kapaligiran'),
 (204,204,'filipino','Proof Testing','Pagsubok sa tibay at kapasidad ng istruktura'),
 (205,205,'filipino','Pag-decommission','Ligtas na pagretiro ng mga sandata at sistema'),
 (206,206,'filipino','Pagtatapon ng Mapanganib na Materyal','Sertipikadong pagtatapon ng hazardous materials'),
 (207,207,'filipino','Pagre-recycle','Pagbawi at muling paggamit ng materyales'),
 (208,208,'filipino','Demilitarisasyon','Pag-aalis ng kakayahang gamitin ng sandata'),
 (209,209,'filipino','Pagwasak ng Bala','Kontroladong pagsira ng mga bala'),
 (210,210,'filipino','Serbisyo ng EOD','Pagtanggal at pag-dispose ng pampasabog'),
 (211,211,'filipino','Serbisyo sa Pagsubaybay','Patuloy na pagmamanman ng lugar'),
 (212,212,'filipino','Reconnaissance','Operasyon ng pagmamanman sa lupa at himpapawid'),
 (213,213,'filipino','Pagkolekta ng Intelihensiya','Pagtipon at pagsusuri ng impormasyon'),
 (214,214,'filipino','Aerial Surveillance','Pagsubaybay gamit ang drone o eroplano'),
 (215,215,'filipino','Kontra-Pagsubaybay','Pag-detect at paghadlang sa surveillance'),
 (216,216,'filipino','Serbisyo ng SIGINT','Pagkolekta at pagsusuri ng signal intelligence'),
 (217,217,'filipino','Pribadong Kontrata','Mga kontrata sa pribadong sektor'),
 (218,218,'filipino','Kontrata ng Pamahalaan','Mga kontrata ng gobyerno'),
 (219,219,'filipino','Kontrata sa Depensa','Mga kontrata para sa militar at depensa'),
 (220,220,'filipino','Subcontracting','Trabahong ipinapasa sa ilalim ng kontrata'),
 (221,221,'filipino','Kasunduan sa Joint Venture','Pinagsamang kasunduang negosyo'),
 (222,222,'filipino','Pagkuha ng Grant','Pagkuha ng pondo at grant'),
 (223,1,'japanese','拳銃','半自動式ピストルおよびリボルバー'),
 (224,2,'japanese','ライフル','肩撃ち用の長銃身ライフル'),
 (225,3,'japanese','ショットガン','多用途の滑腔式ショットガン'),
 (226,4,'japanese','サブマシンガン','拳銃弾を使用するコンパクトな自動火器'),
 (227,5,'japanese','機関銃','完全自動の支援火器'),
 (228,6,'japanese','スナイパーライフル','長距離高精度射撃用ライフル'),
 (229,7,'japanese','カービン','短縮型ライフル'),
 (230,8,'japanese','個人防衛用火器','高容量でコンパクトな個人防衛用武器'),
 (231,9,'japanese','ナイフ','固定式および折りたたみ式の戦闘ナイフ'),
 (232,10,'japanese','剣','長い刃を持つ刀剣'),
 (233,11,'japanese','ダガー','近接戦闘用の両刃短剣'),
 (234,12,'japanese','マチェーテ','切断用の重量刃物'),
 (235,13,'japanese','銃剣','ライフルに装着する刃物'),
 (236,14,'japanese','斧','戦闘用の斧'),
 (237,15,'japanese','手斧','片手用の短柄斧'),
 (238,16,'japanese','戦闘用槍','刃付きの長柄刺突武器'),
 (239,17,'japanese','ポールウェポン','長柄の刃物武器'),
 (240,18,'japanese','投げナイフ','投擲用にバランス調整されたナイフ'),
 (241,19,'japanese','バトン','直線型および伸縮式バトン'),
 (242,20,'japanese','クラブ','頑丈な打撃用棍棒'),
 (243,21,'japanese','メイス','重い打撃武器'),
 (244,22,'japanese','ウォーハンマー','戦闘用および破壊用ハンマー'),
 (245,23,'japanese','フレイル','鎖付きの打撃武器'),
 (246,24,'japanese','ヌンチャク','連結された二本の棒'),
 (247,25,'japanese','スタッフ','長い戦闘用棒'),
 (248,26,'japanese','サップ','平たい革製の打撃具'),
 (249,27,'japanese','ブラックジャック','小型で加重された打撃武器'),
 (250,28,'japanese','弓','伝統的および現代的な弓'),
 (251,29,'japanese','クロスボウ','水平構造の弓'),
 (252,30,'japanese','スリングショット','ゴム式の投石器'),
 (253,31,'japanese','槍投射器','槍を発射する装置'),
 (254,32,'japanese','吹き矢','息でダートを発射する管'),
 (255,33,'japanese','ジャベリンシステム','投擲槍システム'),
 (256,34,'japanese','空気圧ランチャー','空気圧を利用する発射装置'),
 (257,35,'japanese','手榴弾','手投げ式爆発装置'),
 (258,36,'japanese','爆弾','設置または投下される爆発物'),
 (259,37,'japanese','地雷','地面に設置される爆発物'),
 (260,38,'japanese','爆破装置','破壊用の制御爆発装置'),
 (261,39,'japanese','ロケットランチャー','肩撃ち式ロケット発射器'),
 (262,40,'japanese','迫撃砲','間接射撃用迫撃システム'),
 (263,41,'japanese','砲弾','大口径の砲兵弾'),
 (264,42,'japanese','突入用爆薬','扉や壁を破壊する爆薬'),
 (265,43,'japanese','フラッシュバン','閃光と爆音で撹乱する手榴弾'),
 (266,44,'japanese','テーザー','電気ショックを与える装置'),
 (267,45,'japanese','スタンガン','接触式ショック装置'),
 (268,46,'japanese','EMP装置','電磁パルスを発生させる装置'),
 (269,47,'japanese','ジャマー','信号妨害装置'),
 (270,48,'japanese','指向性エネルギー兵器','レーザーなどのエネルギー兵器'),
 (271,49,'japanese','音響装置','音波を利用した装置'),
 (272,50,'japanese','レーザーダズラー','視覚を妨害するレーザー装置'),
 (273,51,'japanese','催涙ガス','涙を誘発するガス装置'),
 (274,52,'japanese','煙幕剤','煙を発生させる化学剤'),
 (275,53,'japanese','焼夷化学物質','火災を引き起こす化学物質'),
 (276,54,'japanese','ペッパースプレー','個人防衛用スプレー'),
 (277,55,'japanese','エアロゾル散布装置','化学物質を拡散する装置'),
 (278,56,'japanese','暴動鎮圧剤','群衆制御用化学剤'),
 (279,57,'japanese','拡散システム','生物剤を拡散する手段'),
 (280,58,'japanese','封じ込め容器','生物材料を安全に保管する容器'),
 (281,59,'japanese','検出装置','生物脅威を検知する機器'),
 (282,60,'japanese','中和剤','脅威を中和する物質'),
 (283,61,'japanese','装甲車両','戦闘用車両'),
 (284,62,'japanese','ドローン','無人機'),
 (285,63,'japanese','海上システム','艦船搭載兵器'),
 (286,64,'japanese','航空システム','航空機搭載兵器'),
 (287,65,'japanese','対車両兵器','装甲目標対策システム'),
 (288,66,'japanese','マルウェアツール','システム侵害用ソフトウェア'),
 (289,67,'japanese','エクスプロイトキット','脆弱性攻撃用パッケージ'),
 (290,68,'japanese','ハッキングデバイス','侵入用ハードウェア'),
 (291,69,'japanese','侵入システム','ネットワーク侵入ツール'),
 (292,70,'japanese','データ窃取ツール','データを不正取得するツール'),
 (293,71,'japanese','ランサムウェアプラットフォーム','暗号化による恐喝システム'),
 (294,72,'japanese','アクセス制御装置','不正アクセスを防止する装置'),
 (295,73,'japanese','群衆制御装置','群衆管理用の機器'),
 (296,74,'japanese','非致死性兵器','致命傷を与えない武器'),
 (297,75,'japanese','抑止システム','脅威を抑止するシステム'),
 (298,76,'japanese','拘束具','手錠などの拘束用装置'),
 (299,77,'japanese','弾薬','様々な口径の弾丸'),
 (300,78,'japanese','シェル','ショットガンや砲用弾薬'),
 (301,79,'japanese','カートリッジ','使用準備が整った弾薬'),
 (302,80,'japanese','エネルギーセル','武器用エネルギー源'),
 (303,81,'japanese','プライマー','発火用部品'),
 (304,82,'japanese','推進薬','弾丸を発射する火薬'),
 (305,83,'japanese','特殊弾薬','特定用途向け弾薬'),
 (306,84,'japanese','ケースレス弾薬','薬莢を持たない弾薬'),
 (307,85,'japanese','ヘルメット','弾丸や衝撃から頭部を保護'),
 (308,86,'japanese','ボディアーマー','身体用防護装備'),
 (309,87,'japanese','シールド','弾丸や暴動からの防御盾'),
 (310,88,'japanese','防護スーツ','全身を保護する装備'),
 (311,89,'japanese','防弾ゴーグル','衝撃から目を保護'),
 (312,90,'japanese','聴覚保護具','騒音や爆発から保護'),
 (313,91,'japanese','ガスマスク','化学物質から呼吸を保護'),
 (314,92,'japanese','爆発対策装備','爆発の衝撃を軽減する装備'),
 (315,93,'japanese','携行装備','装備を運ぶためのベストやハーネス'),
 (316,94,'japanese','ホルスター','銃を携行するケース'),
 (317,95,'japanese','ユーティリティベルト','装備用ベルト'),
 (318,96,'japanese','フィールドキット','任務用装備セット'),
 (319,97,'japanese','チェストリグ','胸部装着装備'),
 (320,98,'japanese','プレートキャリア','防弾プレート用装備'),
 (321,99,'japanese','ドロップレッグプラットフォーム','太もも装着装備'),
 (322,100,'japanese','モジュラーポーチ','拡張可能な装備ポーチ'),
 (323,101,'japanese','サプレッサー','発射音を低減する装置'),
 (324,102,'japanese','グリップ','操作性向上のための握り'),
 (325,103,'japanese','レーザーサイト','照準用レーザー'),
 (326,104,'japanese','フォアグリップ','前部装着の握り'),
 (327,105,'japanese','バイポッド','二脚支持装置'),
 (328,106,'japanese','マズルブレーキ','反動を軽減する装置'),
 (329,107,'japanese','フラッシュライト','装着型ライト'),
 (330,108,'japanese','銃剣マウント','銃剣取り付け装置'),
 (331,109,'japanese','クリーニングキット','武器清掃用セット'),
 (332,110,'japanese','修理工具','修理用ツール'),
 (333,111,'japanese','潤滑剤','メンテナンス用オイルやグリース'),
 (334,112,'japanese','ボアスネーク','銃身清掃用ツール'),
 (335,113,'japanese','アーマラーツール','専門整備工具'),
 (336,114,'japanese','パーツキット','交換用部品セット'),
 (337,115,'japanese','ソルベントトラップ','洗浄用溶剤容器'),
 (338,116,'japanese','セーフ','施錠可能な保管庫'),
 (339,117,'japanese','ケース','ハードまたはソフトケース'),
 (340,118,'japanese','ロッカー','複数装備の保管庫'),
 (341,119,'japanese','弾薬箱','金属製弾薬容器'),
 (342,120,'japanese','武器ラック','武器保管ラック'),
 (343,121,'japanese','隠し収納家具','隠し収納付き家具'),
 (344,122,'japanese','輸送ケース','輸送用耐久ケース'),
 (345,123,'japanese','無線機','携帯型および戦術無線'),
 (346,124,'japanese','信号装置','通信信号用機器'),
 (347,125,'japanese','暗号化装置','通信を暗号化する装置'),
 (348,126,'japanese','イヤーピース','小型音声デバイス'),
 (349,127,'japanese','戦術ヘッドセット','通信機能付きヘッドセット'),
 (350,128,'japanese','衛星通信装置','衛星通信デバイス'),
 (351,129,'japanese','隠密通信装置','秘匿通信機器'),
 (352,130,'japanese','救急キット','応急処置用装備'),
 (353,131,'japanese','非常食','緊急用食料'),
 (354,132,'japanese','浄水装置','水の浄化システム'),
 (355,133,'japanese','ナビゲーション装置','コンパスやGPS'),
 (356,134,'japanese','緊急シェルター','一時避難用施設'),
 (357,135,'japanese','火起こし装置','火を起こす器具'),
 (358,136,'japanese','マルチツール','多機能工具'),
 (359,137,'japanese','止血帯','出血を止める器具'),
 (360,138,'japanese','シミュレーター','訓練用機器'),
 (361,139,'japanese','ダミー装備','訓練用レプリカ'),
 (362,140,'japanese','ターゲット','射撃標的'),
 (363,141,'japanese','訓練マニュアル','訓練用資料'),
 (364,142,'japanese','ブルーガン','樹脂製銃レプリカ'),
 (365,143,'japanese','フォースオンフォース装備','模擬戦用装備'),
 (366,144,'japanese','リコイルトレーナー','反動再現装置'),
 (367,145,'japanese','量産','大規模生産'),
 (368,146,'japanese','カスタム製造','特注製造'),
 (369,147,'japanese','試作','プロトタイプ開発'),
 (370,148,'japanese','OEM生産','OEM製造'),
 (371,149,'japanese','受託製造','契約製造'),
 (372,150,'japanese','部品供給','パーツ供給'),
 (373,151,'japanese','武器改造','武器のカスタマイズ'),
 (374,152,'japanese','装備カスタマイズ','ギアの個別調整'),
 (375,153,'japanese','彫刻','金属への刻印'),
 (376,154,'japanese','セラコート','防錆コーティング'),
 (377,155,'japanese','ストック調整','銃床の調整'),
 (378,156,'japanese','トリガー調整','トリガーの調整'),
 (379,157,'japanese','修理サービス','武器の修理'),
 (380,158,'japanese','点検','安全検査'),
 (381,159,'japanese','再整備','機器の再生'),
 (382,160,'japanese','予防保守','定期メンテナンス'),
 (383,161,'japanese','オーバーホール','全面再構築'),
 (384,162,'japanese','部品交換','故障部品の交換'),
 (385,163,'japanese','安全物流','安全な輸送サービス'),
 (386,164,'japanese','国際輸送','海外配送'),
 (387,165,'japanese','護衛サービス','警護付き輸送'),
 (388,166,'japanese','装甲輸送','装甲車による配送'),
 (389,167,'japanese','コールドチェーン輸送','温度管理輸送'),
 (390,168,'japanese','通関サービス','税関手続き支援'),
 (391,169,'japanese','安全倉庫保管','安全な保管サービス'),
 (392,170,'japanese','金庫保管','高セキュリティ保管'),
 (393,171,'japanese','在庫管理','在庫追跡サービス'),
 (394,172,'japanese','温度管理保管','気候制御保管'),
 (395,173,'japanese','証拠保管','証拠品の安全保管'),
 (396,174,'japanese','保税倉庫','通関保税倉庫'),
 (397,175,'japanese','戦術訓練','作戦訓練'),
 (398,176,'japanese','安全訓練','安全使用訓練'),
 (399,177,'japanese','技術訓練','機器操作訓練'),
 (400,178,'japanese','射撃訓練','射撃技能訓練'),
 (401,179,'japanese','フォースオンフォース訓練','実戦形式訓練'),
 (402,180,'japanese','シミュレーター訓練','仮想訓練'),
 (403,181,'japanese','個人警備','個人保護サービス'),
 (404,182,'japanese','施設警備','施設防護'),
 (405,183,'japanese','護衛警備','移動中の保護'),
 (406,184,'japanese','要人警護','VIP保護'),
 (407,185,'japanese','海上警備','船舶保護'),
 (408,186,'japanese','イベント警備','イベント安全管理'),
 (409,187,'japanese','リスク評価','安全リスクの分析'),
 (410,188,'japanese','セキュリティ計画','戦略的セキュリティ設計'),
 (411,189,'japanese','コンプライアンス助言','規制遵守支援'),
 (412,190,'japanese','脅威分析','情報に基づく脅威評価'),
 (413,191,'japanese','規制コンサルティング','法規制対応支援'),
 (414,192,'japanese','脆弱性監査','技術的および運用上の評価'),
 (415,193,'japanese','製品開発','新製品設計と開発'),
 (416,194,'japanese','現地調査','現場環境での研究'),
 (417,195,'japanese','技術革新','新技術の研究'),
 (418,196,'japanese','弾道研究','弾丸の挙動研究'),
 (419,197,'japanese','材料科学','先端材料研究'),
 (420,198,'japanese','兵器システム研究開発','統合兵器の研究開発'),
 (421,199,'japanese','性能試験','性能評価'),
 (422,200,'japanese','安全試験','安全認証試験'),
 (423,201,'japanese','認証','第三者認証サービス'),
 (424,202,'japanese','弾道試験','貫通力と衝撃評価'),
 (425,203,'japanese','環境試験','過酷環境での試験'),
 (426,204,'japanese','耐久試験','構造強度試験'),
 (427,205,'japanese','廃止措置','安全な武器退役'),
 (428,206,'japanese','危険物処理','有害物質の処理'),
 (429,207,'japanese','リサイクル','資源再利用'),
 (430,208,'japanese','非軍事化','武器機能の除去'),
 (431,209,'japanese','弾薬処分','弾薬の安全破壊'),
 (432,210,'japanese','EODサービス','爆発物処理'),
 (433,211,'japanese','監視サービス','継続的監視'),
 (434,212,'japanese','偵察','地上および空中監視'),
 (435,213,'japanese','情報収集','情報分析と収集'),
 (436,214,'japanese','航空監視','ドローンや航空機による監視'),
 (437,215,'japanese','対監視','監視の検知と妨害'),
 (438,216,'japanese','SIGINTサービス','信号情報の収集と分析'),
 (439,217,'japanese','民間契約','民間部門契約'),
 (440,218,'japanese','政府契約','政府向け契約'),
 (441,219,'japanese','防衛契約','軍事・防衛契約'),
 (442,220,'japanese','下請け契約','サブコントラクト業務'),
 (443,221,'japanese','合弁契約','共同事業契約'),
 (444,222,'japanese','助成金取得','資金および助成金の確保'),
 (445,1,'spanish','Armas cortas','Pistolas semiautomáticas y revólveres'),
 (446,2,'spanish','Rifles','Rifles largos disparados desde el hombro'),
 (447,3,'spanish','Escopetas','Escopetas de ánima lisa para diversos usos'),
 (448,4,'spanish','Subfusiles','Armas automáticas compactas que usan munición de pistola'),
 (449,5,'spanish','Ametralladoras','Armas de apoyo totalmente automáticas'),
 (450,6,'spanish','Rifles de francotirador','Rifles de alta precisión y largo alcance'),
 (451,7,'spanish','Carabinas','Versiones más cortas de rifles'),
 (452,8,'spanish','Armas de defensa personal','Armas compactas de alta capacidad'),
 (453,9,'spanish','Cuchillos','Cuchillos de combate fijos y plegables'),
 (454,10,'spanish','Espadas','Armas de hoja larga'),
 (455,11,'spanish','Dagas','Armas de doble filo para combate cercano'),
 (456,12,'spanish','Machetes','Hojas pesadas para corte'),
 (457,13,'spanish','Bayonetas','Hojas que se montan en rifles'),
 (458,14,'spanish','Hachas','Hachas de combate'),
 (459,15,'spanish','Hachas pequeñas','Hachas de una mano'),
 (460,16,'spanish','Lanzas de combate','Armas largas de punta'),
 (461,17,'spanish','Armas de asta','Armas largas con hoja'),
 (462,18,'spanish','Cuchillos arrojadizos','Cuchillos balanceados para lanzar'),
 (463,19,'spanish','Bastones','Bastones rectos y extensibles'),
 (464,20,'spanish','Garrotes','Armas contundentes resistentes'),
 (465,21,'spanish','Mazas','Armas contundentes pesadas'),
 (466,22,'spanish','Martillos','Martillos de combate y demolición'),
 (467,23,'spanish','Mayales','Armas con cadena y bola'),
 (468,24,'spanish','Nunchakus','Dos palos conectados'),
 (469,25,'spanish','Bastones largos','Armas largas de golpe'),
 (470,26,'spanish','Saps','Armas planas de cuero'),
 (471,27,'spanish','Blackjacks','Pequeñas armas contundentes con peso'),
 (472,28,'spanish','Arcos','Arcos tradicionales y modernos'),
 (473,29,'spanish','Ballestas','Arcos de diseño horizontal'),
 (474,30,'spanish','Tirachinas','Lanzadores con banda elástica'),
 (475,31,'spanish','Lanzadores de lanza','Dispositivos para lanzar lanzas'),
 (476,32,'spanish','Cerbatanas','Tubos para disparar dardos'),
 (477,33,'spanish','Sistemas de jabalina','Sistemas de lanzamiento de jabalina'),
 (478,34,'spanish','Lanzadores neumáticos','Dispositivos que usan presión de aire'),
 (479,35,'spanish','Granadas','Explosivos lanzados a mano'),
 (480,36,'spanish','Bombas','Explosivos colocados o lanzados'),
 (481,37,'spanish','Minas','Explosivos colocados en el suelo'),
 (482,38,'spanish','Cargas de demolición','Explosivos controlados para destrucción'),
 (483,39,'spanish','Lanzacohetes','Armas de hombro que disparan cohetes'),
 (484,40,'spanish','Morteros','Sistemas de fuego indirecto'),
 (485,41,'spanish','Munición de artillería','Proyectiles de gran calibre'),
 (486,42,'spanish','Cargas de brecha','Explosivos para abrir entradas'),
 (487,43,'spanish','Granadas aturdidoras','Granadas de luz y sonido'),
 (488,44,'spanish','Taser','Dispositivos que aplican descarga eléctrica'),
 (489,45,'spanish','Pistolas eléctricas','Dispositivos de choque por contacto'),
 (490,46,'spanish','Dispositivos EMP','Generadores de pulso electromagnético'),
 (491,47,'spanish','Inhibidores','Dispositivos que bloquean señales'),
 (492,48,'spanish','Armas de energía dirigida','Armas como láser'),
 (493,49,'spanish','Dispositivos sónicos','Equipos que usan sonido'),
 (494,50,'spanish','Deslumbradores láser','Láseres para desorientar'),
 (495,51,'spanish','Gas lacrimógeno','Sistemas que liberan gas irritante'),
 (496,52,'spanish','Agentes de humo','Químicos que generan humo'),
 (497,53,'spanish','Agentes incendiarios','Químicos que provocan fuego'),
 (498,54,'spanish','Gas pimienta','Spray de defensa personal'),
 (499,55,'spanish','Dispersores en aerosol','Sistemas de dispersión química'),
 (500,56,'spanish','Agentes antidisturbios','Químicos para control de masas'),
 (501,57,'spanish','Sistemas de dispersión','Métodos para dispersar agentes biológicos'),
 (502,58,'spanish','Contenedores de contención','Recipientes seguros para material biológico'),
 (503,59,'spanish','Equipos de detección','Herramientas para detectar amenazas'),
 (504,60,'spanish','Agentes neutralizantes','Sustancias que neutralizan amenazas'),
 (505,61,'spanish','Vehículos blindados','Vehículos de combate'),
 (506,62,'spanish','Drones','Vehículos no tripulados'),
 (507,63,'spanish','Sistemas navales','Armas montadas en barcos'),
 (508,64,'spanish','Sistemas aéreos','Armas montadas en aeronaves'),
 (509,65,'spanish','Armas antivehículo','Sistemas contra objetivos blindados'),
 (510,66,'spanish','Herramientas de malware','Software para comprometer sistemas'),
 (511,67,'spanish','Kits de exploit','Paquetes de ataque de vulnerabilidades'),
 (512,68,'spanish','Dispositivos de hacking','Hardware para intrusión'),
 (513,69,'spanish','Sistemas de intrusión','Herramientas de acceso a redes'),
 (514,70,'spanish','Herramientas de extracción de datos','Herramientas para robar datos'),
 (515,71,'spanish','Plataformas de ransomware','Sistemas de extorsión por cifrado'),
 (516,72,'spanish','Control de acceso','Dispositivos contra acceso no autorizado'),
 (517,73,'spanish','Control de multitudes','Equipos para gestión de multitudes'),
 (518,74,'spanish','Armas no letales','Armas que no causan muerte'),
 (519,75,'spanish','Sistemas de disuasión','Sistemas para prevenir amenazas'),
 (520,76,'spanish','Dispositivos de restricción','Esposas y herramientas similares'),
 (521,77,'spanish','Munición','Proyectiles de varios calibres'),
 (522,78,'spanish','Cartuchos','Munición para escopetas y artillería'),
 (523,79,'spanish','Cartuchos completos','Munición lista para usar'),
 (524,80,'spanish','Celdas de energía','Fuentes de energía para armas'),
 (525,81,'spanish','Fulminantes','Componentes de ignición'),
 (526,82,'spanish','Propelentes','Pólvora para impulsar proyectiles'),
 (527,83,'spanish','Munición especial','Munición para usos específicos'),
 (528,84,'spanish','Munición sin casquillo','Munición sin carcasa tradicional'),
 (529,85,'spanish','Cascos','Protección contra impactos y balas'),
 (530,86,'spanish','Armadura corporal','Protección del cuerpo'),
 (531,87,'spanish','Escudos','Protección contra impactos'),
 (532,88,'spanish','Trajes protectores','Protección completa del cuerpo'),
 (533,89,'spanish','Gafas balísticas','Protección ocular'),
 (534,90,'spanish','Protección auditiva','Protección contra ruido'),
 (535,91,'spanish','Máscaras de gas','Protección respiratoria'),
 (536,92,'spanish','Equipos anti explosión','Protección contra explosiones'),
 (537,93,'spanish','Equipo de carga','Chalecos y arneses'),
 (538,94,'spanish','Fundas','Porta armas'),
 (539,95,'spanish','Cinturones tácticos','Cinturones con compartimentos'),
 (540,96,'spanish','Kits de campo','Equipos listos para misión'),
 (541,97,'spanish','Chalecos de pecho','Equipo montado en pecho'),
 (542,98,'spanish','Porta placas','Soporte de placas balísticas'),
 (543,99,'spanish','Plataformas de pierna','Equipo montado en pierna'),
 (544,100,'spanish','Bolsas modulares','Bolsas adaptables'),
 (545,101,'spanish','Supresores','Dispositivos para reducir sonido'),
 (546,102,'spanish','Empuñaduras','Mejoran el control'),
 (547,103,'spanish','Miras láser','Dispositivos de puntería'),
 (548,104,'spanish','Empuñaduras frontales','Soporte frontal'),
 (549,105,'spanish','Bípodes','Soporte de dos patas'),
 (550,106,'spanish','Frenos de boca','Reducen retroceso'),
 (551,107,'spanish','Linternas','Luces montadas'),
 (552,108,'spanish','Monturas de bayoneta','Soportes para bayoneta'),
 (553,109,'spanish','Kits de limpieza','Herramientas de limpieza'),
 (554,110,'spanish','Herramientas de reparación','Equipos de reparación'),
 (555,111,'spanish','Lubricantes','Aceites y grasas'),
 (556,112,'spanish','Bore snake','Limpiadores de cañón'),
 (557,113,'spanish','Herramientas de armero','Herramientas especializadas'),
 (558,114,'spanish','Kits de piezas','Piezas de repuesto'),
 (559,115,'spanish','Trampas de solvente','Contenedores químicos'),
 (560,116,'spanish','Cajas fuertes','Almacenamiento seguro'),
 (561,117,'spanish','Estuches','Contenedores rígidos o blandos'),
 (562,118,'spanish','Casilleros','Almacenamiento múltiple'),
 (563,119,'spanish','Cajas de munición','Contenedores metálicos'),
 (564,120,'spanish','Racks de armas','Soportes de armas'),
 (565,121,'spanish','Muebles ocultos','Muebles con compartimentos'),
 (566,122,'spanish','Contenedores de transporte','Contenedores resistentes'),
 (567,123,'spanish','Radios','Radios tácticos'),
 (568,124,'spanish','Dispositivos de señal','Herramientas de señalización'),
 (569,125,'spanish','Unidades de cifrado','Protección de comunicación'),
 (570,126,'spanish','Auriculares','Dispositivos de audio'),
 (571,127,'spanish','Headsets tácticos','Comunicación integrada'),
 (572,128,'spanish','Comunicadores satelitales','Comunicación por satélite'),
 (573,129,'spanish','Dispositivos encubiertos','Comunicación oculta'),
 (574,130,'spanish','Kits de primeros auxilios','Atención médica básica'),
 (575,131,'spanish','Raciones','Comida de emergencia'),
 (576,132,'spanish','Purificación de agua','Sistemas de limpieza de agua'),
 (577,133,'spanish','Navegación','Brújulas y GPS'),
 (578,134,'spanish','Refugios de emergencia','Alojamientos temporales'),
 (579,135,'spanish','Encendido de fuego','Herramientas de fuego'),
 (580,136,'spanish','Multiherramientas','Herramientas múltiples'),
 (581,137,'spanish','Torniquetes','Control de hemorragias'),
 (582,138,'spanish','Simuladores','Entrenamiento virtual'),
 (583,139,'spanish','Equipo dummy','Réplicas de práctica'),
 (584,140,'spanish','Blancos','Objetivos de tiro'),
 (585,141,'spanish','Manuales','Guías de entrenamiento'),
 (586,142,'spanish','Armas de entrenamiento','Réplicas seguras'),
 (587,143,'spanish','Equipo force-on-force','Simulación de combate'),
 (588,144,'spanish','Entrenadores de retroceso','Simulación de disparo'),
 (589,145,'spanish','Producción masiva','Fabricación a gran escala'),
 (590,146,'spanish','Fabricación personalizada','Producción a medida'),
 (591,147,'spanish','Prototipado','Desarrollo de prototipos'),
 (592,148,'spanish','Producción OEM','Fabricación OEM'),
 (593,149,'spanish','Fabricación por contrato','Producción tercerizada'),
 (594,150,'spanish','Suministro de piezas','Distribución de componentes'),
 (595,151,'spanish','Modificación de armas','Personalización de armas'),
 (596,152,'spanish','Personalización de equipo','Ajustes individuales'),
 (597,153,'spanish','Grabado','Marcado en metal'),
 (598,154,'spanish','Cerakote','Recubrimiento protector'),
 (599,155,'spanish','Ajuste de culata','Adaptación de rifle'),
 (600,156,'spanish','Ajuste de gatillo','Optimización del disparador'),
 (601,157,'spanish','Servicios de reparación','Reparación de equipos'),
 (602,158,'spanish','Inspección','Verificación de seguridad'),
 (603,159,'spanish','Reacondicionamiento','Restauración'),
 (604,160,'spanish','Mantenimiento preventivo','Mantenimiento regular'),
 (605,161,'spanish','Revisión completa','Reensamblaje total'),
 (606,162,'spanish','Reemplazo de piezas','Cambio de componentes'),
 (607,163,'spanish','Logística segura','Transporte protegido'),
 (608,164,'spanish','Envío internacional','Transporte global'),
 (609,165,'spanish','Servicios de escolta','Protección en tránsito'),
 (610,166,'spanish','Courier blindado','Entrega con protección'),
 (611,167,'spanish','Cadena de frío','Transporte controlado'),
 (612,168,'spanish','Gestión aduanera','Servicios de aduana'),
 (613,169,'spanish','Almacenamiento seguro','Depósito protegido'),
 (614,170,'spanish','Servicios de bóveda','Alta seguridad'),
 (615,171,'spanish','Gestión de inventario','Control de stock'),
 (616,172,'spanish','Almacenamiento climatizado','Control ambiental'),
 (617,173,'spanish','Almacenamiento de evidencia','Custodia segura'),
 (618,174,'spanish','Almacenamiento aduanero','Depósito fiscal'),
 (619,175,'spanish','Entrenamiento táctico','Capacitación operativa'),
 (620,176,'spanish','Entrenamiento de seguridad','Uso seguro'),
 (621,177,'spanish','Entrenamiento técnico','Uso de equipos'),
 (622,178,'spanish','Cursos de tiro','Precisión'),
 (623,179,'spanish','Entrenamiento force-on-force','Simulación realista'),
 (624,180,'spanish','Programas de simulador','Entrenamiento virtual'),
 (625,181,'spanish','Seguridad personal','Protección individual'),
 (626,182,'spanish','Seguridad de instalaciones','Protección de sitios'),
 (627,183,'spanish','Protección de escolta','Seguridad en movimiento'),
 (628,184,'spanish','Protección ejecutiva','Seguridad VIP'),
 (629,185,'spanish','Seguridad marítima','Protección naval'),
 (630,186,'spanish','Seguridad de eventos','Protección en eventos'),
 (631,187,'spanish','Evaluación de riesgos','Análisis de amenazas'),
 (632,188,'spanish','Planificación de seguridad','Estrategia de seguridad'),
 (633,189,'spanish','Asesoría de cumplimiento','Regulación'),
 (634,190,'spanish','Análisis de amenazas','Evaluación basada en inteligencia'),
 (635,191,'spanish','Consultoría regulatoria','Normativas gubernamentales'),
 (636,192,'spanish','Auditoría de vulnerabilidades','Evaluación técnica'),
 (637,193,'spanish','Desarrollo de productos','Diseño de nuevos productos'),
 (638,194,'spanish','Investigación de campo','Estudios en entorno real'),
 (639,195,'spanish','Innovación tecnológica','Tecnologías emergentes'),
 (640,196,'spanish','Investigación balística','Estudio de proyectiles'),
 (641,197,'spanish','Ciencia de materiales','Materiales avanzados'),
 (642,198,'spanish','I+D de sistemas de armas','Desarrollo integrado'),
 (643,199,'spanish','Pruebas de rendimiento','Evaluación operativa'),
 (644,200,'spanish','Pruebas de seguridad','Certificación'),
 (645,201,'spanish','Certificación','Validación externa'),
 (646,202,'spanish','Pruebas balísticas','Impacto y penetración'),
 (647,203,'spanish','Pruebas ambientales','Condiciones extremas'),
 (648,204,'spanish','Pruebas de resistencia','Durabilidad estructural'),
 (649,205,'spanish','Desmantelamiento','Retiro seguro'),
 (650,206,'spanish','Eliminación de materiales peligrosos','Gestión certificada'),
 (651,207,'spanish','Reciclaje','Reutilización'),
 (652,208,'spanish','Desmilitarización','Neutralización de armas'),
 (653,209,'spanish','Destrucción de munición','Eliminación controlada'),
 (654,210,'spanish','Servicios EOD','Eliminación de explosivos'),
 (655,211,'spanish','Servicios de vigilancia','Monitoreo continuo'),
 (656,212,'spanish','Reconocimiento','Observación táctica'),
 (657,213,'spanish','Inteligencia','Recolección de datos'),
 (658,214,'spanish','Vigilancia aérea','Uso de drones'),
 (659,215,'spanish','Contra vigilancia','Detección de espionaje'),
 (660,216,'spanish','Servicios SIGINT','Inteligencia de señales'),
 (661,217,'spanish','Contratos privados','Sector privado'),
 (662,218,'spanish','Contratos gubernamentales','Sector público'),
 (663,219,'spanish','Contratos de defensa','Militar'),
 (664,220,'spanish','Subcontratación','Trabajo delegado'),
 (665,221,'spanish','Joint venture','Asociaciones'),
 (666,222,'spanish','Obtención de subvenciones','Financiamiento y ayudas'),
 (667,1,'mandarin','手枪','半自动手枪和左轮手枪'),
 (668,2,'mandarin','步枪','从肩部射击的长枪管步枪'),
 (669,3,'mandarin','霰弹枪','用于多种用途的滑膛霰弹枪'),
 (670,4,'mandarin','冲锋枪','使用手枪弹的紧凑型自动武器'),
 (671,5,'mandarin','机枪','全自动支援武器'),
 (672,6,'mandarin','狙击步枪','远程高精度步枪'),
 (673,7,'mandarin','卡宾枪','较短型步枪'),
 (674,8,'mandarin','个人防御武器','高容量紧凑型防御武器'),
 (675,9,'mandarin','刀具','固定式和折叠式战斗刀'),
 (676,10,'mandarin','剑','长刃武器'),
 (677,11,'mandarin','匕首','近战用双刃武器'),
 (678,12,'mandarin','砍刀','用于切割的重型刀具'),
 (679,13,'mandarin','刺刀','安装在步枪上的刀具'),
 (680,14,'mandarin','战斧','战斗用斧头'),
 (681,15,'mandarin','手斧','单手短柄斧'),
 (682,16,'mandarin','战斗长矛','带刃的刺击武器'),
 (683,17,'mandarin','长柄武器','长柄带刃武器'),
 (684,18,'mandarin','投掷刀','平衡用于投掷的刀具'),
 (685,19,'mandarin','警棍','直式和伸缩警棍'),
 (686,20,'mandarin','棍棒','坚固的打击武器'),
 (687,21,'mandarin','钉头锤','重型打击武器'),
 (688,22,'mandarin','战锤','战斗和破坏用锤'),
 (689,23,'mandarin','链枷','带链条的打击武器'),
 (690,24,'mandarin','双节棍','两节连接的棍棒'),
 (691,25,'mandarin','长棍','长型打击武器'),
 (692,26,'mandarin','皮制短棍','扁平皮制打击工具'),
 (693,27,'mandarin','加重短棍','小型加重打击武器'),
 (694,28,'mandarin','弓','传统和现代弓'),
 (695,29,'mandarin','弩','水平结构弓'),
 (696,30,'mandarin','弹弓','橡皮筋投射器'),
 (697,31,'mandarin','长矛发射器','发射长矛的装置'),
 (698,32,'mandarin','吹箭筒','用气吹射飞镖的管'),
 (699,33,'mandarin','标枪系统','投掷标枪系统'),
 (700,34,'mandarin','气动发射器','利用空气压力的发射装置'),
 (701,35,'mandarin','手榴弹','手投爆炸装置'),
 (702,36,'mandarin','炸弹','放置或投放的爆炸物'),
 (703,37,'mandarin','地雷','埋设在地面的爆炸物'),
 (704,38,'mandarin','爆破装置','用于破坏的控制爆炸'),
 (705,39,'mandarin','火箭发射器','肩射式火箭武器'),
 (706,40,'mandarin','迫击炮','间接射击系统'),
 (707,41,'mandarin','炮弹','大口径弹药'),
 (708,42,'mandarin','破门爆破装置','用于破门或破墙的爆炸物'),
 (709,43,'mandarin','震撼弹','闪光与爆音干扰装置'),
 (710,44,'mandarin','电击枪','释放电流的装置'),
 (711,45,'mandarin','电击器','接触式电击设备'),
 (712,46,'mandarin','EMP装置','电磁脉冲发生器'),
 (713,47,'mandarin','信号干扰器','阻断信号的设备'),
 (714,48,'mandarin','定向能武器','如激光等能量武器'),
 (715,49,'mandarin','声波装置','利用声音的设备'),
 (716,50,'mandarin','激光致盲器','用于致盲的激光设备'),
 (717,51,'mandarin','催泪瓦斯','释放刺激性气体的系统'),
 (718,52,'mandarin','烟雾剂','产生烟雾的化学品'),
 (719,53,'mandarin','燃烧化学品','引发火焰的化学物质'),
 (720,54,'mandarin','辣椒喷雾','个人防御喷雾'),
 (721,55,'mandarin','气溶胶分散器','扩散化学物质的系统'),
 (722,56,'mandarin','防暴剂','用于人群控制的化学剂'),
 (723,57,'mandarin','传播系统','扩散生物制剂的方法'),
 (724,58,'mandarin','密封容器','安全存储生物材料'),
 (725,59,'mandarin','检测设备','检测生物威胁的工具'),
 (726,60,'mandarin','中和剂','中和威胁的物质'),
 (727,61,'mandarin','装甲车辆','战斗车辆'),
 (728,62,'mandarin','无人机','无人驾驶飞行器'),
 (729,63,'mandarin','海军系统','舰载武器'),
 (730,64,'mandarin','航空系统','机载武器'),
 (731,65,'mandarin','反车辆武器','针对装甲目标的系统'),
 (732,66,'mandarin','恶意软件工具','用于入侵系统的软件'),
 (733,67,'mandarin','漏洞利用工具包','攻击漏洞的软件包'),
 (734,68,'mandarin','黑客设备','用于网络入侵的硬件'),
 (735,69,'mandarin','入侵系统','进入网络的工具'),
 (736,70,'mandarin','数据窃取工具','非法获取数据的工具'),
 (737,71,'mandarin','勒索软件平台','通过加密进行勒索的系统'),
 (738,72,'mandarin','访问控制设备','防止未经授权访问'),
 (739,73,'mandarin','人群控制设备','用于人群管理'),
 (740,74,'mandarin','非致命武器','不会致命的武器'),
 (741,75,'mandarin','威慑系统','防止威胁的系统'),
 (742,76,'mandarin','约束装置','手铐等限制工具'),
 (743,77,'mandarin','弹药','各种口径的弹丸'),
 (744,78,'mandarin','弹壳','霰弹枪和炮弹'),
 (745,79,'mandarin','完整弹药','可直接使用的弹药'),
 (746,80,'mandarin','能量电池','武器能源'),
 (747,81,'mandarin','底火','点火组件'),
 (748,82,'mandarin','推进剂','推动弹丸的火药'),
 (749,83,'mandarin','特殊弹药','特定用途弹药'),
 (750,84,'mandarin','无壳弹药','无传统弹壳的弹药'),
 (751,85,'mandarin','头盔','保护头部免受冲击'),
 (752,86,'mandarin','防弹衣','身体防护装备'),
 (753,87,'mandarin','盾牌','防御冲击和攻击'),
 (754,88,'mandarin','防护服','全身防护装备'),
 (755,89,'mandarin','防护眼镜','保护眼睛'),
 (756,90,'mandarin','听力保护','防止噪音损伤'),
 (757,91,'mandarin','防毒面具','呼吸防护'),
 (758,92,'mandarin','防爆装备','减轻爆炸影响'),
 (759,93,'mandarin','携行装备','背负设备'),
 (760,94,'mandarin','枪套','携带武器的套'),
 (761,95,'mandarin','战术腰带','带有储物功能'),
 (762,96,'mandarin','野战套件','任务装备'),
 (763,97,'mandarin','胸挂','胸部装备'),
 (764,98,'mandarin','插板背心','防弹板载具'),
 (765,99,'mandarin','腿部平台','腿部装备'),
 (766,100,'mandarin','模块化包','可扩展装备袋'),
 (767,101,'mandarin','消音器','降低射击声音'),
 (768,102,'mandarin','握把','提升控制'),
 (769,103,'mandarin','激光瞄准器','瞄准装置'),
 (770,104,'mandarin','前握把','前部支撑'),
 (771,105,'mandarin','两脚架','双支撑装置'),
 (772,106,'mandarin','枪口制退器','减少后坐力'),
 (773,107,'mandarin','手电筒','安装照明'),
 (774,108,'mandarin','刺刀接口','刺刀安装装置'),
 (775,109,'mandarin','清洁套件','武器清洁工具'),
 (776,110,'mandarin','维修工具','修理设备'),
 (777,111,'mandarin','润滑剂','油脂与润滑'),
 (778,112,'mandarin','枪管清洁绳','清洁枪管'),
 (779,113,'mandarin','枪匠工具','专业工具'),
 (780,114,'mandarin','零件套件','替换部件'),
 (781,115,'mandarin','溶剂收集器','清洁液容器'),
 (782,116,'mandarin','保险箱','安全存储'),
 (783,117,'mandarin','箱子','硬质或软质容器'),
 (784,118,'mandarin','储物柜','多设备存储'),
 (785,119,'mandarin','弹药箱','金属容器'),
 (786,120,'mandarin','武器架','存放武器'),
 (787,121,'mandarin','隐藏家具','带隐藏空间的家具'),
 (788,122,'mandarin','运输箱','耐用运输容器'),
 (789,123,'mandarin','无线电','通信设备'),
 (790,124,'mandarin','信号设备','发送信号'),
 (791,125,'mandarin','加密设备','保护通信'),
 (792,126,'mandarin','耳机','音频设备'),
 (793,127,'mandarin','战术耳机','通信耳机'),
 (794,128,'mandarin','卫星通信器','卫星设备'),
 (795,129,'mandarin','隐蔽设备','秘密通信'),
 (796,130,'mandarin','急救包','基础医疗'),
 (797,131,'mandarin','口粮','紧急食物'),
 (798,132,'mandarin','净水设备','水处理'),
 (799,133,'mandarin','导航设备','指南针和GPS'),
 (800,134,'mandarin','紧急避难所','临时住所'),
 (801,135,'mandarin','生火工具','点火设备'),
 (802,136,'mandarin','多功能工具','多用途设备'),
 (803,137,'mandarin','止血带','控制出血'),
 (804,138,'mandarin','模拟器','训练设备'),
 (805,139,'mandarin','仿真设备','训练复制品'),
 (806,140,'mandarin','靶标','射击目标'),
 (807,141,'mandarin','训练手册','教学资料'),
 (808,142,'mandarin','训练用枪','安全复制品'),
 (809,143,'mandarin','对抗训练装备','模拟战斗'),
 (810,144,'mandarin','后坐力训练器','模拟射击'),
 (811,145,'mandarin','大规模生产','批量制造'),
 (812,146,'mandarin','定制制造','按需生产'),
 (813,147,'mandarin','原型开发','原型制作'),
 (814,148,'mandarin','OEM生产','代工生产'),
 (815,149,'mandarin','合同制造','外包生产'),
 (816,150,'mandarin','零件供应','部件提供'),
 (817,151,'mandarin','武器改装','武器定制'),
 (818,152,'mandarin','装备定制','个性调整'),
 (819,153,'mandarin','雕刻','金属刻字'),
 (820,154,'mandarin','陶瓷涂层','防腐涂层'),
 (821,155,'mandarin','枪托调整','适配枪托'),
 (822,156,'mandarin','扳机调节','优化触发'),
 (823,157,'mandarin','维修服务','设备修理'),
 (824,158,'mandarin','检查','安全检测'),
 (825,159,'mandarin','翻新','恢复性能'),
 (826,160,'mandarin','预防维护','定期维护'),
 (827,161,'mandarin','大修','全面重建'),
 (828,162,'mandarin','零件更换','替换损坏部件'),
 (829,163,'mandarin','安全物流','安全运输'),
 (830,164,'mandarin','国际运输','跨境运输'),
 (831,165,'mandarin','护送服务','带保护运输'),
 (832,166,'mandarin','装甲运输','防护运输'),
 (833,167,'mandarin','冷链运输','温控运输'),
 (834,168,'mandarin','报关服务','海关处理'),
 (835,169,'mandarin','安全仓储','受保护存储'),
 (836,170,'mandarin','金库服务','高安全存储'),
 (837,171,'mandarin','库存管理','库存跟踪'),
 (838,172,'mandarin','温控存储','环境控制'),
 (839,173,'mandarin','证据存储','安全保管'),
 (840,174,'mandarin','保税仓储','海关仓库'),
 (841,175,'mandarin','战术训练','操作训练'),
 (842,176,'mandarin','安全培训','安全使用'),
 (843,177,'mandarin','技术培训','设备操作'),
 (844,178,'mandarin','射击课程','射击训练'),
 (845,179,'mandarin','对抗训练','实战模拟'),
 (846,180,'mandarin','模拟训练','虚拟训练'),
 (847,181,'mandarin','个人安保','个人保护'),
 (848,182,'mandarin','设施安保','场所保护'),
 (849,183,'mandarin','护送保护','出行保护'),
 (850,184,'mandarin','要员保护','VIP保护'),
 (851,185,'mandarin','海上安保','船只保护'),
 (852,186,'mandarin','活动安保','活动安全'),
 (853,187,'mandarin','风险评估','分析安全风险'),
 (854,188,'mandarin','安全规划','制定安全策略'),
 (855,189,'mandarin','合规咨询','法规指导'),
 (856,190,'mandarin','威胁分析','基于情报评估'),
 (857,191,'mandarin','监管咨询','政策指导'),
 (858,192,'mandarin','漏洞审计','技术评估'),
 (859,193,'mandarin','产品开发','设计新产品'),
 (860,194,'mandarin','现场研究','真实环境研究'),
 (861,195,'mandarin','技术创新','新技术探索'),
 (862,196,'mandarin','弹道研究','研究弹道'),
 (863,197,'mandarin','材料科学','先进材料'),
 (864,198,'mandarin','武器系统研发','系统开发'),
 (865,199,'mandarin','性能测试','评估性能'),
 (866,200,'mandarin','安全测试','安全认证'),
 (867,201,'mandarin','认证','第三方认证'),
 (868,202,'mandarin','弹道测试','冲击与穿透'),
 (869,203,'mandarin','环境测试','极端环境'),
 (870,204,'mandarin','耐久测试','结构强度'),
 (871,205,'mandarin','退役处理','安全退役'),
 (872,206,'mandarin','危险物处理','安全处置'),
 (873,207,'mandarin','回收利用','资源再用'),
 (874,208,'mandarin','去军事化','移除功能'),
 (875,209,'mandarin','弹药销毁','安全销毁'),
 (876,210,'mandarin','爆炸物处理','EOD服务'),
 (877,211,'mandarin','监控服务','持续监视'),
 (878,212,'mandarin','侦察','地空观察'),
 (879,213,'mandarin','情报收集','数据分析'),
 (880,214,'mandarin','空中监控','无人机监视'),
 (881,215,'mandarin','反监控','检测与干扰'),
 (882,216,'mandarin','信号情报','SIGINT分析'),
 (883,217,'mandarin','私人合同','私营部门'),
 (884,218,'mandarin','政府合同','公共部门'),
 (885,219,'mandarin','国防合同','军事用途'),
 (886,220,'mandarin','分包合同','外包任务'),
 (887,221,'mandarin','合资协议','合作经营'),
 (888,222,'mandarin','资助获取','资金支持');
INSERT INTO "users" ("id","username","email","password_hash","role","created_at","updated_at") VALUES (1,'spongebob','spongebob@bikini.bottom','scrypt:32768:8:1$SbTwSrAmCehypPz8$1fd49b243228a73c60f77f4fd51cf7f46d77f044b2576a24fe7de1800ca3dabe891e693f64f2276ef392437527659822711cb089f651944ef50073f5188a0c42','customer','2026-04-15 05:03:32','2026-04-15 05:03:32'),
 (2,'mrcrabs','eugene.crabs@thekrustykrab.com','scrypt:32768:8:1$83oDsOSmvXx89UZx$c0e15772d19273f1df094dffa5fb9846afa2be3bfa47bb50a89d3ec80c57032db06799f09fb4b4d51be28dfb33de4148c29c7b97396f1dbbaba90920d6b78dc3','admin','2026-04-15 05:03:32','2026-04-15 05:03:32'),
 (3,'KelsenGile','kelsengilesarmientoconel@gmail.com','scrypt:32768:8:1$XrzCLf0eixrrKiHF$94eee8816393d6c3fde4901ccd40f36f33d5fed9031cf15212b3a3acc91d25a7b11b7f9295ade278f201088b7c0e87f1242b859b5fc2008aaba577a9d9babdd2','customer','2026-04-15 07:00:44','2026-04-15 07:00:44');
DROP INDEX IF EXISTS "idx_order_items_order";
CREATE INDEX idx_order_items_order  ON order_items   (order_id);
DROP INDEX IF EXISTS "idx_orders_status";
CREATE INDEX idx_orders_status      ON orders        (status);
DROP INDEX IF EXISTS "idx_orders_user";
CREATE INDEX idx_orders_user        ON orders        (user_id);
DROP INDEX IF EXISTS "idx_products_brand";
CREATE INDEX idx_products_brand     ON products      (brand_id);
DROP INDEX IF EXISTS "idx_products_category";
CREATE INDEX idx_products_category  ON products      (category_id);
DROP INDEX IF EXISTS "idx_products_subcat";
CREATE INDEX idx_products_subcat    ON products      (subcategory_id);
DROP INDEX IF EXISTS "idx_services_brand";
CREATE INDEX idx_services_brand     ON services      (brand_id);
DROP INDEX IF EXISTS "idx_services_category";
CREATE INDEX idx_services_category  ON services      (category_id);
DROP INDEX IF EXISTS "idx_services_subcat";
CREATE INDEX idx_services_subcat    ON services      (subcategory_id);
DROP INDEX IF EXISTS "idx_subcats_category";
CREATE INDEX idx_subcats_category   ON subcategories (category_id);
DROP INDEX IF EXISTS "idx_ui_strings_lang";
CREATE INDEX idx_ui_strings_lang    ON ui_strings    (lang_code);
DROP TRIGGER IF EXISTS "trg_order_completed";
CREATE TRIGGER trg_order_completed
AFTER UPDATE OF status ON orders
WHEN NEW.status = 'completed' AND OLD.status != 'completed'
BEGIN
    UPDATE products
    SET sales_count = sales_count + (
        SELECT COALESCE(SUM(oi.quantity), 0)
        FROM order_items oi
        WHERE oi.order_id = NEW.id
          AND oi.item_type = 'product'
          AND oi.item_id = products.id
    )
    WHERE id IN (
        SELECT item_id FROM order_items
        WHERE order_id = NEW.id AND item_type = 'product'
    );

    UPDATE services
    SET sales_count = sales_count + (
        SELECT COALESCE(SUM(oi.quantity), 0)
        FROM order_items oi
        WHERE oi.order_id = NEW.id
          AND oi.item_type = 'service'
          AND oi.item_id = services.id
    )
    WHERE id IN (
        SELECT item_id FROM order_items
        WHERE order_id = NEW.id AND item_type = 'service'
    );
END;
DROP TRIGGER IF EXISTS "trg_order_uncompleted";
CREATE TRIGGER trg_order_uncompleted
AFTER UPDATE OF status ON orders
WHEN OLD.status = 'completed' AND NEW.status != 'completed'
BEGIN
    UPDATE products
    SET sales_count = MAX(0, sales_count - (
        SELECT COALESCE(SUM(oi.quantity), 0)
        FROM order_items oi
        WHERE oi.order_id = NEW.id
          AND oi.item_type = 'product'
          AND oi.item_id = products.id
    ))
    WHERE id IN (
        SELECT item_id FROM order_items
        WHERE order_id = NEW.id AND item_type = 'product'
    );

    UPDATE services
    SET sales_count = MAX(0, sales_count - (
        SELECT COALESCE(SUM(oi.quantity), 0)
        FROM order_items oi
        WHERE oi.order_id = NEW.id
          AND oi.item_type = 'service'
          AND oi.item_id = services.id
    ))
    WHERE id IN (
        SELECT item_id FROM order_items
        WHERE order_id = NEW.id AND item_type = 'service'
    );
END;
COMMIT;
