BEGIN TRANSACTION;
DROP TABLE IF EXISTS "brands";
CREATE TABLE brands (
    id          INTEGER PRIMARY KEY AUTOINCREMENT,
    name        TEXT    NOT NULL UNIQUE,
    slug        TEXT    NOT NULL UNIQUE,
    logo_file   TEXT,
    description TEXT,
    is_authorized   INTEGER NOT NULL DEFAULT 1,
    created_at  TEXT    NOT NULL DEFAULT (datetime('now')),
    updated_at  TEXT    NOT NULL DEFAULT (datetime('now'))
);
DROP TABLE IF EXISTS "brands_translations";
CREATE TABLE "brands_translations" (
	"id"	INTEGER,
	"brand_id"	INTEGER NOT NULL,
	"lang_code"	TEXT NOT NULL,
	"name"	TEXT NOT NULL,
	"description"	TEXT,
	UNIQUE("brand_id","lang_code"),
	PRIMARY KEY("id" AUTOINCREMENT),
	FOREIGN KEY("brand_id") REFERENCES "brands"("id") ON DELETE CASCADE,
	FOREIGN KEY("lang_code") REFERENCES "languages"("code")
);
DROP TABLE IF EXISTS "cart_items";
CREATE TABLE cart_items (
    id          INTEGER PRIMARY KEY AUTOINCREMENT,
    user_id     INTEGER NOT NULL REFERENCES users(id),
    item_type   TEXT    NOT NULL DEFAULT 'product',
    item_id     INTEGER NOT NULL,
    quantity    INTEGER NOT NULL DEFAULT 1,
    added_at    TEXT    NOT NULL DEFAULT (datetime('now')),
    UNIQUE (user_id, item_type, item_id)
);
DROP TABLE IF EXISTS "categories";
CREATE TABLE categories (
    id          INTEGER PRIMARY KEY AUTOINCREMENT,
    name        TEXT    NOT NULL UNIQUE,
    slug        TEXT    NOT NULL UNIQUE,
    type        TEXT    NOT NULL DEFAULT 'product',     -- 'product' | 'service'
    icon_file   TEXT,
    description TEXT
);
DROP TABLE IF EXISTS "category_translations";
CREATE TABLE category_translations (
    id          INTEGER PRIMARY KEY AUTOINCREMENT,
    category_id INTEGER NOT NULL REFERENCES categories(id) ON DELETE CASCADE,
    lang_code   TEXT    NOT NULL REFERENCES languages(code),
    name        TEXT    NOT NULL,
    description TEXT,
    UNIQUE (category_id, lang_code)
);
DROP TABLE IF EXISTS "currencies";
CREATE TABLE currencies (
    code        TEXT    PRIMARY KEY,
    symbol      TEXT    NOT NULL,
    label       TEXT    NOT NULL,
    rate_to_php REAL    NOT NULL DEFAULT 1.0,
    is_active   INTEGER NOT NULL DEFAULT 1,
    updated_at  TEXT    NOT NULL DEFAULT (datetime('now'))
);
DROP TABLE IF EXISTS "inquiries";
CREATE TABLE inquiries (
    id          INTEGER PRIMARY KEY AUTOINCREMENT,
    name        TEXT NOT NULL,
    email       TEXT NOT NULL,
    subject     TEXT,
    message     TEXT NOT NULL,
    status      TEXT NOT NULL DEFAULT 'new',            -- 'new' | 'read' | 'resolved'
    created_at  TEXT NOT NULL DEFAULT (datetime('now'))
);
DROP TABLE IF EXISTS "languages";
CREATE TABLE languages (
    code        TEXT    PRIMARY KEY,
    label       TEXT    NOT NULL,
    locale      TEXT    NOT NULL,
    is_active   INTEGER NOT NULL DEFAULT 1,
    sort_order  INTEGER NOT NULL DEFAULT 0
);
DROP TABLE IF EXISTS "order_items";
CREATE TABLE order_items (
    id          INTEGER PRIMARY KEY AUTOINCREMENT,
    order_id    INTEGER NOT NULL REFERENCES orders(id) ON DELETE CASCADE,
    item_type   TEXT    NOT NULL DEFAULT 'product'
                CHECK (item_type IN ('product', 'service')),  -- 'product' | 'service'
    item_id     INTEGER NOT NULL,
    quantity    INTEGER NOT NULL DEFAULT 1,
    unit_price  REAL    NOT NULL
);
DROP TABLE IF EXISTS "orders";
CREATE TABLE orders (
    id          INTEGER PRIMARY KEY AUTOINCREMENT,
    user_id     INTEGER NOT NULL REFERENCES users(id),
    status      TEXT    NOT NULL DEFAULT 'pending',     -- 'pending' | 'verified' | 'paid' | 'shipped' | 'completed' | 'cancelled'
    total       REAL    NOT NULL DEFAULT 0,
    notes       TEXT,
    created_at  TEXT    NOT NULL DEFAULT (datetime('now')),
    updated_at  TEXT    NOT NULL DEFAULT (datetime('now'))
);
DROP TABLE IF EXISTS "product_images";
CREATE TABLE product_images (
    id          INTEGER PRIMARY KEY AUTOINCREMENT,
    product_id  INTEGER NOT NULL REFERENCES products(id) ON DELETE CASCADE,
    image_file  TEXT    NOT NULL,
    sort_order  INTEGER NOT NULL DEFAULT 1,
    created_at  TEXT    NOT NULL DEFAULT (datetime('now')),
    UNIQUE (product_id, sort_order)
);
DROP TABLE IF EXISTS "products";
CREATE TABLE products (
    id             INTEGER PRIMARY KEY AUTOINCREMENT,
    name           TEXT    NOT NULL,
    slug           TEXT    NOT NULL UNIQUE,
    category_id    INTEGER NOT NULL REFERENCES categories(id),
    subcategory_id INTEGER REFERENCES subcategories(id),
    brand_id       INTEGER REFERENCES brands(id),
    description    TEXT,
    price          REAL    NOT NULL,
    discount       REAL    DEFAULT 0,
    stock          INTEGER NOT NULL DEFAULT 0,
    rating         REAL    NOT NULL DEFAULT 0 CHECK (rating >= 0 AND rating <= 5),
    sales_count    INTEGER NOT NULL DEFAULT 0,
    image_file     TEXT,
    tags           TEXT,                                -- JSON array string
    is_authorized    INTEGER NOT NULL DEFAULT 0,
    created_at     TEXT    NOT NULL DEFAULT (datetime('now')),
    updated_at     TEXT    NOT NULL DEFAULT (datetime('now'))
);
DROP TABLE IF EXISTS "products_translations";
CREATE TABLE products_translations (
    id          INTEGER PRIMARY KEY AUTOINCREMENT,
    product_id  INTEGER NOT NULL REFERENCES products(id) ON DELETE CASCADE,
    lang_code   TEXT    NOT NULL REFERENCES languages(code),
    name        TEXT    NOT NULL,
    description TEXT,
    tags        TEXT,
    UNIQUE (product_id, lang_code)
);
DROP TABLE IF EXISTS "services";
CREATE TABLE services (
    id             INTEGER PRIMARY KEY AUTOINCREMENT,
    name           TEXT    NOT NULL,
    slug           TEXT    NOT NULL UNIQUE,
    category_id    INTEGER NOT NULL REFERENCES categories(id),
    subcategory_id INTEGER REFERENCES subcategories(id),
    brand_id       INTEGER REFERENCES brands(id),
    description    TEXT,
    price          REAL    NOT NULL,
    discount       REAL    DEFAULT 0,
    rating         REAL    NOT NULL DEFAULT 0 CHECK (rating >= 0 AND rating <= 5),
    sales_count    INTEGER NOT NULL DEFAULT 0,
    image_file     TEXT,
    tags           TEXT,
    is_authorized    INTEGER NOT NULL DEFAULT 0,
    created_at     TEXT    NOT NULL DEFAULT (datetime('now')),
    updated_at     TEXT    NOT NULL DEFAULT (datetime('now'))
);
DROP TABLE IF EXISTS "services_translations";
CREATE TABLE services_translations (
    id          INTEGER PRIMARY KEY AUTOINCREMENT,
    service_id  INTEGER NOT NULL REFERENCES services(id) ON DELETE CASCADE,
    lang_code   TEXT    NOT NULL REFERENCES languages(code),
    name        TEXT    NOT NULL,
    description TEXT,
    tags        TEXT,
    UNIQUE (service_id, lang_code)
);
DROP TABLE IF EXISTS "subcategories";
CREATE TABLE subcategories (
    id          INTEGER PRIMARY KEY AUTOINCREMENT,
    category_id INTEGER NOT NULL REFERENCES categories(id) ON DELETE CASCADE,
    name        TEXT    NOT NULL,
    slug        TEXT    NOT NULL UNIQUE,
    icon_file   TEXT,
    description TEXT,
    UNIQUE (category_id, name)
);
DROP TABLE IF EXISTS "subcategory_translations";
CREATE TABLE subcategory_translations (
    id             INTEGER PRIMARY KEY AUTOINCREMENT,
    subcategory_id INTEGER NOT NULL REFERENCES subcategories(id) ON DELETE CASCADE,
    lang_code      TEXT    NOT NULL REFERENCES languages(code),
    name           TEXT    NOT NULL,
    description    TEXT,
    UNIQUE (subcategory_id, lang_code)
);
DROP TABLE IF EXISTS "ui_strings";
CREATE TABLE ui_strings (
    id          INTEGER PRIMARY KEY AUTOINCREMENT,
    lang_code   TEXT    NOT NULL REFERENCES languages(code),
    key         TEXT    NOT NULL,
    value       TEXT    NOT NULL,
    UNIQUE (lang_code, key)
);
DROP TABLE IF EXISTS "users";
CREATE TABLE users (
    id            INTEGER PRIMARY KEY AUTOINCREMENT,
    username      TEXT    NOT NULL UNIQUE,
    email         TEXT    NOT NULL UNIQUE,
    password_hash TEXT    NOT NULL,
    role          TEXT    NOT NULL DEFAULT 'customer',   -- 'customer' | 'admin'
    created_at    TEXT    NOT NULL DEFAULT (datetime('now')),
    updated_at    TEXT    NOT NULL DEFAULT (datetime('now'))
, bio TEXT DEFAULT NULL, country TEXT DEFAULT NULL, contact_number TEXT DEFAULT NULL, social_link_1 TEXT DEFAULT NULL, social_link_2 TEXT DEFAULT NULL, social_link_3 TEXT DEFAULT NULL, social_link_4 TEXT DEFAULT NULL, profile_image TEXT DEFAULT NULL);
INSERT INTO "brands" ("id","name","slug","logo_file","description","is_authorized","created_at","updated_at") VALUES (1,'Glock','glock','glock.png','Austrian manufacturer of polymer-framed pistols.',1,'2026-04-24 09:14:11','2026-04-24 09:14:11'),
 (2,'Colt','colt','colt.png','Historic American firearms manufacturer.',1,'2026-04-24 09:14:11','2026-04-24 09:14:11'),
 (3,'Heckler & Koch','heckler-koch','heckler&koch.png','German defense manufacturer of firearms.',1,'2026-04-24 09:14:11','2026-04-24 09:14:11'),
 (4,'Sig Sauer','sig-sauer','sigsauer.png','Global firearms and optics manufacturer.',1,'2026-04-24 09:14:11','2026-04-24 09:14:11'),
 (5,'FN Herstal','fn-herstal','fnherstal.png','Belgian producer of military firearms.',1,'2026-04-24 09:14:11','2026-04-24 09:14:11'),
 (6,'Benchmade','benchmade','benchmade.png','Premium knife manufacturer.',1,'2026-04-24 09:14:11','2026-04-24 09:14:11'),
 (7,'KA-BAR','ka-bar','kabar.png','Military combat knife producer.',1,'2026-04-24 09:14:11','2026-04-24 09:14:11'),
 (8,'Cold Steel','cold-steel','coldsteel.png','Knives and edged weapons company.',1,'2026-04-24 09:14:11','2026-04-24 09:14:11'),
 (9,'ASP','asp','asp.png','Expandable batons and law enforcement tools.',1,'2026-04-24 09:14:11','2026-04-24 09:14:11'),
 (10,'Barnett Outdoors','barnett','barnettoutdoors.png','Crossbows and archery equipment.',1,'2026-04-24 09:14:11','2026-04-24 09:14:11'),
 (11,'Bear Archery','bear-archery','beararchery.png','Traditional and compound bows.',1,'2026-04-24 09:14:11','2026-04-24 09:14:11'),
 (12,'Raytheon','raytheon','raytheon.png','Missile systems and defense technologies.',1,'2026-04-24 09:14:11','2026-04-24 09:14:11'),
 (13,'Lockheed Martin','lockheed-martin','lockheedmartin.png','Aerospace and advanced weapons systems.',1,'2026-04-24 09:14:11','2026-04-24 09:14:11'),
 (14,'Northrop Grumman','northrop-grumman','northropgrumman.png','Defense and aerospace systems.',1,'2026-04-24 09:14:11','2026-04-24 09:14:11'),
 (15,'Axon','axon','axon.png','Tasers and law enforcement tech.',1,'2026-04-24 09:14:11','2026-04-24 09:14:11'),
 (16,'Combined Systems','combined-systems','combinedsystems.png','Riot control and chemical defense systems.',1,'2026-04-24 09:14:11','2026-04-24 09:14:11'),
 (17,'Defense Technology','defense-technology','defensetechnology.png','Less-lethal munitions and chemical agents.',1,'2026-04-24 09:14:11','2026-04-24 09:14:11'),
 (18,'Thermo Fisher Scientific','thermo-fisher','thermofisherscientific.png','Biological detection and lab systems.',1,'2026-04-24 09:14:11','2026-04-24 09:14:11'),
 (19,'Mirion Technologies','mirion','miriontechnologies.png','Radiation detection and measurement systems.',1,'2026-04-24 09:14:11','2026-04-24 09:14:11'),
 (20,'Oshkosh Defense','oshkosh-defense','oshkoshdefense.png','Military vehicles and mobility platforms.',1,'2026-04-24 09:14:11','2026-04-24 09:14:11'),
 (21,'General Dynamics','general-dynamics','generaldynamics.png','Armored vehicles and defense systems.',1,'2026-04-24 09:14:11','2026-04-24 09:14:11'),
 (22,'CrowdStrike','crowdstrike','crowdstrike.png','Cybersecurity and threat intelligence.',1,'2026-04-24 09:14:11','2026-04-24 09:14:11'),
 (23,'Palo Alto Networks','palo-alto','paloaltonetworks.png','Network and cyber defense solutions.',1,'2026-04-24 09:14:11','2026-04-24 09:14:11'),
 (24,'Safariland','safariland','safariland.png','Holsters, restraints, and armor.',1,'2026-04-24 09:14:11','2026-04-24 09:14:11'),
 (25,'Peerless Handcuff','peerless','peerlesshandcuff.png','Restraint devices for law enforcement.',1,'2026-04-24 09:14:11','2026-04-24 09:14:11'),
 (26,'Hornady','hornady','hornady.png','Ammunition and ballistic products.',1,'2026-04-24 09:14:11','2026-04-24 09:14:11'),
 (27,'Federal Premium','federal-premium','federalpremium.png','Ammunition manufacturer.',1,'2026-04-24 09:14:11','2026-04-24 09:14:11'),
 (28,'3M','3m','3m.png','Safety and protective equipment.',1,'2026-04-24 09:14:11','2026-04-24 09:14:11'),
 (29,'Armor Express','armor-express','armorexpress.png','Body armor systems.',1,'2026-04-24 09:14:11','2026-04-24 09:14:11'),
 (30,'5.11 Tactical','5-11-tactical','511tactical.png','Tactical apparel and gear.',1,'2026-04-24 09:14:11','2026-04-24 09:14:11'),
 (31,'Crye Precision','crye-precision','cryeprecision.png','Advanced combat gear.',1,'2026-04-24 09:14:11','2026-04-24 09:14:11'),
 (32,'Trijicon','trijicon','trijicon.png','Optical sights manufacturer.',1,'2026-04-24 09:14:11','2026-04-24 09:14:11'),
 (33,'EOTech','eotech','eotech.png','Holographic weapon sights.',1,'2026-04-24 09:14:11','2026-04-24 09:14:11'),
 (34,'Vortex Optics','vortex-optics','vortexoptics.png','Rifle scopes and optics.',1,'2026-04-24 09:14:11','2026-04-24 09:14:11'),
 (35,'Magpul','magpul','magpul.png','Firearm accessories and magazines.',1,'2026-04-24 09:14:11','2026-04-24 09:14:11'),
 (36,'SureFire','surefire','surefire.png','Weapon lights and suppressors.',1,'2026-04-24 09:14:11','2026-04-24 09:14:11'),
 (37,'Otis Technology','otis','otistechnology.png','Firearm cleaning systems.',1,'2026-04-24 09:14:11','2026-04-24 09:14:11'),
 (38,'Hoppe''s','hoppes','hoppes.png','Gun cleaning supplies.',1,'2026-04-24 09:14:11','2026-04-24 09:14:11'),
 (39,'Liberty Safe','liberty-safe','libertysafe.png','Gun safes and storage.',1,'2026-04-24 09:14:11','2026-04-24 09:14:11'),
 (40,'Pelican','pelican','pelican.png','Protective transport cases.',1,'2026-04-24 09:14:11','2026-04-24 09:14:11'),
 (41,'Motorola Solutions','motorola-solutions','motorolasolutions.png','Public safety communication systems.',1,'2026-04-24 09:14:11','2026-04-24 09:14:11'),
 (42,'Garmin','garmin','garmin.png','Navigation and communication devices.',1,'2026-04-24 09:14:11','2026-04-24 09:14:11'),
 (43,'FLIR Systems','flir','flirsystems.png','Thermal imaging and sensors.',1,'2026-04-24 09:14:11','2026-04-24 09:14:11'),
 (44,'Garrett Metal Detectors','garrett','garrettmetaldetectors.png','Metal detection equipment.',1,'2026-04-24 09:14:11','2026-04-24 09:14:11'),
 (45,'Polaris Defense','polaris-defense','polarisdefense.png','All-terrain military vehicles.',1,'2026-04-24 09:14:11','2026-04-24 09:14:11'),
 (46,'Duracell','duracell','duracell.png','Battery and power systems.',1,'2026-04-24 09:14:11','2026-04-24 09:14:11'),
 (47,'Goal Zero','goal-zero','goalzero.png','Portable solar power systems.',1,'2026-04-24 09:14:11','2026-04-24 09:14:11'),
 (48,'LifeStraw','lifestraw','lifestraw.png','Water purification systems.',1,'2026-04-24 09:14:11','2026-04-24 09:14:11'),
 (49,'Leatherman','leatherman','leatherman.png','Multi-tools and survival gear.',1,'2026-04-24 09:14:11','2026-04-24 09:14:11'),
 (50,'Bluegun','bluegun','bluegun.png','Training replica firearms.',1,'2026-04-24 09:14:11','2026-04-24 09:14:11'),
 (51,'Action Target','action-target','actiontarget.png','Shooting range targets.',1,'2026-04-24 09:14:11','2026-04-24 09:14:11'),
 (52,'Honeywell','honeywell','honeywell.png','Industrial and defense manufacturing.',1,'2026-04-24 09:14:11','2026-04-24 09:14:11'),
 (53,'ZEV Technologies','zev-tech','zevtechnologies.png','Firearm customization and upgrades.',1,'2026-04-24 09:14:11','2026-04-24 09:14:11'),
 (54,'Agency Arms','agency-arms','agencyarms.png','Weapon modification specialists.',1,'2026-04-24 09:14:11','2026-04-24 09:14:11'),
 (55,'Amentum','amentum','amentum.png','Maintenance and support services.',1,'2026-04-24 09:14:11','2026-04-24 09:14:11'),
 (56,'Brink''s','brinks','brinks.png','Secure logistics and armored transport.',1,'2026-04-24 09:14:11','2026-04-24 09:14:11'),
 (57,'GardaWorld','gardaworld','gardaworld.png','Cash logistics and transport services.',1,'2026-04-24 09:14:11','2026-04-24 09:14:11'),
 (58,'Iron Mountain','iron-mountain','ironmountain.png','Secure storage and records management.',1,'2026-04-24 09:14:11','2026-04-24 09:14:11'),
 (59,'Academi','academi','academi.png','Private military training services.',1,'2026-04-24 09:14:11','2026-04-24 09:14:11'),
 (60,'G4S','g4s','g4s.png','Global security services.',1,'2026-04-24 09:14:11','2026-04-24 09:14:11'),
 (61,'Allied Universal','allied-universal','allieduniversal.png','Security and facility protection.',1,'2026-04-24 09:14:11','2026-04-24 09:14:11'),
 (62,'Control Risks','control-risks','controlrisks.png','Risk and security consulting.',1,'2026-04-24 09:14:11','2026-04-24 09:14:11'),
 (63,'MITRE','mitre','mitre.png','Defense and systems research.',1,'2026-04-24 09:14:11','2026-04-24 09:14:11'),
 (64,'UL Solutions','ul-solutions','ulsolutions.png','Safety testing and certification.',1,'2026-04-24 09:14:11','2026-04-24 09:14:11'),
 (65,'Veolia','veolia','veolia.png','Hazardous waste and disposal services.',1,'2026-04-24 09:14:11','2026-04-24 09:14:11'),
 (66,'Hikvision','hikvision','hikvision.png','Video surveillance systems.',1,'2026-04-24 09:14:11','2026-04-24 09:14:11'),
 (67,'SGS','sgs','sgs.png','Inspection, verification, and certification services.',1,'2026-04-24 09:14:11','2026-04-24 09:14:11'),
 (68,'KBR','kbr','kbr.png','Defense and government contracting.',1,'2026-04-24 09:14:11','2026-04-24 09:14:11'),
 (69,'Anonymous','anonymous','anonymous.png','Seller identity not disclosed or verified.',0,'2026-04-24 10:23:23','2026-04-24 10:23:23'),
 (70,'Winchester','winchester','winchester.png','Legendary American firearms manufacturer; maker of the iconic Model 1894 lever-action rifle and Model 1897 trench shotgun.',1,'2026-04-25 12:10:27','2026-04-25 12:10:27'),
 (71,'Walther','walther','walther.png','German precision firearms manufacturer famous for the PPK compact pistol, adopted worldwide by police and intelligence agencies.',1,'2026-04-25 12:10:27','2026-04-25 12:10:27'),
 (72,'Mauser','mauser','mauser.png','Historic German arms manufacturer known for the C96 Broomhandle pistol and the Kar98k bolt-action infantry rifle.',1,'2026-04-25 12:10:27','2026-04-25 12:10:27'),
 (73,'Kalashnikov Concern','kalashnikov','kalashnikov.png','Russian state arms manufacturer and original producer of the AK-47 and AKM assault rifle series.',1,'2026-04-25 12:10:27','2026-04-25 12:10:27'),
 (74,'Remington Arms','remington','remington.png','Historic American manufacturer of the iconic Model 700 bolt-action rifle and Model 870 pump-action shotgun.',1,'2026-04-25 12:10:27','2026-04-25 12:10:27'),
 (75,'Smith & Wesson','smith-wesson','smithwesson.png','American firearms company famous for the Model 29 .44 Magnum revolver and the M&P service pistol series.',1,'2026-04-25 12:10:27','2026-04-25 12:10:27'),
 (76,'Beretta','beretta','beretta.png','World''s oldest active firearms manufacturer; maker of the M9/92FS pistol and the iconic Model 38 submachine gun.',1,'2026-04-25 12:10:27','2026-04-25 12:10:27'),
 (77,'Springfield Armory','springfield-armory','springfieldarmory.png','Historic US government armory and modern civilian manufacturer; produced the M1 Garand and M14 battle rifle.',1,'2026-04-25 12:10:27','2026-04-25 12:10:27'),
 (78,'Steyr Mannlicher','steyr-mannlicher','steyrmannlicher.png','Austrian arms manufacturer known for the AUG bullpup assault rifle and the Steyr Scout precision rifle.',1,'2026-04-25 12:10:27','2026-04-25 12:10:27'),
 (79,'IMI Systems','imi-systems','imisystems.png','Israeli Military Industries; manufacturer of the Uzi submachine gun, Desert Eagle pistol, and Tavor bullpup rifle.',1,'2026-04-25 12:10:27','2026-04-25 12:10:27'),
 (80,'Accuracy International','accuracy-international','accuracyinternational.png','British precision rifle manufacturer; maker of the AXMC and Arctic Warfare sniper systems used by elite forces worldwide.',1,'2026-04-25 12:10:27','2026-04-25 12:10:27'),
 (81,'L3 Technologies','l3-technologies','l3technologies.png','American defense contractor producing Gen III night vision, thermal optics, and advanced targeting systems.',1,'2026-04-25 12:10:27','2026-04-25 12:10:27'),
 (82,'Armsdealer','armsdealer','armsdealer.png','The house brand of Armsdealer — curated, verified, and sourced directly by our procurement team. Every Armsdealer-branded listing meets the platform''s highest standards of quality and authenticity.',1,'2026-05-02 12:12:39','2026-05-02 12:12:39');
INSERT INTO "brands_translations" ("id","brand_id","lang_code","name","description") VALUES (1,1,'filipino','Glock','Isang Austrian na tagagawa ng mga pistolang may polymer frame.'),
 (2,2,'filipino','Colt','Isang makasaysayang Amerikanong tagagawa ng mga baril.'),
 (3,3,'filipino','Heckler & Koch','Isang Aleman na tagagawa ng mga sandata at kagamitang pandepensa.'),
 (4,4,'filipino','Sig Sauer','Isang pandaigdigang tagagawa ng mga baril at optika.'),
 (5,5,'filipino','FN Herstal','Isang Belgian na tagagawa ng mga sandatang militar.'),
 (6,6,'filipino','Benchmade','Isang premium na tagagawa ng mga kutsilyo.'),
 (7,7,'filipino','KA-BAR','Tagagawa ng mga kutsilyong panglaban ng militar.'),
 (8,8,'filipino','Cold Steel','Kompanya ng mga kutsilyo at sandatang may talim.'),
 (9,9,'filipino','ASP','Tagagawa ng mga expandable baton at gamit ng pagpapatupad ng batas.'),
 (10,10,'filipino','Barnett Outdoors','Tagagawa ng mga crossbow at kagamitan sa pana.'),
 (11,11,'filipino','Bear Archery','Tagagawa ng tradisyunal at compound na mga pana.'),
 (12,12,'filipino','Raytheon','Tagagawa ng mga sistemang misil at teknolohiyang pandepensa.'),
 (13,13,'filipino','Lockheed Martin','Kompanyang aerospace at gumagawa ng advanced na sistemang sandata.'),
 (14,14,'filipino','Northrop Grumman','Kompanyang gumagawa ng mga sistemang pandepensa at aerospace.'),
 (15,15,'filipino','Axon','Tagagawa ng mga taser at teknolohiya para sa pagpapatupad ng batas.'),
 (16,16,'filipino','Combined Systems','Tagagawa ng mga sistemang pangkontrol ng riot at depensang kemikal.'),
 (17,17,'filipino','Defense Technology','Tagagawa ng less-lethal na mga bala at kemikal na ahente.'),
 (18,18,'filipino','Thermo Fisher Scientific','Tagagawa ng mga sistemang pang-detect ng biyolohikal at laboratoryo.'),
 (19,19,'filipino','Mirion Technologies','Tagagawa ng mga sistemang pang-detect at sukat ng radiation.'),
 (20,20,'filipino','Oshkosh Defense','Tagagawa ng mga sasakyang militar at mobility platform.'),
 (21,21,'filipino','General Dynamics','Tagagawa ng mga armored na sasakyan at sistemang pandepensa.'),
 (22,22,'filipino','CrowdStrike','Kompanya ng cybersecurity at threat intelligence.'),
 (23,23,'filipino','Palo Alto Networks','Tagapagbigay ng solusyon sa network at cyber defense.'),
 (24,24,'filipino','Safariland','Tagagawa ng holster, restraint, at body armor.'),
 (25,25,'filipino','Peerless Handcuff','Tagagawa ng mga posas at restraint device.'),
 (26,26,'filipino','Hornady','Tagagawa ng mga bala at produktong ballistic.'),
 (27,27,'filipino','Federal Premium','Tagagawa ng mga bala.'),
 (28,28,'filipino','3M','Tagagawa ng kagamitan sa kaligtasan at proteksyon.'),
 (29,29,'filipino','Armor Express','Tagagawa ng mga sistema ng body armor.'),
 (30,30,'filipino','5.11 Tactical','Tagagawa ng tactical na kasuotan at kagamitan.'),
 (31,31,'filipino','Crye Precision','Tagagawa ng advanced na kagamitan sa labanan.'),
 (32,32,'filipino','Trijicon','Tagagawa ng optical sight.'),
 (33,33,'filipino','EOTech','Tagagawa ng holographic na weapon sight.'),
 (34,34,'filipino','Vortex Optics','Tagagawa ng rifle scope at optika.'),
 (35,35,'filipino','Magpul','Tagagawa ng aksesorya ng baril at magazine.'),
 (36,36,'filipino','SureFire','Tagagawa ng ilaw para sa sandata at suppressor.'),
 (37,37,'filipino','Otis Technology','Tagagawa ng sistema sa paglilinis ng baril.'),
 (38,38,'filipino','Hoppe''s','Tagagawa ng mga panlinis ng baril.'),
 (39,39,'filipino','Liberty Safe','Tagagawa ng gun safe at imbakan.'),
 (40,40,'filipino','Pelican','Tagagawa ng protektibong case sa transportasyon.'),
 (41,41,'filipino','Motorola Solutions','Tagagawa ng sistema ng komunikasyon para sa kaligtasan ng publiko.'),
 (42,42,'filipino','Garmin','Tagagawa ng navigation at communication device.'),
 (43,43,'filipino','FLIR Systems','Tagagawa ng thermal imaging at sensor.'),
 (44,44,'filipino','Garrett Metal Detectors','Tagagawa ng metal detection equipment.'),
 (45,45,'filipino','Polaris Defense','Tagagawa ng all-terrain na sasakyang militar.'),
 (46,46,'filipino','Duracell','Tagagawa ng baterya at power system.'),
 (47,47,'filipino','Goal Zero','Tagagawa ng portable solar power system.'),
 (48,48,'filipino','LifeStraw','Tagagawa ng sistema ng paglilinis ng tubig.'),
 (49,49,'filipino','Leatherman','Tagagawa ng multi-tool at survival gear.'),
 (50,50,'filipino','Bluegun','Tagagawa ng training replica na baril.'),
 (51,51,'filipino','Action Target','Tagagawa ng shooting range target.'),
 (52,52,'filipino','Honeywell','Kompanya ng industriyal at pandepensang pagmamanupaktura.'),
 (53,53,'filipino','ZEV Technologies','Tagagawa ng customization at upgrade ng baril.'),
 (54,54,'filipino','Agency Arms','Espesyalista sa modipikasyon ng sandata.'),
 (55,55,'filipino','Amentum','Tagapagbigay ng maintenance at support services.'),
 (56,56,'filipino','Brink''s','Tagapagbigay ng secure logistics at armored transport.'),
 (57,57,'filipino','GardaWorld','Tagapagbigay ng cash logistics at transport services.'),
 (58,58,'filipino','Iron Mountain','Tagapagbigay ng secure storage at records management.'),
 (59,59,'filipino','Academi','Tagapagbigay ng pribadong pagsasanay militar.'),
 (60,60,'filipino','G4S','Tagapagbigay ng pandaigdigang serbisyong pangseguridad.'),
 (61,61,'filipino','Allied Universal','Tagapagbigay ng seguridad at proteksyon ng pasilidad.'),
 (62,62,'filipino','Control Risks','Tagapagbigay ng konsultasyon sa panganib at seguridad.'),
 (63,63,'filipino','MITRE','Kompanya ng pananaliksik sa depensa at sistema.'),
 (64,64,'filipino','UL Solutions','Tagapagbigay ng safety testing at certification.'),
 (65,65,'filipino','Veolia','Tagapagbigay ng serbisyo sa hazardous waste at disposal.'),
 (66,66,'filipino','Hikvision','Tagagawa ng video surveillance system.'),
 (67,67,'filipino','SGS','Tagapagbigay ng inspeksyon, beripikasyon, at sertipikasyon.'),
 (68,68,'filipino','KBR','Tagapagbigay ng kontrata para sa depensa at gobyerno.'),
 (69,69,'filipino','Anonymous','Hindi isiniwalat o napatunayang pagkakakilanlan ng nagbebenta.'),
 (70,70,'filipino','Winchester','Isang kilalang Amerikanong tagagawa ng baril na gumawa ng Model 1894 rifle at Model 1897 shotgun.'),
 (71,71,'filipino','Walther','Isang Aleman na tagagawa ng precision firearms na kilala sa PPK pistol.'),
 (72,72,'filipino','Mauser','Isang makasaysayang Aleman na tagagawa ng armas na kilala sa C96 at Kar98k rifle.'),
 (73,73,'filipino','Kalashnikov Concern','Isang Ruso na tagagawa ng armas at orihinal na gumawa ng AK-47.'),
 (74,74,'filipino','Remington Arms','Isang makasaysayang Amerikanong tagagawa ng Model 700 rifle at Model 870 shotgun.'),
 (75,75,'filipino','Smith & Wesson','Isang Amerikanong kompanya ng baril na kilala sa Model 29 revolver.'),
 (76,76,'filipino','Beretta','Pinakamatandang aktibong tagagawa ng baril sa mundo; gumawa ng M9 pistol.'),
 (77,77,'filipino','Springfield Armory','Isang makasaysayang armory ng US at modernong tagagawa ng sibilyang baril.'),
 (78,78,'filipino','Steyr Mannlicher','Isang Austrian na tagagawa ng armas na kilala sa AUG rifle.'),
 (79,79,'filipino','IMI Systems','Isang Israeli na tagagawa ng armas tulad ng Uzi at Desert Eagle.'),
 (80,80,'filipino','Accuracy International','Isang British na tagagawa ng precision rifle na ginagamit ng elite forces.'),
 (81,81,'filipino','L3 Technologies','Isang Amerikanong defense contractor na gumagawa ng night vision at targeting systems.'),
 (82,1,'japanese','Glock','ポリマーフレーム拳銃を製造するオーストリアのメーカー。'),
 (83,2,'japanese','Colt','歴史あるアメリカの銃器メーカー。'),
 (84,3,'japanese','Heckler & Koch','ドイツの防衛用銃器メーカー。'),
 (85,4,'japanese','Sig Sauer','銃器および光学機器を製造するグローバル企業。'),
 (86,5,'japanese','FN Herstal','ベルギーの軍用銃器メーカー。'),
 (87,6,'japanese','Benchmade','高品質ナイフのメーカー。'),
 (88,7,'japanese','KA-BAR','軍用戦闘ナイフのメーカー。'),
 (89,8,'japanese','Cold Steel','ナイフや刃物を扱う企業。'),
 (90,9,'japanese','ASP','伸縮式警棒や警察装備のメーカー。'),
 (91,10,'japanese','Barnett Outdoors','クロスボウやアーチェリー用品のメーカー。'),
 (92,11,'japanese','Bear Archery','伝統的およびコンパウンドボウのメーカー。'),
 (93,12,'japanese','Raytheon','ミサイルシステムと防衛技術のメーカー。'),
 (94,13,'japanese','Lockheed Martin','航空宇宙および先進兵器システム企業。'),
 (95,14,'japanese','Northrop Grumman','防衛および航空宇宙システム企業。'),
 (96,15,'japanese','Axon','テーザーと警察技術のメーカー。'),
 (97,16,'japanese','Combined Systems','暴動対策および化学防衛システムのメーカー。'),
 (98,17,'japanese','Defense Technology','非致死性弾薬や化学剤のメーカー。'),
 (99,18,'japanese','Thermo Fisher Scientific','生物検出および研究所システムのメーカー。'),
 (100,19,'japanese','Mirion Technologies','放射線検出および測定システムのメーカー。'),
 (101,20,'japanese','Oshkosh Defense','軍用車両および機動プラットフォームのメーカー。'),
 (102,21,'japanese','General Dynamics','装甲車両および防衛システムのメーカー。'),
 (103,22,'japanese','CrowdStrike','サイバーセキュリティと脅威インテリジェンス企業。'),
 (104,23,'japanese','Palo Alto Networks','ネットワークおよびサイバー防衛ソリューション企業。'),
 (105,24,'japanese','Safariland','ホルスターや拘束具、防護装備のメーカー。'),
 (106,25,'japanese','Peerless Handcuff','手錠や拘束具のメーカー。'),
 (107,26,'japanese','Hornady','弾薬および弾道製品のメーカー。'),
 (108,27,'japanese','Federal Premium','弾薬メーカー。'),
 (109,28,'japanese','3M','安全および保護装備のメーカー。'),
 (110,29,'japanese','Armor Express','ボディアーマーシステムのメーカー。'),
 (111,30,'japanese','5.11 Tactical','タクティカル衣料と装備のメーカー。'),
 (112,31,'japanese','Crye Precision','先進的戦闘装備のメーカー。'),
 (113,32,'japanese','Trijicon','光学照準器のメーカー。'),
 (114,33,'japanese','EOTech','ホログラフィックサイトのメーカー。'),
 (115,34,'japanese','Vortex Optics','ライフルスコープおよび光学機器のメーカー。'),
 (116,35,'japanese','Magpul','銃器アクセサリーやマガジンのメーカー。'),
 (117,36,'japanese','SureFire','武器用ライトおよびサプレッサーのメーカー。'),
 (118,37,'japanese','Otis Technology','銃器クリーニングシステムのメーカー。'),
 (119,38,'japanese','Hoppe''s','銃器用クリーニング用品のメーカー。'),
 (120,39,'japanese','Liberty Safe','ガンセーフおよび保管庫のメーカー。'),
 (121,40,'japanese','Pelican','保護用輸送ケースのメーカー。'),
 (122,41,'japanese','Motorola Solutions','公共安全通信システムのメーカー。'),
 (123,42,'japanese','Garmin','ナビゲーションおよび通信機器のメーカー。'),
 (124,43,'japanese','FLIR Systems','サーマルイメージングおよびセンサーのメーカー。'),
 (125,44,'japanese','Garrett Metal Detectors','金属探知機のメーカー。'),
 (126,45,'japanese','Polaris Defense','全地形対応の軍用車両メーカー。'),
 (127,46,'japanese','Duracell','バッテリーおよび電源システムのメーカー。'),
 (128,47,'japanese','Goal Zero','ポータブル太陽光発電システムのメーカー。'),
 (129,48,'japanese','LifeStraw','水浄化システムのメーカー。'),
 (130,49,'japanese','Leatherman','マルチツールおよびサバイバル用品のメーカー。'),
 (131,50,'japanese','Bluegun','訓練用レプリカ銃のメーカー。'),
 (132,51,'japanese','Action Target','射撃場用ターゲットのメーカー。'),
 (133,52,'japanese','Honeywell','産業および防衛製造企業。'),
 (134,53,'japanese','ZEV Technologies','銃器カスタマイズおよびアップグレードのメーカー。'),
 (135,54,'japanese','Agency Arms','武器改造の専門企業。'),
 (136,55,'japanese','Amentum','保守およびサポートサービスの提供企業。'),
 (137,56,'japanese','Brink''s','安全輸送および装甲輸送サービス企業。'),
 (138,57,'japanese','GardaWorld','現金輸送および物流サービス企業。'),
 (139,58,'japanese','Iron Mountain','安全保管および記録管理サービス企業。'),
 (140,59,'japanese','Academi','民間軍事訓練サービス企業。'),
 (141,60,'japanese','G4S','世界的なセキュリティサービス企業。'),
 (142,61,'japanese','Allied Universal','施設保護およびセキュリティ企業。'),
 (143,62,'japanese','Control Risks','リスクおよびセキュリティコンサルティング企業。'),
 (144,63,'japanese','MITRE','防衛およびシステム研究企業。'),
 (145,64,'japanese','UL Solutions','安全試験および認証サービス企業。'),
 (146,65,'japanese','Veolia','有害廃棄物処理サービス企業。'),
 (147,66,'japanese','Hikvision','ビデオ監視システムのメーカー。'),
 (148,67,'japanese','SGS','検査、検証、認証サービス企業。'),
 (149,68,'japanese','KBR','防衛および政府契約サービス企業。'),
 (150,69,'japanese','Anonymous','販売者の身元は未公開または未確認。'),
 (151,70,'japanese','Winchester','有名なアメリカの銃器メーカーで、Model 1894やModel 1897を製造。'),
 (152,71,'japanese','Walther','PPKで有名なドイツの精密銃器メーカー。'),
 (153,72,'japanese','Mauser','C96やKar98kで知られるドイツの歴史的メーカー。'),
 (154,73,'japanese','Kalashnikov Concern','AK-47を製造したロシアの銃器メーカー。'),
 (155,74,'japanese','Remington Arms','Model 700やModel 870で知られるアメリカのメーカー。'),
 (156,75,'japanese','Smith & Wesson','Model 29で有名なアメリカの銃器メーカー。'),
 (157,76,'japanese','Beretta','世界最古の現役銃器メーカーでM9を製造。'),
 (158,77,'japanese','Springfield Armory','歴史ある米国の兵器工廠および現代の銃器メーカー。'),
 (159,78,'japanese','Steyr Mannlicher','AUGで知られるオーストリアのメーカー。'),
 (160,79,'japanese','IMI Systems','UziやDesert Eagleを製造するイスラエルのメーカー。'),
 (161,80,'japanese','Accuracy International','精密狙撃銃を製造する英国メーカー。'),
 (162,81,'japanese','L3 Technologies','暗視装置や照準システムを製造するアメリカ企業。'),
 (163,1,'spanish','Glock','Fabricante austriaco de pistolas con armazón de polímero.'),
 (164,2,'spanish','Colt','Histórico fabricante estadounidense de armas de fuego.'),
 (165,3,'spanish','Heckler & Koch','Fabricante alemán de armas y equipos de defensa.'),
 (166,4,'spanish','Sig Sauer','Fabricante global de armas de fuego y óptica.'),
 (167,5,'spanish','FN Herstal','Productor belga de armas militares.'),
 (168,6,'spanish','Benchmade','Fabricante premium de cuchillos.'),
 (169,7,'spanish','KA-BAR','Productor de cuchillos de combate militar.'),
 (170,8,'spanish','Cold Steel','Empresa de cuchillos y armas blancas.'),
 (171,9,'spanish','ASP','Fabricante de bastones extensibles y herramientas policiales.'),
 (172,10,'spanish','Barnett Outdoors','Fabricante de ballestas y equipo de arquería.'),
 (173,11,'spanish','Bear Archery','Fabricante de arcos tradicionales y compuestos.'),
 (174,12,'spanish','Raytheon','Fabricante de sistemas de misiles y tecnologías de defensa.'),
 (175,13,'spanish','Lockheed Martin','Empresa aeroespacial y de sistemas de armas avanzados.'),
 (176,14,'spanish','Northrop Grumman','Empresa de sistemas de defensa y aeroespaciales.'),
 (177,15,'spanish','Axon','Fabricante de tasers y tecnología policial.'),
 (178,16,'spanish','Combined Systems','Fabricante de sistemas de control de disturbios y defensa química.'),
 (179,17,'spanish','Defense Technology','Fabricante de municiones menos letales y agentes químicos.'),
 (180,18,'spanish','Thermo Fisher Scientific','Fabricante de sistemas de detección biológica y laboratorio.'),
 (181,19,'spanish','Mirion Technologies','Fabricante de sistemas de detección y medición de radiación.'),
 (182,20,'spanish','Oshkosh Defense','Fabricante de vehículos militares y plataformas de movilidad.'),
 (183,21,'spanish','General Dynamics','Fabricante de vehículos blindados y sistemas de defensa.'),
 (184,22,'spanish','CrowdStrike','Empresa de ciberseguridad e inteligencia de amenazas.'),
 (185,23,'spanish','Palo Alto Networks','Proveedor de soluciones de red y ciberdefensa.'),
 (186,24,'spanish','Safariland','Fabricante de fundas, dispositivos de sujeción y armaduras.'),
 (187,25,'spanish','Peerless Handcuff','Fabricante de esposas y dispositivos de restricción.'),
 (188,26,'spanish','Hornady','Fabricante de municiones y productos balísticos.'),
 (189,27,'spanish','Federal Premium','Fabricante de municiones.'),
 (190,28,'spanish','3M','Fabricante de equipos de seguridad y protección.'),
 (191,29,'spanish','Armor Express','Fabricante de sistemas de chalecos antibalas.'),
 (192,30,'spanish','5.11 Tactical','Fabricante de ropa y equipo táctico.'),
 (193,31,'spanish','Crye Precision','Fabricante de equipo avanzado de combate.'),
 (194,32,'spanish','Trijicon','Fabricante de miras ópticas.'),
 (195,33,'spanish','EOTech','Fabricante de miras holográficas.'),
 (196,34,'spanish','Vortex Optics','Fabricante de visores y óptica.'),
 (197,35,'spanish','Magpul','Fabricante de accesorios y cargadores para armas.'),
 (198,36,'spanish','SureFire','Fabricante de luces para armas y supresores.'),
 (199,37,'spanish','Otis Technology','Fabricante de sistemas de limpieza de armas.'),
 (200,38,'spanish','Hoppe''s','Fabricante de productos de limpieza de armas.'),
 (201,39,'spanish','Liberty Safe','Fabricante de cajas fuertes para armas.'),
 (202,40,'spanish','Pelican','Fabricante de estuches de transporte protectores.'),
 (203,41,'spanish','Motorola Solutions','Fabricante de sistemas de comunicación para seguridad pública.'),
 (204,42,'spanish','Garmin','Fabricante de dispositivos de navegación y comunicación.'),
 (205,43,'spanish','FLIR Systems','Fabricante de imágenes térmicas y sensores.'),
 (206,44,'spanish','Garrett Metal Detectors','Fabricante de equipos detectores de metales.'),
 (207,45,'spanish','Polaris Defense','Fabricante de vehículos militares todoterreno.'),
 (208,46,'spanish','Duracell','Fabricante de baterías y sistemas de energía.'),
 (209,47,'spanish','Goal Zero','Fabricante de sistemas portátiles de energía solar.'),
 (210,48,'spanish','LifeStraw','Fabricante de sistemas de purificación de agua.'),
 (211,49,'spanish','Leatherman','Fabricante de herramientas múltiples y equipo de supervivencia.'),
 (212,50,'spanish','Bluegun','Fabricante de réplicas de entrenamiento de armas.'),
 (213,51,'spanish','Action Target','Fabricante de blancos para campos de tiro.'),
 (214,52,'spanish','Honeywell','Empresa de manufactura industrial y de defensa.'),
 (215,53,'spanish','ZEV Technologies','Fabricante de personalización y mejoras de armas.'),
 (216,54,'spanish','Agency Arms','Especialistas en modificación de armas.'),
 (217,55,'spanish','Amentum','Proveedor de servicios de mantenimiento y soporte.'),
 (218,56,'spanish','Brink''s','Proveedor de logística segura y transporte blindado.'),
 (219,57,'spanish','GardaWorld','Proveedor de logística de efectivo y transporte.'),
 (220,58,'spanish','Iron Mountain','Proveedor de almacenamiento seguro y gestión de registros.'),
 (221,59,'spanish','Academi','Proveedor de entrenamiento militar privado.'),
 (222,60,'spanish','G4S','Proveedor global de servicios de seguridad.'),
 (223,61,'spanish','Allied Universal','Proveedor de seguridad y protección de instalaciones.'),
 (224,62,'spanish','Control Risks','Proveedor de consultoría de riesgos y seguridad.'),
 (225,63,'spanish','MITRE','Empresa de investigación en defensa y sistemas.'),
 (226,64,'spanish','UL Solutions','Proveedor de pruebas de seguridad y certificación.'),
 (227,65,'spanish','Veolia','Proveedor de servicios de residuos peligrosos y eliminación.'),
 (228,66,'spanish','Hikvision','Fabricante de sistemas de videovigilancia.'),
 (229,67,'spanish','SGS','Proveedor de inspección, verificación y certificación.'),
 (230,68,'spanish','KBR','Proveedor de contratos para defensa y gobierno.'),
 (231,69,'spanish','Anonymous','Identidad del vendedor no revelada o verificada.'),
 (232,70,'spanish','Winchester','Legendario fabricante estadounidense de armas; creador del rifle Model 1894 y la escopeta Model 1897.'),
 (233,71,'spanish','Walther','Fabricante alemán de armas de precisión conocido por la pistola PPK.'),
 (234,72,'spanish','Mauser','Histórico fabricante alemán conocido por el C96 y el rifle Kar98k.'),
 (235,73,'spanish','Kalashnikov Concern','Fabricante ruso de armas y creador original del AK-47.'),
 (236,74,'spanish','Remington Arms','Histórico fabricante estadounidense del rifle Model 700 y la escopeta Model 870.'),
 (237,75,'spanish','Smith & Wesson','Empresa estadounidense conocida por el revólver Model 29.'),
 (238,76,'spanish','Beretta','El fabricante de armas más antiguo del mundo; creador de la pistola M9.'),
 (239,77,'spanish','Springfield Armory','Histórico arsenal estadounidense y fabricante moderno de armas civiles.'),
 (240,78,'spanish','Steyr Mannlicher','Fabricante austriaco conocido por el rifle AUG.'),
 (241,79,'spanish','IMI Systems','Fabricante israelí de armas como el Uzi y Desert Eagle.'),
 (242,80,'spanish','Accuracy International','Fabricante británico de rifles de precisión utilizados por fuerzas de élite.'),
 (243,81,'spanish','L3 Technologies','Contratista estadounidense que produce visión nocturna y sistemas de puntería avanzados.'),
 (244,1,'mandarin','Glock','奥地利生产聚合物框架手枪的制造商。'),
 (245,2,'mandarin','Colt','历史悠久的美国枪械制造商。'),
 (246,3,'mandarin','Heckler & Koch','德国防务武器制造商。'),
 (247,4,'mandarin','Sig Sauer','全球性的枪械和光学设备制造商。'),
 (248,5,'mandarin','FN Herstal','比利时军用武器制造商。'),
 (249,6,'mandarin','Benchmade','高端刀具制造商。'),
 (250,7,'mandarin','KA-BAR','军用战斗刀制造商。'),
 (251,8,'mandarin','Cold Steel','刀具和冷兵器公司。'),
 (252,9,'mandarin','ASP','伸缩警棍和执法工具制造商。'),
 (253,10,'mandarin','Barnett Outdoors','弩和射箭设备制造商。'),
 (254,11,'mandarin','Bear Archery','传统弓和复合弓制造商。'),
 (255,12,'mandarin','Raytheon','导弹系统和防务技术制造商。'),
 (256,13,'mandarin','Lockheed Martin','航空航天和先进武器系统公司。'),
 (257,14,'mandarin','Northrop Grumman','防务和航空航天系统公司。'),
 (258,15,'mandarin','Axon','泰瑟枪和执法技术制造商。'),
 (259,16,'mandarin','Combined Systems','防暴和化学防御系统制造商。'),
 (260,17,'mandarin','Defense Technology','低致命性弹药和化学制剂制造商。'),
 (261,18,'mandarin','Thermo Fisher Scientific','生物检测和实验室系统制造商。'),
 (262,19,'mandarin','Mirion Technologies','辐射检测和测量系统制造商。'),
 (263,20,'mandarin','Oshkosh Defense','军用车辆和机动平台制造商。'),
 (264,21,'mandarin','General Dynamics','装甲车辆和防务系统制造商。'),
 (265,22,'mandarin','CrowdStrike','网络安全和威胁情报公司。'),
 (266,23,'mandarin','Palo Alto Networks','网络和网络防御解决方案提供商。'),
 (267,24,'mandarin','Safariland','枪套、约束设备和防护装备制造商。'),
 (268,25,'mandarin','Peerless Handcuff','手铐和约束设备制造商。'),
 (269,26,'mandarin','Hornady','弹药和弹道产品制造商。'),
 (270,27,'mandarin','Federal Premium','弹药制造商。'),
 (271,28,'mandarin','3M','安全和防护设备制造商。'),
 (272,29,'mandarin','Armor Express','防弹衣系统制造商。'),
 (273,30,'mandarin','5.11 Tactical','战术服装和装备制造商。'),
 (274,31,'mandarin','Crye Precision','先进战斗装备制造商。'),
 (275,32,'mandarin','Trijicon','光学瞄准器制造商。'),
 (276,33,'mandarin','EOTech','全息瞄准器制造商。'),
 (277,34,'mandarin','Vortex Optics','步枪瞄准镜和光学设备制造商。'),
 (278,35,'mandarin','Magpul','枪械配件和弹匣制造商。'),
 (279,36,'mandarin','SureFire','武器照明和消音器制造商。'),
 (280,37,'mandarin','Otis Technology','枪械清洁系统制造商。'),
 (281,38,'mandarin','Hoppe''s','枪械清洁用品制造商。'),
 (282,39,'mandarin','Liberty Safe','枪械保险柜制造商。'),
 (283,40,'mandarin','Pelican','防护运输箱制造商。'),
 (284,41,'mandarin','Motorola Solutions','公共安全通信系统制造商。'),
 (285,42,'mandarin','Garmin','导航和通信设备制造商。'),
 (286,43,'mandarin','FLIR Systems','热成像和传感器制造商。'),
 (287,44,'mandarin','Garrett Metal Detectors','金属探测设备制造商。'),
 (288,45,'mandarin','Polaris Defense','全地形军用车辆制造商。'),
 (289,46,'mandarin','Duracell','电池和电源系统制造商。'),
 (290,47,'mandarin','Goal Zero','便携式太阳能电源系统制造商。'),
 (291,48,'mandarin','LifeStraw','水净化系统制造商。'),
 (292,49,'mandarin','Leatherman','多功能工具和生存装备制造商。'),
 (293,50,'mandarin','Bluegun','训练用仿真枪制造商。'),
 (294,51,'mandarin','Action Target','射击场靶标制造商。'),
 (295,52,'mandarin','Honeywell','工业和防务制造公司。'),
 (296,53,'mandarin','ZEV Technologies','枪械定制和升级制造商。'),
 (297,54,'mandarin','Agency Arms','武器改装专家。'),
 (298,55,'mandarin','Amentum','维护和支持服务提供商。'),
 (299,56,'mandarin','Brink''s','安全物流和装甲运输服务提供商。'),
 (300,57,'mandarin','GardaWorld','现金物流和运输服务提供商。'),
 (301,58,'mandarin','Iron Mountain','安全存储和记录管理服务提供商。'),
 (302,59,'mandarin','Academi','私人军事培训服务提供商。'),
 (303,60,'mandarin','G4S','全球安全服务提供商。'),
 (304,61,'mandarin','Allied Universal','安全和设施保护服务提供商。'),
 (305,62,'mandarin','Control Risks','风险和安全咨询服务提供商。'),
 (306,63,'mandarin','MITRE','防务和系统研究机构。'),
 (307,64,'mandarin','UL Solutions','安全测试和认证服务提供商。'),
 (308,65,'mandarin','Veolia','危险废物处理服务提供商。'),
 (309,66,'mandarin','Hikvision','视频监控系统制造商。'),
 (310,67,'mandarin','SGS','检验、验证和认证服务提供商。'),
 (311,68,'mandarin','KBR','防务和政府合同服务提供商。'),
 (312,69,'mandarin','Anonymous','卖方身份未披露或未验证。'),
 (313,70,'mandarin','Winchester','传奇美国枪械制造商，生产Model 1894步枪和Model 1897霰弹枪。'),
 (314,71,'mandarin','Walther','以PPK手枪闻名的德国精密枪械制造商。'),
 (315,72,'mandarin','Mauser','以C96和Kar98k闻名的德国历史枪械制造商。'),
 (316,73,'mandarin','Kalashnikov Concern','生产AK-47的俄罗斯武器制造商。'),
 (317,74,'mandarin','Remington Arms','生产Model 700步枪和Model 870霰弹枪的美国制造商。'),
 (318,75,'mandarin','Smith & Wesson','以Model 29左轮手枪闻名的美国公司。'),
 (319,76,'mandarin','Beretta','世界上最古老的在运营枪械制造商，生产M9手枪。'),
 (320,77,'mandarin','Springfield Armory','历史悠久的美国兵工厂及现代民用枪械制造商。'),
 (321,78,'mandarin','Steyr Mannlicher','以AUG步枪闻名的奥地利制造商。'),
 (322,79,'mandarin','IMI Systems','生产Uzi和Desert Eagle的以色列制造商。'),
 (323,80,'mandarin','Accuracy International','为精英部队制造精密狙击步枪的英国公司。'),
 (324,81,'mandarin','L3 Technologies','生产夜视和先进瞄准系统的美国防务承包商。'),
 (325,82,'filipino','Armsdealer','Ang sariling brand ng Armsdealer — pinili, na-verify, at direktang kinuha ng aming procurement team. Ang bawat listing na may tatak na Armsdealer ay nakakatugon sa pinakamataas na pamantayan ng kalidad at pagiging tunay ng platform.'),
 (326,82,'japanese','Armsdealer','Armsdealerのハウスブランド — 当社の調達チームが厳選、検証、直接調達。Armsdealer ブランドのすべての商品はプラットフォーム最高水準の品質と真正性を満たしています。'),
 (327,82,'spanish','Armsdealer','La marca propia de Armsdealer — seleccionada, verificada y abastecida directamente por nuestro equipo de adquisiciones. Cada listado con la marca Armsdealer cumple los más altos estándares de calidad y autenticidad de la plataforma.'),
 (328,82,'mandarin','Armsdealer','Armsdealer自有品牌——由我们的采购团队精心挑选、核实并直接采购。每件Armsdealer品牌商品均符合平台最高的质量与真实性标准。');
INSERT INTO "categories" ("id","name","slug","type","icon_file","description") VALUES (1,'Firearms','firearms','product',NULL,'Guns and ranged weapons'),
 (2,'Blades','blades','product',NULL,'Knives, swords, and edged weapons'),
 (3,'Blunts','blunts','product',NULL,'Impact weapons like bats and clubs'),
 (4,'Projectile','projectile','product',NULL,'Bows, crossbows, and thrown weapons'),
 (5,'Explosives','explosives','product',NULL,'Explosive devices and materials'),
 (6,'Electronic','electronic','product',NULL,'Electronic warfare tools and devices'),
 (7,'Chemical','chemical','product',NULL,'Chemical-based tools or agents'),
 (8,'Biological','biological','product',NULL,'Biological-related materials'),
 (9,'Vehicle','vehicle','product',NULL,'Vehicles used in operations'),
 (10,'Cyber','cyber','product',NULL,'Cybersecurity and hacking tools'),
 (11,'Security','security','product',NULL,'Security-related equipment'),
 (12,'Ammunition','ammunition','product',NULL,'Bullets, shells, and cartridges'),
 (13,'Protective','protective','product',NULL,'Armor and protective gear'),
 (14,'Tactical','tactical','product',NULL,'Tactical gear and accessories'),
 (15,'Attachments','attachments','product',NULL,'Weapon attachments and add-ons'),
 (16,'Maintenance','maintenance-equipment','product',NULL,'Cleaning and repair tools'),
 (17,'Storage','storage-equipment','product',NULL,'Storage solutions'),
 (18,'Communication','communication','product',NULL,'Radios and communication tools'),
 (19,'Survival','survival','product',NULL,'Survival kits and gear'),
 (20,'Training','training-equipment','product',NULL,'Training tools and aids'),
 (21,'Manufacturing','manufacturing','service',NULL,'Production of equipment and tools'),
 (22,'Customization','customization','service',NULL,'Custom modifications and builds'),
 (23,'Maintenance ','maintenance-service','service',NULL,'Repair and upkeep services'),
 (24,'Transport','transport','service',NULL,'Logistics and transport services'),
 (25,'Storage Services','storage-service','service',NULL,'Secure storage services'),
 (26,'Training Services','training-service','service',NULL,'Skill and operational training'),
 (27,'Protection','protection','service',NULL,'Security and protection services'),
 (28,'Consulting','consulting','service',NULL,'Expert advice and planning'),
 (29,'Research','research','service',NULL,'Research and development'),
 (30,'Testing','testing','service',NULL,'Product and system testing'),
 (31,'Disposal','disposal','service',NULL,'Safe disposal services'),
 (32,'Surveillance','surveillance','service',NULL,'Monitoring and surveillance'),
 (33,'Contracting','contracting','service',NULL,'Contract-based operations');
INSERT INTO "category_translations" ("id","category_id","lang_code","name","description") VALUES (1,1,'filipino','Mga Baril','Mga baril at sandata sa malayo'),
 (2,2,'filipino','Mga Talim','Mga kutsilyo, espada, at matutulis na sandata'),
 (3,3,'filipino','Mga Pamalo','Mga sandata sa pagpukpok tulad ng bat at pamalo'),
 (4,4,'filipino','Proyektil','Busog, crossbow, at mga itinatapon na sandata'),
 (5,5,'filipino','Mga Pagsabog','Mga pagsabog na kagamitan at materyales'),
 (6,6,'filipino','Elektroniko','Mga kagamitan at aparato para sa elektronikong digmaan'),
 (7,7,'filipino','Kemikal','Mga kagamitan o ahente na nakabatay sa kemikal'),
 (8,8,'filipino','Biyolohikal','Mga materyales na may kaugnayan sa biyolohiya'),
 (9,9,'filipino','Sasakyan','Mga sasakyan na ginagamit sa mga operasyon'),
 (10,10,'filipino','Cyber','Mga kagamitan sa cybersecurity at pag-hack'),
 (11,11,'filipino','Seguridad','Mga kagamitan na may kaugnayan sa seguridad'),
 (12,12,'filipino','Bala','Mga bala, shell, at kartutso'),
 (13,13,'filipino','Protektibo','Armor at mga kagamitang pangproteksiyon'),
 (14,14,'filipino','Taktikal','Mga taktikal na kagamitan at aksesorya'),
 (15,15,'filipino','Mga Attachment','Mga attachment at dagdag sa sandata'),
 (16,16,'filipino','Pagpapanatili','Mga kagamitan sa paglilinis at pagkukumpuni'),
 (17,17,'filipino','Imbakan','Mga solusyon sa imbakan'),
 (18,18,'filipino','Komunikasyon','Mga radyo at kagamitan sa komunikasyon'),
 (19,19,'filipino','Kaligtasan','Mga survival kit at kagamitan'),
 (20,20,'filipino','Pagsasanay','Mga kagamitan at tulong sa pagsasanay'),
 (21,21,'filipino','Pagmamanupaktura','Produksyon ng mga kagamitan at kasangkapan'),
 (22,22,'filipino','Kustomisasyon','Mga pasadyang pagbabago at gawa'),
 (23,23,'filipino','Serbisyo sa Pagpapanatili','Mga serbisyo sa pagkukumpuni at pag-aalaga'),
 (24,24,'filipino','Transportasyon','Mga serbisyo sa logistik at transportasyon'),
 (25,25,'filipino','Serbisyo sa Imbakan','Mga ligtas na serbisyo sa imbakan'),
 (26,26,'filipino','Serbisyo sa Pagsasanay','Pagsasanay sa kasanayan at operasyon'),
 (27,27,'filipino','Proteksyon','Mga serbisyo sa seguridad at proteksyon'),
 (28,28,'filipino','Konsultasyon','Dalubhasang payo at pagpaplano'),
 (29,29,'filipino','Pananaliksik','Pananaliksik at pagpapaunlad'),
 (30,30,'filipino','Pagsubok','Pagsubok ng produkto at sistema'),
 (31,31,'filipino','Pagtatapon','Mga ligtas na serbisyo sa pagtatapon'),
 (32,32,'filipino','Pagmamasid','Pagmamatyag at pagsubaybay'),
 (33,33,'filipino','Kontratista','Mga operasyong batay sa kontrata'),
 (34,1,'japanese','銃器','銃および遠距離兵器'),
 (35,2,'japanese','刃物','ナイフ、剣、および刃物系武器'),
 (36,3,'japanese','鈍器','バットや棍棒などの打撃武器'),
 (37,4,'japanese','飛道具','弓、クロスボウ、および投擲武器'),
 (38,5,'japanese','爆発物','爆発装置および爆発物資'),
 (39,6,'japanese','電子機器','電子戦ツールおよびデバイス'),
 (40,7,'japanese','化学兵器','化学物質を用いたツールまたは薬剤'),
 (41,8,'japanese','生物兵器','生物関連素材'),
 (42,9,'japanese','車両','作戦で使用される車両'),
 (43,10,'japanese','サイバー','サイバーセキュリティおよびハッキングツール'),
 (44,11,'japanese','セキュリティ','セキュリティ関連機器'),
 (45,12,'japanese','弾薬','弾丸、砲弾、およびカートリッジ'),
 (46,13,'japanese','防護具','アーマーおよび防護装備'),
 (47,14,'japanese','戦術装備','戦術ギアおよびアクセサリー'),
 (48,15,'japanese','アタッチメント','武器アタッチメントおよびアドオン'),
 (49,16,'japanese','メンテナンス','清掃および修理ツール'),
 (50,17,'japanese','保管','保管ソリューション'),
 (51,18,'japanese','通信','無線機および通信ツール'),
 (52,19,'japanese','サバイバル','サバイバルキットおよび装備'),
 (53,20,'japanese','トレーニング','トレーニングツールおよび補助具'),
 (54,21,'japanese','製造','機器およびツールの生産'),
 (55,22,'japanese','カスタマイズ','カスタム改造およびビルド'),
 (56,23,'japanese','メンテナンスサービス','修理および維持管理サービス'),
 (57,24,'japanese','輸送','物流および輸送サービス'),
 (58,25,'japanese','保管サービス','安全な保管サービス'),
 (59,26,'japanese','トレーニングサービス','スキルおよび作戦トレーニング'),
 (60,27,'japanese','警護','セキュリティおよび保護サービス'),
 (61,28,'japanese','コンサルティング','専門的なアドバイスと計画'),
 (62,29,'japanese','研究','研究および開発'),
 (63,30,'japanese','テスト','製品およびシステムのテスト'),
 (64,31,'japanese','廃棄','安全な廃棄サービス'),
 (65,32,'japanese','監視','モニタリングおよび監視'),
 (66,33,'japanese','契約業務','契約に基づく業務'),
 (67,1,'spanish','Armas de Fuego','Pistolas y armas de largo alcance'),
 (68,2,'spanish','Armas Blancas','Cuchillos, espadas y armas con filo'),
 (69,3,'spanish','Armas Contundentes','Armas de impacto como bates y porras'),
 (70,4,'spanish','Proyectiles','Arcos, ballestas y armas arrojadizas'),
 (71,5,'spanish','Explosivos','Dispositivos y materiales explosivos'),
 (72,6,'spanish','Electrónico','Herramientas y dispositivos de guerra electrónica'),
 (73,7,'spanish','Químico','Herramientas o agentes de base química'),
 (74,8,'spanish','Biológico','Materiales relacionados con agentes biológicos'),
 (75,9,'spanish','Vehículos','Vehículos utilizados en operaciones'),
 (76,10,'spanish','Cibernético','Herramientas de ciberseguridad y hacking'),
 (77,11,'spanish','Seguridad','Equipos relacionados con la seguridad'),
 (78,12,'spanish','Munición','Balas, proyectiles y cartuchos'),
 (79,13,'spanish','Protector','Armadura y equipo de protección'),
 (80,14,'spanish','Táctico','Equipo táctico y accesorios'),
 (81,15,'spanish','Accesorios','Accesorios y complementos para armas'),
 (82,16,'spanish','Mantenimiento','Herramientas de limpieza y reparación'),
 (83,17,'spanish','Almacenamiento','Soluciones de almacenamiento'),
 (84,18,'spanish','Comunicación','Radios y herramientas de comunicación'),
 (85,19,'spanish','Supervivencia','Kits y equipo de supervivencia'),
 (86,20,'spanish','Entrenamiento','Herramientas y ayudas de entrenamiento'),
 (87,21,'spanish','Fabricación','Producción de equipos y herramientas'),
 (88,22,'spanish','Personalización','Modificaciones y construcciones personalizadas'),
 (89,23,'spanish','Servicio de Mantenimiento','Servicios de reparación y mantenimiento'),
 (90,24,'spanish','Transporte','Servicios de logística y transporte'),
 (91,25,'spanish','Servicios de Almacenamiento','Servicios de almacenamiento seguro'),
 (92,26,'spanish','Servicios de Entrenamiento','Entrenamiento de habilidades y operaciones'),
 (93,27,'spanish','Protección','Servicios de seguridad y protección'),
 (94,28,'spanish','Consultoría','Asesoramiento experto y planificación'),
 (95,29,'spanish','Investigación','Investigación y desarrollo'),
 (96,30,'spanish','Pruebas','Pruebas de productos y sistemas'),
 (97,31,'spanish','Eliminación','Servicios de eliminación segura'),
 (98,32,'spanish','Vigilancia','Monitoreo y vigilancia'),
 (99,33,'spanish','Contratación','Operaciones basadas en contratos'),
 (100,1,'mandarin','枪械','枪支和远程武器'),
 (101,2,'mandarin','刀刃','刀具、剑及刃器武器'),
 (102,3,'mandarin','钝器','球棒和棍棒等冲击性武器'),
 (103,4,'mandarin','投射物','弓、弩及投掷武器'),
 (104,5,'mandarin','爆炸物','爆炸装置及材料'),
 (105,6,'mandarin','电子设备','电子战工具和设备'),
 (106,7,'mandarin','化学品','化学类工具或制剂'),
 (107,8,'mandarin','生物材料','与生物相关的材料'),
 (108,9,'mandarin','车辆','用于行动的车辆'),
 (109,10,'mandarin','网络','网络安全和黑客工具'),
 (110,11,'mandarin','安保','安保相关设备'),
 (111,12,'mandarin','弹药','子弹、炮弹和弹筒'),
 (112,13,'mandarin','防护装备','盔甲和防护装备'),
 (113,14,'mandarin','战术装备','战术装备和配件'),
 (114,15,'mandarin','附件','武器附件和配件'),
 (115,16,'mandarin','维护','清洁和修理工具'),
 (116,17,'mandarin','存储','存储解决方案'),
 (117,18,'mandarin','通信','无线电和通信工具'),
 (118,19,'mandarin','生存','生存套件和装备'),
 (119,20,'mandarin','训练','训练工具和辅助设备'),
 (120,21,'mandarin','制造','设备和工具的生产'),
 (121,22,'mandarin','定制','定制改装和制造'),
 (122,23,'mandarin','维护服务','维修和保养服务'),
 (123,24,'mandarin','运输','物流和运输服务'),
 (124,25,'mandarin','存储服务','安全存储服务'),
 (125,26,'mandarin','培训服务','技能和作战培训'),
 (126,27,'mandarin','保护','安保和保护服务'),
 (127,28,'mandarin','咨询','专家建议和规划'),
 (128,29,'mandarin','研究','研究和开发'),
 (129,30,'mandarin','测试','产品和系统测试'),
 (130,31,'mandarin','处置','安全处置服务'),
 (131,32,'mandarin','监控','监测和监视'),
 (132,33,'mandarin','承包','基于合同的运营');
INSERT INTO "currencies" ("code","symbol","label","rate_to_php","is_active","updated_at") VALUES ('PHP','₱','PHP (₱)',1.0,1,'2026-04-24 03:34:57'),
 ('USD','$','USD ($)',0.0175,1,'2026-04-24 03:34:57'),
 ('EUR','€','EUR (€)',0.0162,1,'2026-04-24 03:34:57'),
 ('JPY','¥','JPY (JP¥)',2.627,1,'2026-04-14 06:58:41'),
 ('CNY','¥','CNY (CN¥)',0.127,1,'2026-04-14 06:58:41');
INSERT INTO "languages" ("code","label","locale","is_active","sort_order") VALUES ('english','English','en',1,1),
 ('filipino','Filipino','fil',1,2),
 ('japanese','Japanese','ja',1,3),
 ('spanish','Spanish','es',1,4),
 ('mandarin','Mandarin','zh',1,5);
INSERT INTO "product_images" ("id","product_id","image_file","sort_order","created_at") VALUES (1,1,'glock 19 gen5.png',1,'2026-05-03 12:48:09'),
 (2,1,'glock 43x.png',2,'2026-05-03 12:48:09'),
 (3,1,'glock 21 gen4.png',3,'2026-05-03 12:48:09'),
 (4,1,'glock 34 gen5 mos.png',4,'2026-05-03 12:48:09');
INSERT INTO "products" ("id","name","slug","category_id","subcategory_id","brand_id","description","price","discount","stock","rating","sales_count","image_file","tags","is_authorized","created_at","updated_at") VALUES (1,'Glock 17 Gen5','glock-17-gen5',1,1,1,'Full-size 9mm service pistol. 17-round magazine, nDLC finish, Marksman barrel.',29990.0,0.0,45,4.8,312,'glock 17 gen5.png','["9mm","pistol","full-size","police"]',1,'2026-04-24 13:58:44','2026-04-24 13:58:44'),
 (2,'Glock 19 Gen5','glock-19-gen5',1,1,1,'Compact 9mm pistol. 15-round magazine, front serrations, ambidextrous slide stop.',27990.0,5.0,60,4.9,487,'glock 19 gen5.png','["9mm","compact","concealed-carry"]',1,'2026-04-24 13:58:44','2026-04-24 13:58:44'),
 (3,'Glock 43X','glock-43x',1,1,1,'Slimline 9mm subcompact. 10-round magazine, extended grip frame.',24990.0,0.0,38,4.7,203,'glock 43x.png','["9mm","subcompact","slim","concealed-carry"]',1,'2026-04-24 13:58:44','2026-04-24 13:58:44'),
 (4,'Glock 21 Gen4','glock-21-gen4',1,1,1,'.45 ACP full-size pistol. 13-round magazine, dual recoil spring assembly.',31990.0,0.0,22,4.6,98,'glock 21 gen4.png','[".45acp","full-size","pistol"]',1,'2026-04-24 13:58:44','2026-04-24 13:58:44'),
 (5,'Glock 34 Gen5 MOS','glock-34-gen5-mos',1,1,1,'Competition-ready 9mm. Long slide, optic-ready MOS cut, ported barrel.',34990.0,0.0,18,4.8,74,'glock 34 gen5 mos.png','["9mm","competition","optic-ready"]',1,'2026-04-24 13:58:44','2026-04-24 13:58:44'),
 (6,'Colt 1911 Government','colt-1911-government',1,1,2,'Iconic .45 ACP single-action pistol. Full-size steel frame, 7-round magazine.',47990.0,0.0,30,4.7,156,'colt 1911 government.png','[".45acp","1911","classic","single-action"]',1,'2026-04-24 13:58:44','2026-04-24 13:58:44'),
 (7,'Colt Python .357','colt-python-357',1,1,2,'.357 Magnum double-action revolver. 6-inch barrel, stainless steel finish.',89990.0,0.0,12,4.9,44,'colt python .357.png','[".357mag","revolver","premium"]',1,'2026-04-24 13:58:44','2026-04-24 13:58:44'),
 (8,'Colt Cobra','colt-cobra',1,1,2,'.38 Special snub-nose revolver. 2-inch barrel, aluminum frame.',37990.0,0.0,20,4.5,67,'colt cobra.png','[".38special","revolver","compact"]',1,'2026-04-24 13:58:44','2026-04-24 13:58:44'),
 (9,'HK USP 9mm','hk-usp-9mm',1,1,3,'Universal Self-loading Pistol in 9mm. Polymer frame, DA/SA trigger, 15-round magazine.',42990.0,0.0,25,4.7,130,'hk usp 9mm.png','["9mm","hk","da-sa","service-pistol"]',1,'2026-04-24 13:58:44','2026-04-24 13:58:44'),
 (10,'HK P30L','hk-p30l',1,1,3,'9mm long-slide variant. 18-round magazine, interchangeable grip panels.',46990.0,0.0,18,4.8,88,'hk p30l.png','["9mm","long-slide","modular"]',1,'2026-04-24 13:58:44','2026-04-24 13:58:44'),
 (11,'HK VP9','hk-vp9',1,1,3,'Striker-fired 9mm. 15-round magazine, paddle mag release, fully ambidextrous.',44990.0,5.0,32,4.8,141,'hk vp9.png','["9mm","striker","ambidextrous"]',1,'2026-04-24 13:58:44','2026-04-24 13:58:44'),
 (12,'Sig Sauer P320 M17','sig-p320-m17',1,1,4,'U.S. Army adopted full-size 9mm. Modular fire control unit, 17-round magazine.',48990.0,0.0,28,4.9,198,'sig sauer p320 m17.png','["9mm","military","modular","army"]',1,'2026-04-24 13:58:44','2026-04-24 13:58:44'),
 (13,'Sig Sauer P226','sig-p226',1,1,4,'9mm DA/SA full-size pistol. 15-round magazine, SIG rail, decocker.',52990.0,0.0,22,4.8,162,'sig p226.png','["9mm","navy-seal","da-sa","premium"]',1,'2026-04-24 13:58:44','2026-04-24 13:58:44'),
 (14,'Sig Sauer P365 XL','sig-p365-xl',1,1,4,'Micro-compact 9mm with extended grip. 12-round magazine, ROMEO Zero optic cut.',34990.0,0.0,40,4.7,223,'sig sauer p365 xl.png','["9mm","micro-compact","edc"]',1,'2026-04-24 13:58:44','2026-04-24 13:58:44'),
 (15,'FN Five-seveN','fn-five-seven',1,1,5,'5.7x28mm semi-auto pistol. 20-round magazine, ambidextrous controls, optic-ready.',64990.0,0.0,15,4.8,79,'fn five-seven.png','["5.7x28mm","high-capacity","low-recoil"]',1,'2026-04-24 13:58:44','2026-04-24 13:58:44'),
 (16,'FN 509 Tactical','fn-509-tactical',1,1,5,'9mm optic-ready tactical pistol. 24-round magazine, threaded barrel, flared magwell.',54990.0,10.0,20,4.7,95,'fn 509 tactical.png','["9mm","tactical","suppressor-ready"]',1,'2026-04-24 13:58:44','2026-04-24 13:58:44'),
 (17,'Colt M4A1 Carbine','colt-m4a1',1,2,2,'Military-spec M4A1 carbine in 5.56x45mm. 14.5-inch barrel, full-auto, mil-spec trigger group.',189990.0,0.0,10,4.9,87,'colt m4a1 carbine.png','["5.56","carbine","military","assault-rifle"]',1,'2026-04-24 13:58:44','2026-04-24 13:58:44'),
 (18,'Colt AR-15 A4','colt-ar15-a4',1,2,2,'Semi-automatic 5.56mm rifle. 20-inch barrel, fixed A2 stock, mil-spec forged receiver.',149990.0,0.0,15,4.7,112,'colt ar-15 a4.png','["5.56","ar-15","semi-auto","precision"]',1,'2026-04-24 13:58:44','2026-04-24 13:58:44'),
 (19,'HK G36C','hk-g36c',1,2,3,'5.56mm compact assault rifle. Folding stock, integrated optic rail, 30-round magazine.',224990.0,0.0,8,4.8,55,'hk g36c.png','["5.56","assault-rifle","compact","police"]',1,'2026-04-24 13:58:44','2026-04-24 13:58:44'),
 (20,'HK 416 D14.5RS','hk-416-d145rs',1,2,3,'5.56mm gas piston rifle. 14.5-inch barrel, cold hammer-forged, used by SEAL Team Six.',279990.0,0.0,6,4.9,41,'hk 416 d14.5rs.png','["5.56","gas-piston","elite","military"]',1,'2026-04-24 13:58:44','2026-04-24 13:58:44'),
 (21,'Sig Sauer MCX Spear','sig-mcx-spear',1,2,4,'6.8x51mm NGSW contender. Next-gen squad weapon, folding stock, suppressor-ready.',349990.0,0.0,5,4.9,28,'sig sauer mcx spear.png','["6.8x51","next-gen","military"]',1,'2026-04-24 13:58:44','2026-04-24 13:58:44'),
 (22,'Sig Sauer M400 Tread','sig-m400-tread',1,2,4,'5.56mm AR-platform rifle. 16-inch barrel, Magpul stock, 30-round PMAG.',89990.0,5.0,20,4.6,134,'sig sauer m400 tread.png','["5.56","ar-platform","budget-friendly"]',1,'2026-04-24 13:58:44','2026-04-24 13:58:44'),
 (23,'FN SCAR 16S','fn-scar-16s',1,2,5,'5.56mm modular combat rifle. 16-inch barrel, folding stock, side-charging handle.',199990.0,0.0,12,4.8,96,'fn scar 16s.png','["5.56","scar","modular","socom"]',1,'2026-04-24 13:58:44','2026-04-24 13:58:44'),
 (24,'FN SCAR 17S','fn-scar-17s',1,2,5,'7.62x51mm heavy-variant SCAR. Semi-auto, 20-round magazine, folding adjustable stock.',239990.0,0.0,9,4.9,61,'fn scar 17s.png','["7.62","scar","designated-marksman"]',1,'2026-04-24 13:58:44','2026-04-24 13:58:44'),
 (25,'Mossberg 500 Tactical','mossberg-500-tactical',1,3,5,'12-gauge pump-action shotgun. 18.5-inch barrel, pistol grip, 6+1 capacity.',29990.0,0.0,30,4.6,143,'mossberg 500 tactical.png','["12gauge","pump","tactical","breaching"]',1,'2026-04-24 13:58:44','2026-04-24 13:58:44'),
 (26,'Benelli M4 Super 90','benelli-m4',1,3,5,'12-gauge semi-auto combat shotgun. ARGO gas system, 7+1 capacity, mil-spec.',84990.0,0.0,14,4.9,78,'benelli m4 super 90.png','["12gauge","semi-auto","combat","military"]',1,'2026-04-24 13:58:44','2026-04-24 13:58:44'),
 (27,'Remington 870 Police','remington-870-police',1,3,2,'12-gauge pump-action police shotgun. Parkerized finish, rifle sights, 6+1 capacity.',24990.0,0.0,35,4.5,189,'remington 870 police.png','["12gauge","pump","police","classic"]',1,'2026-04-24 13:58:44','2026-04-24 13:58:44'),
 (28,'Franchi SPAS-12','franchi-spas-12',1,3,5,'12-gauge combat shotgun. Dual mode pump/semi-auto, folding stock, 8+1 capacity.',74990.0,0.0,10,4.7,52,'franchi spas-12.png','["12gauge","dual-mode","combat"]',1,'2026-04-24 13:58:44','2026-04-24 13:58:44'),
 (29,'HK MP5A3','hk-mp5a3',1,4,3,'9mm submachine gun with retractable stock. 30-round magazine, roller-delayed blowback.',149990.0,0.0,12,4.9,97,'hk mp5a3.png','["9mm","smg","police","close-quarters"]',1,'2026-04-24 13:58:44','2026-04-24 13:58:44'),
 (30,'HK MP5SD','hk-mp5sd',1,4,3,'Integrally suppressed 9mm SMG. Built-in suppressor, wet/dry operation.',189990.0,0.0,8,4.8,55,'hk mp5sd.png','["9mm","suppressed","smg","covert"]',1,'2026-04-24 13:58:44','2026-04-24 13:58:44'),
 (31,'HK UMP45','hk-ump45',1,4,3,'.45 ACP tactical SMG. 25-round magazine, polymer frame, ambidextrous controls.',159990.0,0.0,10,4.7,63,'hk ump45.png','[".45acp","smg","tactical"]',1,'2026-04-24 13:58:44','2026-04-24 13:58:44'),
 (32,'Sig Sauer MPX','sig-mpx',1,4,4,'9mm gas-operated SMG. 30-round magazine, AR-style controls, foldable stock.',134990.0,5.0,15,4.8,82,'sig sauer mpx.png','["9mm","smg","ar-controls","compact"]',1,'2026-04-24 13:58:44','2026-04-24 13:58:44'),
 (33,'FN P90','fn-p90',1,4,5,'5.7x28mm bullpup PDW/SMG. 50-round top-mounted magazine, fully ambidextrous.',169990.0,0.0,8,4.9,71,'fn p90.png','["5.7x28","pdw","bullpup","high-capacity"]',1,'2026-04-24 13:58:44','2026-04-24 13:58:44'),
 (34,'FN M249 SAW','fn-m249-saw',1,5,5,'5.56mm light machine gun. 200-round belt, bipod, quick-change barrel.',449990.0,0.0,5,4.9,22,'fn m249 saw.png','["5.56","lmg","squad-support","belt-fed"]',1,'2026-04-24 13:58:44','2026-04-24 13:58:44'),
 (35,'FN M240B','fn-m240b',1,5,5,'7.62x51mm general purpose machine gun. Sustained fire capability, vehicle mount compatible.',549990.0,0.0,4,4.8,18,'fn m240b.png','["7.62","gpmg","vehicle","military"]',1,'2026-04-24 13:58:44','2026-04-24 13:58:44'),
 (36,'HK MG4','hk-mg4',1,5,3,'5.56mm belt-fed LMG. Quick-change barrel, integral bipod, folding stock.',489990.0,0.0,4,4.8,14,'hk mg4.png','["5.56","belt-fed","lmg","modern"]',1,'2026-04-24 13:58:44','2026-04-24 13:58:44'),
 (37,'Browning M2HB .50 Cal','browning-m2hb',1,5,2,'.50 BMG heavy machine gun. Vehicle/tripod mounted, 600 rpm cyclic rate.',999990.0,0.0,2,4.9,8,'browning m2hb .50 cal.png','[".50bmg","heavy","vehicle-mount","iconic"]',1,'2026-04-24 13:58:44','2026-04-24 13:58:44'),
 (38,'Sig Sauer MRAD','sig-mrad',1,6,4,'Multi-caliber bolt-action precision rifle. Folding stock, 24-inch barrel, user-interchangeable barrels.',299990.0,0.0,8,4.9,37,'sig sauer mrad.png','["multi-caliber","bolt-action","precision","sniper"]',1,'2026-04-24 13:58:44','2026-04-24 13:58:44'),
 (39,'HK PSG1','hk-psg1',1,6,3,'7.62x51mm semi-auto sniper rifle. Tripod rest, adjustable stock, 20-round magazine.',349990.0,0.0,5,4.8,24,'hk psg1.png','["7.62","semi-auto","precision","german"]',1,'2026-04-24 13:58:44','2026-04-24 13:58:44'),
 (40,'FN SCAR 20S','fn-scar-20s',1,6,5,'7.62x51mm precision designated marksman rifle. 20-inch barrel, adjustable stock.',279990.0,0.0,7,4.8,31,'fn scar 20s.png','["7.62","dmr","precision","scar"]',1,'2026-04-24 13:58:44','2026-04-24 13:58:44'),
 (41,'Colt M110A1 CSASS','colt-m110a1',1,6,2,'6.5 Creedmoor compact semi-auto sniper. Suppressor-ready, 24-inch barrel.',324990.0,0.0,6,4.8,19,'colt m110a1 csass.png','["6.5cm","csass","army","precision"]',1,'2026-04-24 13:58:44','2026-04-24 13:58:44'),
 (42,'Barrett M82A1','barrett-m82a1',1,6,5,'.50 BMG semi-auto anti-materiel rifle. 10-round magazine, recoil-operated, bipod.',749990.0,0.0,3,5.0,12,'barrett m82a1.png','[".50bmg","anti-materiel","long-range"]',1,'2026-04-24 13:58:44','2026-04-24 13:58:44'),
 (43,'Colt M4 Carbine','colt-m4-carbine',1,7,2,'5.56mm military carbine. 14.5-inch barrel, collapsible stock, 30-round magazine.',169990.0,0.0,14,4.8,109,'colt m4 carbine.png','["5.56","carbine","military","ar-15"]',1,'2026-04-24 13:58:44','2026-04-24 13:58:44'),
 (44,'Sig Sauer MCX Rattler','sig-mcx-rattler',1,7,4,'300 Blackout ultra-compact carbine. 5.5-inch barrel, folding stock, suppressor-ready.',224990.0,0.0,10,4.9,51,'sig sauer mcx rattler.png','["300blk","sbr","compact","suppressor-host"]',1,'2026-04-24 13:58:44','2026-04-24 13:58:44'),
 (45,'HK G36KV','hk-g36kv',1,7,3,'5.56mm compact carbine. 12.5-inch barrel, folding stock, 30-round magazine.',239990.0,0.0,8,4.8,43,'hk g36kv.png','["5.56","compact","carbine","police"]',1,'2026-04-24 13:58:44','2026-04-24 13:58:44'),
 (46,'HK MP7A2','hk-mp7a2',1,4,3,'4.6x30mm PDW. 40-round magazine, integral folding foregrip, extendable stock.',149990.0,0.0,12,4.9,66,'hk mp7a2.png','["4.6x30mm","pdw","compact","military"]',1,'2026-04-24 13:58:44','2026-04-24 13:58:44'),
 (47,'Sig Sauer MCX Virtus PDW','sig-mcx-virtus-pdw',1,4,4,'300 Blackout PDW configuration. Short barrel, foldable brace, rail system.',189990.0,0.0,9,4.7,38,'sig sauer mcx virtus pdw.png','["300blk","pdw","compact","rail"]',1,'2026-04-24 13:58:44','2026-04-24 13:58:44'),
 (48,'FN EVOLYS','fn-evolys',1,5,5,'5.56mm ultra-light machine gun/PDW hybrid. 200-round belt or box mag, titanium components.',279990.0,0.0,5,4.8,20,'fn evolys.png','["5.56","ultra-light","pdw","hybrid"]',1,'2026-04-24 13:58:44','2026-04-24 13:58:44'),
 (49,'Benchmade Griptilian 551','benchmade-griptilian-551',2,9,6,'Everyday carry folding knife. 3.45-inch 154CM drop-point blade, AXIS lock.',8990.0,0.0,50,4.8,267,'benchmade griptilian 551.png','["folding","edc","axis-lock","154cm"]',1,'2026-04-24 13:58:44','2026-04-24 13:58:44'),
 (50,'Benchmade Nimravus 141','benchmade-nimravus-141',2,9,6,'Fixed-blade tactical knife. 4.5-inch 154CM clip-point, kydex sheath.',12990.0,0.0,35,4.7,178,'benchmade nimravus 141.png','["fixed-blade","tactical","kydex","military"]',1,'2026-04-24 13:58:44','2026-04-24 13:58:44'),
 (51,'Benchmade Infidel OTF','benchmade-infidel-otf',2,9,6,'Double-action OTF automatic knife. 3.95-inch D2 dagger blade, aluminum handle.',24990.0,0.0,25,4.9,134,'benchmade infidel otf.png','["otf","automatic","dagger","d2"]',1,'2026-04-24 13:58:44','2026-04-24 13:58:44'),
 (52,'KA-BAR USMC Fighting Knife','kabar-usmc',2,9,7,'Classic 7-inch 1095 Cro-Van fixed blade. Leather stacked handle, USMC spec.',5990.0,0.0,80,4.9,432,'ka-bar usmc fighting knife.png','["usmc","fixed-blade","military","classic"]',1,'2026-04-24 13:58:44','2026-04-24 13:58:44'),
 (53,'KA-BAR Becker BK2','kabar-becker-bk2',2,9,7,'Heavy-duty 5.25-inch 1095 Cro-Van fixed blade. Zytel handle, field knife.',7990.0,0.0,45,4.8,213,'ka-bar becker bk2.png','["fixed-blade","survival","1095","heavy-duty"]',1,'2026-04-24 13:58:44','2026-04-24 13:58:44'),
 (54,'Cold Steel Recon 1','cold-steel-recon-1',2,9,8,'Folding 4-inch S35VN tanto blade. Tri-Ad lock, G10 handle.',9990.0,0.0,40,4.7,189,'cold steel recon 1.png','["folding","tanto","s35vn","trilock"]',1,'2026-04-24 13:58:44','2026-04-24 13:58:44'),
 (55,'Cold Steel SRK','cold-steel-srk',2,9,8,'Survival Rescue Knife, 6-inch SK-5 blade. Kraton handle, kydex sheath.',6990.0,0.0,60,4.6,245,'cold steel srk.png','["survival","rescue","fixed-blade","sk5"]',1,'2026-04-24 13:58:44','2026-04-24 13:58:44'),
 (56,'Cold Steel Katana','cold-steel-katana',2,10,8,'Hand-forged 1090 high carbon steel katana. 28-inch blade, ray-skin tsuka wrap.',34990.0,0.0,20,4.7,87,'cold steel katana.png','["katana","japanese","high-carbon","hand-forged"]',1,'2026-04-24 13:58:44','2026-04-24 13:58:44'),
 (57,'Cold Steel Grosse Messer','cold-steel-grosse-messer',2,10,8,'Medieval single-handed sword. 32-inch 1055 carbon steel, D-guard handle.',29990.0,0.0,15,4.6,52,'cold steel grosse messer.png','["medieval","sword","carbon-steel","one-handed"]',1,'2026-04-24 13:58:44','2026-04-24 13:58:44'),
 (58,'Benchmade SOCP Dagger','benchmade-socp-dagger',2,10,6,'Special Operations Combatives Program dagger. 3.22-inch 440C fixed blade, ring handle.',15990.0,0.0,25,4.8,96,'benchmade socp dagger.png','["dagger","socp","military","special-ops"]',1,'2026-04-24 13:58:44','2026-04-24 13:58:44'),
 (59,'KA-BAR TDI Law Enforcement','kabar-tdi-le',2,11,7,'Angled fixed-blade defensive dagger. 2.31-inch AUS-8A, designed for retention holster draw.',4990.0,0.0,40,4.7,143,'ka-bar tdi law enforcement.png','["dagger","law-enforcement","defensive","compact"]',1,'2026-04-24 13:58:44','2026-04-24 13:58:44'),
 (60,'Cold Steel Double Agent','cold-steel-double-agent',2,11,8,'Double-edged neck knife dagger. 3-inch AUS-8A blade, Kray-Ex handle, concealment sheath.',3990.0,0.0,55,4.5,176,'cold steel double agent.png','["neck-knife","dagger","concealment","double-edge"]',1,'2026-04-24 13:58:44','2026-04-24 13:58:44'),
 (61,'Benchmade Phaeton Auto','benchmade-phaeton-auto',2,11,6,'Double-action OTF automatic dagger. 3.1-inch 154CM double edge, anodized aluminum.',21990.0,0.0,18,4.9,89,'benchmade phaeton auto.png','["otf","automatic","dagger","154cm"]',1,'2026-04-24 13:58:44','2026-04-24 13:58:44'),
 (62,'Cold Steel Latin Machete','cold-steel-latin-machete',2,12,8,'18-inch 1055 carbon steel Latin-pattern machete. Polypropylene handle.',3490.0,0.0,70,4.5,310,'cold steel latin machete.png','["machete","18-inch","latin","utility"]',1,'2026-04-24 13:58:44','2026-04-24 13:58:44'),
 (63,'Cold Steel Panga Machete','cold-steel-panga-machete',2,12,8,'17-inch 1055 carbon machete, panga pattern. Forward curve for heavy chopping.',3990.0,0.0,55,4.6,245,'cold steel panga machete.png','["machete","panga","chopping","tactical"]',1,'2026-04-24 13:58:44','2026-04-24 13:58:44'),
 (64,'KA-BAR M7 Bayonet','kabar-m7-bayonet',2,13,7,'M7 pattern bayonet for M16/AR-15. 6.75-inch 1095 blade, scabbard included.',5490.0,0.0,40,4.8,167,'ka-bar m7 bayonet.png','["bayonet","m7","m16","ar-15"]',1,'2026-04-24 13:58:44','2026-04-24 13:58:44'),
 (65,'Cold Steel M9 Bayonet','cold-steel-m9-bayonet',2,13,8,'M9 pattern wire-cutting bayonet. 7-inch 420HC blade, polymer grip and scabbard.',6490.0,0.0,35,4.6,121,'cold steel m9 bayonet.png','["bayonet","m9","wire-cutter","military"]',1,'2026-04-24 13:58:44','2026-04-24 13:58:44'),
 (66,'Cold Steel Trail Boss Axe','cold-steel-trail-boss',2,14,8,'24-inch American pattern axe. 1055 carbon steel head, American hickory handle.',8990.0,0.0,30,4.7,94,'cold steel trail boss axe.png','["axe","american-pattern","carbon-steel","utility"]',1,'2026-04-24 13:58:44','2026-04-24 13:58:44'),
 (67,'Benchmade Steep Country Hunter','benchmade-steep-country-hunter',2,14,6,'Hunting hatchet/knife combo. CPM-S30V fixed blade, AXIS lock folder included.',24990.0,0.0,20,4.8,67,'benchmade steep country hunter.png','["hatchet","hunting","cpms30v","combo"]',1,'2026-04-24 13:58:44','2026-04-24 13:58:44'),
 (68,'Cold Steel Rifleman Tomahawk','cold-steel-rifleman-tomahawk',2,15,8,'Tactical throwing tomahawk. 22-inch overall, 1055 carbon head, spike poll.',5990.0,0.0,45,4.7,189,'cold steel rifleman tomahawk.png','["tomahawk","tactical","throwing","1055"]',1,'2026-04-24 13:58:44','2026-04-24 13:58:44'),
 (69,'KA-BAR Warthog Tomahawk','kabar-warthog-tomahawk',2,15,7,'Tactical tomahawk hatchet. 2.75-inch 1085 carbon blade, glass-filled nylon handle.',4990.0,0.0,38,4.6,142,'ka-bar warthog tomahawk.png','["tomahawk","hatchet","tactical","1085"]',1,'2026-04-24 13:58:44','2026-04-24 13:58:44'),
 (70,'Cold Steel SEAL Team Spear','cold-steel-seal-spear',2,16,8,'Full-tang 13-inch 4116 stainless spear point fixed blade on 7-foot ash staff.',14990.0,0.0,15,4.6,43,'cold steel seal team spear.png','["spear","seal","tactical","staff"]',1,'2026-04-24 13:58:44','2026-04-24 13:58:44'),
 (71,'Cold Steel Partisan','cold-steel-partisan',2,17,8,'Historical partisan polearm. Carbon steel flanged head, hardwood staff.',19990.0,0.0,10,4.5,28,'cold steel partisan.png','["polearm","historical","partisan"]',1,'2026-04-24 13:58:44','2026-04-24 13:58:44'),
 (72,'Cold Steel War Hammer','cold-steel-war-hammer',2,17,8,'Medieval war hammer with spike. Carbon steel head, 24-inch hickory haft.',12990.0,0.0,20,4.6,51,'cold steel war hammer.png','["war-hammer","polearm","medieval","spike"]',1,'2026-04-24 13:58:44','2026-04-24 13:58:44'),
 (73,'Cold Steel True Flight Thrower','cold-steel-true-flight',2,18,8,'Balanced 12-inch throwing knife. 1055 carbon steel, no-handle design, 3-pack.',3490.0,0.0,50,4.6,213,'cold steel true flight thrower.png','["throwing-knife","balanced","1055","3-pack"]',1,'2026-04-24 13:58:44','2026-04-24 13:58:44'),
 (74,'KA-BAR Throwing Knife Set','kabar-throwing-set',2,18,7,'12-inch stainless throwing knives. 3-piece set with nylon sheath.',2990.0,0.0,60,4.4,178,'ka-bar throwing knife set.png','["throwing","stainless","set","sheath"]',1,'2026-04-24 13:58:44','2026-04-24 13:58:44'),
 (75,'ASP Agent Baton 26"','asp-agent-baton-26',3,19,9,'26-inch friction-lock expandable baton. Aircraft-grade aluminum, DuPont finish.',12990.0,0.0,40,4.8,198,'asp agent baton 26.png','["baton","expandable","26-inch","police"]',1,'2026-04-24 13:58:44','2026-04-24 13:58:44'),
 (76,'ASP Talon Airweight 21"','asp-talon-21',3,19,9,'21-inch ultra-light Airweight baton. Chrome vanadium steel, ClearCoat finish.',9990.0,0.0,55,4.7,243,'asp talon airweight 21.png','["baton","lightweight","21-inch","law-enforcement"]',1,'2026-04-24 13:58:44','2026-04-24 13:58:44'),
 (77,'ASP Scalloped Baton 16"','asp-scalloped-16',3,19,9,'16-inch compact friction-lock baton with scalloped handle. PVC grip.',7490.0,0.0,60,4.5,187,'asp scalloped baton 16.png','["baton","compact","16-inch","concealed"]',1,'2026-04-24 13:58:44','2026-04-24 13:58:44'),
 (78,'Cold Steel Brooklyn Basher','cold-steel-brooklyn-basher',3,19,8,'24-inch polypropylene club/baton. Impact-resistant, baseball bat profile.',2490.0,0.0,80,4.5,354,'cold steel brooklyn basher.png','["baton","polypropylene","club","utility"]',1,'2026-04-24 13:58:44','2026-04-24 13:58:44'),
 (79,'Cold Steel Sjambok','cold-steel-sjambok',3,20,8,'50-inch HDPE flexible club/whip. Impact-resistant polymer, traditional African design.',1990.0,0.0,70,4.4,289,'cold steel sjambok.png','["club","sjambok","flexible","polymer"]',1,'2026-04-24 13:58:44','2026-04-24 13:58:44'),
 (80,'Cold Steel Koga SD1','cold-steel-koga-sd1',3,20,8,'Kubotan impact tool. High-impact Grivory polymer, 5.5 inches.',990.0,0.0,100,4.6,412,'cold steel koga sd1.png','["kubotan","impact","compact","polymer"]',1,'2026-04-24 13:58:44','2026-04-24 13:58:44'),
 (81,'Cold Steel Italian Long Mace','cold-steel-italian-mace',3,21,8,'Historical Italian pattern mace. Carbon steel flanged head, 28-inch hardwood haft.',14990.0,0.0,15,4.5,34,'cold steel italian long mace.png','["mace","flanged","historical","italian"]',1,'2026-04-24 13:58:44','2026-04-24 13:58:44'),
 (82,'Cold Steel War Hammer','cold-steel-breach-hammer',3,22,8,'Breaching hammer with integral pry spike. 4-pound head, 24-inch fiberglass handle.',9990.0,0.0,25,4.7,78,'cold steel war hammer.png','["hammer","breaching","pry-spike","tactical"]',1,'2026-04-24 13:58:44','2026-04-24 13:58:44'),
 (83,'Cold Steel Medieval Flail','cold-steel-medieval-flail',3,23,8,'One-handed medieval flail. Carbon steel ball and shaft, 18-inch chain.',9990.0,0.0,12,4.3,22,'cold steel medieval flail.png','["flail","medieval","chain","historical"]',1,'2026-04-24 13:58:44','2026-04-24 13:58:44'),
 (84,'Cold Steel Police Nunchaku','cold-steel-police-nunchaku',3,24,8,'High-density polypropylene nunchaku. 12-inch sticks, steel chain connection.',2490.0,0.0,40,4.5,134,'cold steel police nunchaku.png','["nunchaku","police","polypropylene","training"]',1,'2026-04-24 13:58:44','2026-04-24 13:58:44'),
 (85,'Cold Steel Combat Stave','cold-steel-combat-stave',3,25,8,'60-inch polypropylene combat staff. 1.25-inch diameter, impact-resistant.',3490.0,0.0,35,4.5,89,'cold steel combat stave.png','["staff","stave","polypropylene","martial-arts"]',1,'2026-04-24 13:58:44','2026-04-24 13:58:44'),
 (86,'ASP Sap Gloves','asp-sap-gloves',3,26,9,'Steel shot-loaded impact gloves. Size M-XL, leather exterior.',5990.0,0.0,30,4.4,67,'asp sap gloves.png','["sap","gloves","steel-shot","impact"]',1,'2026-04-24 13:58:44','2026-04-24 13:58:44'),
 (87,'ASP Palm Sap','asp-palm-sap',3,27,9,'Flat leather-wrapped lead shot sap. 6-inch, traditional law enforcement tool.',4490.0,0.0,25,4.3,48,'asp palm sap.png','["blackjack","sap","lead-shot","leather"]',1,'2026-04-24 13:58:44','2026-04-24 13:58:44'),
 (88,'Bear Archery Adapt Compound','bear-archery-adapt',4,28,11,'Draw weight 5-70 lbs adjustable compound bow. 30-inch ATA, 310 fps.',24990.0,0.0,20,4.7,87,'bear archery adapt compound.png','["compound-bow","adjustable","hunting","archery"]',1,'2026-04-24 13:58:44','2026-04-24 13:58:44'),
 (89,'Bear Archery Cruzer G2','bear-archery-cruzer-g2',4,28,11,'Entry-level compound bow. 5-70 lbs draw, 315 fps, RTH package with accessories.',18990.0,10.0,30,4.6,134,'bear archery cruzer g2.png','["compound-bow","entry-level","rth","package"]',1,'2026-04-24 13:58:44','2026-04-24 13:58:44'),
 (90,'Bear Archery Grizzly Recurve','bear-archery-grizzly',4,28,11,'Traditional 58-inch recurve bow. 45 lbs draw, maple limbs, hardwood riser.',12990.0,0.0,25,4.8,76,'bear archery grizzly recurve.png','["recurve","traditional","maple","hunting"]',1,'2026-04-24 13:58:44','2026-04-24 13:58:44'),
 (91,'Barnett Hyper Ghost 425','barnett-hyper-ghost-425',4,29,10,'425 FPS reverse-draw crossbow. TriggerTech trigger, carbon riser, CNC-machined cams.',54990.0,0.0,12,4.8,56,'barnett hyper ghost 425.png','["crossbow","425fps","reverse-draw","premium"]',1,'2026-04-24 13:58:44','2026-04-24 13:58:44'),
 (92,'Barnett Whitetail Hunter STR','barnett-whitetail-str',4,29,10,'375 FPS hunting crossbow. Anti-dry fire, pass-through foregrip, scope included.',24990.0,0.0,18,4.6,89,'barnett whitetail hunter str.png','["crossbow","hunting","375fps","scope"]',1,'2026-04-24 13:58:44','2026-04-24 13:58:44'),
 (93,'Barnett Recruit Compound Crossbow','barnett-recruit',4,29,10,'330 FPS youth/entry crossbow. 75-165 lb draw, adjustable stock.',14990.0,5.0,25,4.4,112,'barnett recruit compound crossbow.png','["crossbow","entry-level","youth","adjustable"]',1,'2026-04-24 13:58:44','2026-04-24 13:58:44'),
 (94,'Cold Steel Slingshot','cold-steel-slingshot',4,30,8,'Commercial-grade poly slingshot. 3/8-inch steel ball ammo, heavy elastic bands.',1490.0,0.0,60,4.4,267,'cold steel slingshot.png','["slingshot","poly","steel-ball","utility"]',1,'2026-04-24 13:58:44','2026-04-24 13:58:44'),
 (95,'Cold Steel Atlatl','cold-steel-atlatl',4,31,8,'Traditional dart/spear launcher. 24-inch polypropylene, compatible with Cold Steel darts.',2490.0,0.0,30,4.3,34,'cold steel atlatl.png','["atlatl","spear-launcher","traditional","dart"]',1,'2026-04-24 13:58:44','2026-04-24 13:58:44'),
 (96,'Cold Steel Big Bore .625 Blowgun','cold-steel-blowgun-625',4,32,8,'.625 caliber blowgun. 4-foot carbon steel barrel, 24 darts included.',2990.0,0.0,40,4.5,123,'cold steel big bore .625 blowgun.png','[".625","blowgun","carbon-steel","darts-included"]',1,'2026-04-24 13:58:44','2026-04-24 13:58:44'),
 (97,'M67 Fragmentation Grenade','m67-frag-grenade',5,35,5,'Standard US military fragmentation grenade. Steel body, 5-meter lethal radius, 4-second fuse.',3490.0,0.0,200,4.8,543,'m67 fragmentation grenade.png','["grenade","frag","m67","military"]',1,'2026-04-24 13:58:44','2026-04-24 13:58:44'),
 (98,'M84 Stun Grenade','m84-stun-grenade',5,35,17,'Flashbang stun grenade. 6-8 million candela, 170 dB peak blast, 2-second fuse.',2990.0,0.0,150,4.7,412,'m84 stun grenade.png','["flashbang","stun","non-lethal","cqb"]',1,'2026-04-24 13:58:44','2026-04-24 13:58:44'),
 (99,'M18 Smoke Grenade','m18-smoke-grenade',5,35,16,'Colored smoke grenade. Available Red/Green/Yellow/Violet. 50-90 second burn.',1490.0,0.0,300,4.6,678,'m18 smoke grenade.png','["smoke","signal","grenade","colored"]',1,'2026-04-24 13:58:44','2026-04-24 13:58:44'),
 (100,'AN-M14 TH3 Incendiary Grenade','anm14-th3-grenade',5,35,5,'Thermite incendiary grenade. 2,200°C burn temp, 40-second burn time, destroys equipment.',4490.0,0.0,80,4.8,234,'an-m14 th3 incendiary grenade.png','["thermite","incendiary","grenade","equipment-destruction"]',1,'2026-04-24 13:58:44','2026-04-24 13:58:44'),
 (101,'GBU-12 Paveway II','gbu-12-paveway-ii',5,36,13,'Laser-guided bomb. 500 lb Mk82 warhead, DSU-33 proximity fuse, 3.7m CEP.',4990000.0,0.0,5,5.0,3,'gbu-12 paveway ii.png','["guided-bomb","laser","500lb","precision"]',1,'2026-04-24 13:58:44','2026-04-24 13:58:44'),
 (102,'GBU-39 Small Diameter Bomb','gbu-39-sdb',5,36,13,'250 lb GPS/INS guided bomb. Diamond back wing kit, 110km standoff range.',6490000.0,0.0,4,5.0,2,'gbu-39 small diameter bomb.png','["small-diameter","guided","gps","standoff"]',1,'2026-04-24 13:58:44','2026-04-24 13:58:44'),
 (103,'M18A1 Claymore','m18a1-claymore',5,37,5,'Directional anti-personnel mine. 700 steel balls, 50m kill zone, remote detonation.',8990.0,0.0,100,4.9,312,'m18a1 claymore.png','["claymore","mine","directional","anti-personnel"]',1,'2026-04-24 13:58:44','2026-04-24 13:58:44'),
 (104,'M15 Anti-tank Mine','m15-antitank-mine',5,37,5,'32 lb ATM. Pressure-activated, 30,000 lb actuation force, blast warhead.',14990.0,0.0,60,4.7,134,'m15 anti-tank mine.png','["anti-tank","mine","pressure","vehicle"]',1,'2026-04-24 13:58:44','2026-04-24 13:58:44'),
 (105,'C-4 Demolition Charge Block','c4-demo-charge',5,38,5,'M112 C-4 demolition block. 1.25 lbs, non-detonator sensitive, military grade.',3990.0,0.0,150,4.9,456,'c-4 demolition charge block.png','["c4","demolition","military","pe4"]',1,'2026-04-24 13:58:44','2026-04-24 13:58:44'),
 (106,'PETN Flex Linear Charge','petn-flex-linear',5,38,5,'Flexible linear demolition charge. 25g/m PETN, 5-meter spool, precision cutting.',12990.0,0.0,75,4.8,198,'petn flex linear charge.png','["petn","linear","flexible","cutting"]',1,'2026-04-24 13:58:44','2026-04-24 13:58:44'),
 (107,'M72A7 LAW Rocket','m72a7-law',5,39,5,'66mm light anti-tank rocket. Disposable single-shot, 300m effective range, 0.9kg warhead.',24990.0,0.0,30,4.8,87,'m72a7 law rocket.png','["law","anti-tank","disposable","66mm"]',1,'2026-04-24 13:58:44','2026-04-24 13:58:44'),
 (108,'RPG-7 Launcher System','rpg-7',5,39,5,'40mm rocket-propelled grenade launcher. Reusable tube, various warhead options, 300m effective.',49990.0,0.0,15,4.9,134,'rpg-7 launcher system.png','["rpg-7","anti-tank","reusable","warhead"]',1,'2026-04-24 13:58:44','2026-04-24 13:58:44'),
 (109,'M252 81mm Mortar System','m252-mortar',5,40,5,'81mm medium mortar. 3,000m min/5,935m max range, 30 rpm sustained rate, bipod mounted.',199990.0,0.0,5,4.9,12,'m252 81mm mortar system.png','["mortar","81mm","indirect-fire","military"]',1,'2026-04-24 13:58:44','2026-04-24 13:58:44'),
 (110,'M224 60mm Mortar','m224-mortar',5,40,5,'60mm light mortar. 70-3,490m range, 30 rpm, handheld or baseplate mode.',89990.0,0.0,8,4.8,18,'m224 60mm mortar.png','["mortar","60mm","light","infantry"]',1,'2026-04-24 13:58:44','2026-04-24 13:58:44'),
 (111,'Combined Systems 7290 Flashbang','cs-7290-flashbang',5,43,16,'Tactical distraction device. 182 dB, 8 million candela, 9-banger variant available.',2490.0,0.0,200,4.8,567,'combined systems 7290 flashbang.png','["flashbang","distraction","cqb","tactical"]',1,'2026-04-24 13:58:44','2026-04-24 13:58:44'),
 (112,'Axon TASER 7','axon-taser-7',6,44,15,'Conducted energy weapon. 12-foot deployment range, dual-mode, smart-weapon integration.',44990.0,0.0,25,4.7,167,'axon taser 7.png','["taser","law-enforcement","smart-weapon","conducted-energy"]',1,'2026-04-24 13:58:44','2026-04-24 13:58:44'),
 (113,'Axon TASER Pulse+','axon-taser-pulse-plus',6,44,15,'Civilian TASER. 15-foot range, 30-second neuromuscular disruption, Noonlight integration.',14990.0,5.0,40,4.6,234,'axon taser pulse+.png','["taser","civilian","compact","self-defense"]',1,'2026-04-24 13:58:44','2026-04-24 13:58:44'),
 (114,'Axon TASER Bolt 2','axon-taser-bolt-2',6,44,15,'Consumer compact TASER. 15-foot range, 30 sec NMD, built-in alarm and light.',9990.0,0.0,55,4.5,312,'axon taser bolt 2.png','["taser","compact","alarm","self-defense"]',1,'2026-04-24 13:58:44','2026-04-24 13:58:44'),
 (115,'Defense Technology Stun Gun','dt-stun-gun',6,45,17,'950,000V contact stun gun. Rubberized grip, built-in LED flashlight.',3990.0,0.0,60,4.4,287,'defense technology stun gun.png','["stun-gun","contact","high-voltage","flashlight"]',1,'2026-04-24 13:58:44','2026-04-24 13:58:44'),
 (116,'HERF Generator Portable','herf-generator',6,46,22,'High Energy Radio Frequency portable device. Disrupts unshielded electronics within 50m.',289990.0,0.0,5,4.6,8,'herf generator portable.png','["emp","herf","electronic-warfare","portable"]',1,'2026-04-24 13:58:44','2026-04-24 13:58:44'),
 (117,'RF Signal Jammer Multi-Band','rf-jammer-multi',6,47,22,'Multi-band RF jammer. Covers 2G/3G/4G/5G/WiFi/GPS. 20W output, 30m effective radius.',49990.0,0.0,15,4.5,43,'rf signal jammer multi-band.png','["jammer","rf","multi-band","gps","wifi"]',1,'2026-04-24 13:58:44','2026-04-24 13:58:44'),
 (118,'GPS Signal Jammer','gps-jammer',6,47,22,'Portable GPS jammer. 1575.42 MHz frequency, 10W output, 15m range.',19990.0,0.0,20,4.3,67,'gps signal jammer.png','["gps","jammer","portable","10w"]',1,'2026-04-24 13:58:44','2026-04-24 13:58:44'),
 (119,'Drone Jammer Rifle','drone-jammer-rifle',6,47,22,'Anti-drone gun-type jammer. 2.4/5.8 GHz GPS disruption, 1km+ range, shoulder-fired.',149990.0,0.0,8,4.7,22,'drone jammer rifle.png','["drone","jammer","anti-drone","1km"]',1,'2026-04-24 13:58:44','2026-04-24 13:58:44'),
 (120,'LRAD 100X Acoustic Device','lrad-100x',6,49,22,'Long Range Acoustic Device. 100 dB+ continuous tone, 300m directional coverage.',249990.0,0.0,5,4.5,11,'lrad 100x acoustic device.png','["acoustic","lrad","crowd-control","directed-energy"]',1,'2026-04-24 13:58:44','2026-04-24 13:58:44'),
 (121,'GLARE MOUT Laser Dazzler','glare-mout-dazzler',6,50,22,'532nm green laser dazzler. Non-lethal visual disruption, 300m range, MIL-STD-810G.',89990.0,0.0,10,4.6,23,'glare mout laser dazzler.png','["laser","dazzler","non-lethal","green","532nm"]',1,'2026-04-24 13:58:44','2026-04-24 13:58:44'),
 (122,'Defense Technology OC Spray MK-9','dt-oc-spray-mk9',7,54,17,'1.3% MC OC spray. Stream pattern, 20-foot range, 9oz canister.',1990.0,0.0,120,4.7,567,'defense technology oc spray mk-9.png','["pepper-spray","oc","stream","law-enforcement"]',1,'2026-04-24 13:58:44','2026-04-24 13:58:44'),
 (123,'Defense Technology MK-4 OC','dt-oc-mk4',7,54,17,'Personal defense OC spray. 1.3% MC, cone pattern, 4oz, police-grade.',990.0,0.0,200,4.6,834,'defense technology mk-4 oc.png','["pepper-spray","personal","cone","compact"]',1,'2026-04-24 13:58:44','2026-04-24 13:58:44'),
 (124,'Combined Systems CS Gas Grenade','cs-gas-grenade',7,51,16,'CS tear gas grenade. 25-second burn, 6,000 sq ft coverage, continuous discharge.',2990.0,0.0,100,4.7,312,'combined systems cs gas grenade.png','["tear-gas","cs","grenade","crowd-control"]',1,'2026-04-24 13:58:44','2026-04-24 13:58:44'),
 (125,'Defense Technology OC Fog Grenade','dt-oc-fog-grenade',7,51,17,'OC/CS combination fog grenade. 1% OC + 5.5% CS, fogger dispersion, 60 seconds.',3490.0,0.0,80,4.6,234,'defense technology oc fog grenade.png','["oc","cs","fog","grenade","crowd-control"]',1,'2026-04-24 13:58:44','2026-04-24 13:58:44'),
 (126,'Combined Systems Smoke Grenade HC','cs-smoke-hc',7,52,16,'Hexachloroethane smoke grenade. White smoke, 5-minute duration, military obscurant.',1990.0,0.0,150,4.5,456,'combined systems smoke grenade hc.png','["smoke","obscurant","hc","military"]',1,'2026-04-24 13:58:44','2026-04-24 13:58:44'),
 (127,'Thermite Incendiary Compound','thermite-compound',7,53,5,'Iron oxide/aluminum thermite mix. 2kg canister, 3,000°C burn, equipment destruction.',5990.0,0.0,40,4.8,123,'thermite incendiary compound.png','["thermite","incendiary","iron-oxide","aluminum"]',1,'2026-04-24 13:58:44','2026-04-24 13:58:44'),
 (128,'Defense Technology Riot OC Projectile','dt-oc-projectile',7,55,17,'.68 caliber OC/CS filled projectiles. 10-round box, for use with launchers.',2490.0,0.0,100,4.6,198,'defense technology riot oc projectile.png','["oc","projectile","less-lethal","riot"]',1,'2026-04-24 13:58:44','2026-04-24 13:58:44'),
 (129,'Defense Technology Pepper Ball','dt-pepper-ball',7,56,17,'PAVA pepper-powder filled projectiles. 50-round canister, 60ft range, .68 caliber.',3490.0,0.0,80,4.5,167,'defense technology pepper ball.png','["pepper-ball","pava","less-lethal","projectile"]',1,'2026-04-24 13:58:44','2026-04-24 13:58:44'),
 (130,'Thermo Fisher BIODETECTION 8800','thermo-biodetection-8800',8,59,18,'Field-deployable bio-detection system. Identifies 8+ biological threat agents, 15-min analysis.',2499990.0,0.0,3,4.8,4,'thermo fisher biodetection 8800.png','["bio-detection","field","rapid","threat-identification"]',1,'2026-04-24 13:58:44','2026-04-24 13:58:44'),
 (131,'Mirion RDS-30 Bio Sensor','mirion-rds30',8,59,19,'Biological and radiological combined sensor. Real-time detection, CBRN response.',1899990.0,0.0,4,4.7,5,'mirion rds-30 bio sensor.png','["bio-sensor","cbrn","radiological","detection"]',1,'2026-04-24 13:58:44','2026-04-24 13:58:44'),
 (132,'BioHazard Level 4 Containment Unit','bio-l4-containment',8,58,18,'Portable BSL-4 containment glove box. Negative pressure, HEPA filtration, stainless steel.',4999990.0,0.0,2,5.0,1,'biohazard level 4 containment unit.png','["containment","bsl4","portable","biohazard"]',1,'2026-04-24 13:58:44','2026-04-24 13:58:44'),
 (133,'Biological Neutralization Spray','bio-neutralization-spray',8,60,18,'Broad-spectrum biological neutralization agent. 5L canister, denatures proteins on contact.',49990.0,0.0,20,4.6,34,'biological neutralization spray.png','["neutralization","bio-agent","decontamination","spray"]',1,'2026-04-24 13:58:44','2026-04-24 13:58:44'),
 (134,'Aerosol Dispersal Canister Bio','bio-aerosol-canister',8,57,18,'Engineered biological aerosol delivery system. Variable particle size 1-10 micron, 500m range.',299990.0,0.0,8,4.5,12,'aerosol dispersal canister bio.png','["aerosol","dispersal","bio","delivery-system"]',1,'2026-04-24 13:58:44','2026-04-24 13:58:44'),
 (135,'Oshkosh M-ATV MRAP','oshkosh-matv',9,61,20,'Mine Resistant Ambush Protected vehicle. STANAG 4569 Level 2, CROWS mount capable, V-hull.',49999990.0,0.0,2,5.0,1,'oshkosh m-atv mrap.png','["mrap","armored","matv","mine-resistant"]',1,'2026-04-24 13:58:44','2026-04-24 13:58:44'),
 (136,'General Dynamics M1A2 Abrams','gd-m1a2-abrams',9,61,21,'Main battle tank. 120mm smoothbore gun, Chobham composite armor, 1,500 hp turbine engine.',499999990.0,0.0,1,5.0,1,'general dynamics m1a2 abrams.png','["tank","mbt","120mm","abrams"]',1,'2026-04-24 13:58:44','2026-04-24 13:58:44'),
 (137,'Polaris MRZR Alpha','polaris-mrzr-alpha',9,61,45,'Military light tactical vehicle. 4-seat, 825 lbs payload, 90 mph, C-130 air-droppable.',4999990.0,0.0,5,4.9,6,'polaris mrzr alpha.png','["ltatv","tactical","polaris","air-droppable"]',1,'2026-04-24 13:58:44','2026-04-24 13:58:44'),
 (138,'Northrop Grumman MQ-4C Triton','ng-mq4c-triton',9,62,14,'HALE maritime surveillance drone. 24-hour endurance, AESA radar, 60,000 ft ceiling.',299999990.0,0.0,1,5.0,1,'northrop grumman mq-4c triton.png','["uav","surveillance","hale","triton","maritime"]',1,'2026-04-24 13:58:44','2026-04-24 13:58:44'),
 (139,'Lockheed Martin RQ-170 Sentinel','lm-rq170',9,62,13,'Stealth surveillance drone. Low observable design, ISR payload, classified range.',499999990.0,0.0,1,5.0,1,'lockheed martin rq-170 sentinel.png','["uav","stealth","isr","sentinel"]',1,'2026-04-24 13:58:44','2026-04-24 13:58:44'),
 (140,'Polaris Defense MRZR UGV','polaris-ugv',9,62,45,'Unmanned ground vehicle platform. Remote-control, weapon mount ready, 1,200 lbs capacity.',9999990.0,0.0,3,4.8,2,'polaris defense mrzr ugv.png','["ugv","unmanned","ground","tactical"]',1,'2026-04-24 13:58:44','2026-04-24 13:58:44'),
 (141,'FGM-148 Javelin Missile System','fgm148-javelin',9,65,12,'Portable anti-armor missile. Fire-and-forget, top-attack mode, 2,500m range.',99999990.0,0.0,3,5.0,2,'fgm-148 javelin missile system.png','["javelin","anti-armor","atgm","fire-and-forget"]',1,'2026-04-24 13:58:44','2026-04-24 13:58:44'),
 (142,'BGM-71 TOW Missile','bgm71-tow',9,65,12,'Wire-guided anti-tank missile. 3,750m range, tandem HEAT warhead, vehicle/tripod mount.',49999990.0,0.0,4,4.9,3,'bgm-71 tow missile.png','["tow","anti-tank","wire-guided","heat"]',1,'2026-04-24 13:58:44','2026-04-24 13:58:44'),
 (143,'CrowdStrike Adversary Emulation Kit','cs-adversary-kit',10,66,22,'Red team malware emulation toolkit. 200+ TTP modules, C2 framework, multi-platform.',2999990.0,0.0,5,4.8,7,'crowdstrike adversary emulation kit.png','["malware","red-team","c2","ttp"]',1,'2026-04-24 13:58:44','2026-04-24 13:58:44'),
 (144,'Palo Alto Cortex XSIAM','palo-cortex-xsiam',10,69,23,'AI-driven SOC/SIEM platform. Real-time threat detection, automated response, XSOAR included.',4999990.0,0.0,3,4.9,4,'palo alto cortex xsiam.png','["siem","soc","ai","xsiam","threat-detection"]',1,'2026-04-24 13:58:44','2026-04-24 13:58:44'),
 (145,'Rubber Ducky USB HID Injector','rubber-ducky-hid',10,68,22,'USB keystroke injection tool. Disguised as USB drive, 1,000 WPM injection speed.',4990.0,0.0,30,4.7,167,'rubber ducky usb hid injector.png','["hid","usb","injection","pentest"]',1,'2026-04-24 13:58:44','2026-04-24 13:58:44'),
 (146,'Wifi Pineapple Mark VII','wifi-pineapple-mk7',10,68,22,'Advanced wireless auditing platform. Dual-band, rogue AP, recon modules, OpenWRT.',14990.0,0.0,20,4.8,98,'wifi pineapple mark vii.png','["wifi","pentest","rogue-ap","wireless"]',1,'2026-04-24 13:58:44','2026-04-24 13:58:44'),
 (147,'LAN Turtle Network Implant','lan-turtle',10,68,22,'Covert network implant. Disguised as USB LAN adapter, SSH tunneling, tcpdump.',9990.0,0.0,25,4.6,87,'lan turtle network implant.png','["network","implant","usb","covert"]',1,'2026-04-24 13:58:44','2026-04-24 13:58:44'),
 (148,'Flipper Zero Multi-tool','flipper-zero',10,68,22,'Portable RF/RFID/NFC/IR/iButton/GPIO multi-tool. Open-source, BadUSB capable.',12990.0,5.0,35,4.9,312,'flipper zero multi-tool.png','["rfid","nfc","rf","multi-tool","open-source"]',1,'2026-04-24 13:58:44','2026-04-24 13:58:44'),
 (149,'Metasploit Pro License','metasploit-pro',10,67,22,'Professional penetration testing framework. 1-year license, automated exploitation, reporting.',199990.0,0.0,10,4.7,23,'metasploit pro license.png','["metasploit","pentest","exploitation","framework"]',1,'2026-04-24 13:58:44','2026-04-24 13:58:44'),
 (150,'ALFA Network Long-Range WiFi Adapter','alfa-wifi-adapter',10,68,22,'High-power 2.4/5GHz wireless adapter. 2000mW, 2km range, Kali Linux compatible.',4990.0,0.0,50,4.6,234,'alfa network long-range wifi adapter.png','["wifi","high-power","long-range","kali"]',1,'2026-04-24 13:58:44','2026-04-24 13:58:44'),
 (151,'Garrett PD 6500i Walk-Through Detector','garrett-pd6500i',11,72,44,'Walk-through metal detector. 33 pinpoint zones, 300 person/min throughput, IP54 rated.',149990.0,0.0,8,4.8,34,'garrett pd 6500i walk-through detector.png','["metal-detector","walk-through","security","access-control"]',1,'2026-04-24 13:58:44','2026-04-24 13:58:44'),
 (152,'Hikvision DS-K1T671M Face Terminal','hikv-face-terminal',11,72,66,'Face recognition access terminal. 50,000 face capacity, mask detection, IP65.',34990.0,0.0,20,4.6,67,'hikvision ds-k1t671m face terminal.png','["face-recognition","access-control","biometric","ip65"]',1,'2026-04-24 13:58:44','2026-04-24 13:58:44'),
 (153,'Combined Systems Crowd Control Baton Round','cs-baton-round',11,73,16,'37/40mm less-lethal baton projectile. Impact range 10-30m, 12-round box.',3990.0,0.0,100,4.5,234,'combined systems crowd control baton round.png','["baton-round","less-lethal","37mm","40mm","crowd-control"]',1,'2026-04-24 13:58:44','2026-04-24 13:58:44'),
 (154,'Defense Technology 40mm CS Projectile','dt-40mm-cs',11,73,17,'40mm CS powder projectile. 10-round box, 25m optimal range.',2990.0,0.0,150,4.6,312,'defense technology 40mm cs projectile.png','["cs","40mm","projectile","less-lethal"]',1,'2026-04-24 13:58:44','2026-04-24 13:58:44'),
 (155,'Defense Technology Rubber Baton Round','dt-rubber-baton',11,74,17,'12-gauge rubber baton projectile. Less-lethal, 25m range, standoff distance.',1990.0,0.0,200,4.4,445,'defense technology rubber baton round.png','["rubber","baton","12gauge","less-lethal"]',1,'2026-04-24 13:58:44','2026-04-24 13:58:44'),
 (156,'Hikvision DS-2DE4425IWG-E PTZ Camera','hikv-ptz-camera',11,75,66,'4MP 25x PTZ network camera. Smart tracking, IR 100m, H.265+, IP66.',24990.0,0.0,15,4.7,87,'hikvision ds-2de4425iwg-e ptz camera.png','["ptz","camera","surveillance","smart-tracking"]',1,'2026-04-24 13:58:44','2026-04-24 13:58:44'),
 (157,'FLIR Saros DH-390 Perimeter Alarm','flir-saros-dh390',11,75,43,'Thermal perimeter detection system. 390°C thermal, radar fusion, smart detection.',199990.0,0.0,6,4.8,14,'flir saros dh-390 perimeter alarm.png','["thermal","perimeter","flir","radar-fusion"]',1,'2026-04-24 13:58:44','2026-04-24 13:58:44'),
 (158,'Peerless Handcuff Model 700C','peerless-700c',11,76,25,'Chain-link handcuffs. Lightweight alloy, double-lock, 50lb tensile strength.',2490.0,0.0,80,4.7,389,'peerless handcuff model 700c.png','["handcuffs","chain","double-lock","police"]',1,'2026-04-24 13:58:44','2026-04-24 13:58:44'),
 (159,'Safariland Leg Irons','safariland-leg-irons',11,76,24,'Transport leg restraints. Nickel-plated steel, 12-inch chain, double-lock.',3490.0,0.0,50,4.6,213,'safariland leg irons.png','["leg-irons","transport","restraint","nickel"]',1,'2026-04-24 13:58:44','2026-04-24 13:58:44'),
 (160,'Peerless Flex Cuffs','peerless-flex-cuffs',11,76,25,'Disposable nylon flex cuffs. 100-pack, law enforcement grade, UV-resistant.',1990.0,0.0,200,4.5,567,'peerless flex cuffs.png','["zip-ties","flex-cuffs","disposable","100-pack"]',1,'2026-04-24 13:58:44','2026-04-24 13:58:44'),
 (161,'Hornady Critical Defense 9mm 115gr FTX','hornady-cd-9mm',12,77,26,'9mm 115gr FTX personal defense. Flex Tip expanding, nickel-plated case, 25-round box.',1490.0,0.0,200,4.9,876,'hornady critical defense 9mm 115gr ftx.png','["9mm","hollow-point","ftx","personal-defense"]',1,'2026-04-24 13:58:44','2026-04-24 13:58:44'),
 (162,'Federal Premium HST 9mm 124gr+P','federal-hst-9mm',12,77,27,'9mm +P 124gr HST JHP. Law enforcement load, optimized expansion, 50-round box.',2490.0,0.0,150,4.9,743,'federal premium hst 9mm 124gr+p.png','["9mm","hst","law-enforcement","+p","jhp"]',1,'2026-04-24 13:58:44','2026-04-24 13:58:44'),
 (163,'Hornady .45 ACP XTP 230gr','hornady-45acp-xtp',12,77,26,'.45 ACP 230gr XTP JHP. Deep penetration, controlled expansion, 20-round box.',1790.0,0.0,120,4.8,534,'hornady .45 acp xtp 230gr.png','[".45acp","xtp","jhp","230gr"]',1,'2026-04-24 13:58:44','2026-04-24 13:58:44'),
 (164,'Federal .308 Win Gold Medal Match 168gr','federal-308-gold-medal',12,77,27,'.308 Win 168gr Sierra MatchKing BTHP. Competition precision, 1,000m consistent accuracy.',3990.0,0.0,80,4.9,312,'federal .308 win gold medal match 168gr.png','[".308","match","168gr","smk","precision"]',1,'2026-04-24 13:58:44','2026-04-24 13:58:44'),
 (165,'Hornady A-MAX .50 BMG 750gr','hornady-50bmg-amax',12,77,26,'.50 BMG 750gr A-MAX match. Extremely low drag, G1 BC .86, 20-round box.',12990.0,0.0,30,4.9,98,'hornady a-max .50 bmg 750gr.png','[".50bmg","a-max","match","750gr","bc"]',1,'2026-04-24 13:58:44','2026-04-24 13:58:44'),
 (166,'Federal Premium 12ga 00 Buck 9-Pellet','federal-12ga-00buck',12,78,27,'12-gauge 2.75-inch 9-pellet 00 buckshot. Police load, buffered, 25-round box.',1490.0,0.0,100,4.8,456,'federal premium 12ga 00 buck 9-pellet.png','["12gauge","buckshot","00buck","police"]',1,'2026-04-24 13:58:44','2026-04-24 13:58:44'),
 (167,'Hornady Critical Defense 12ga Slug','hornady-12ga-slug',12,78,26,'12-gauge 300gr FTX rifled slug. Ballistic tip, 1,600 fps, 5-round box.',990.0,0.0,150,4.7,345,'hornady critical defense 12ga slug.png','["12gauge","slug","ftx","rifled"]',1,'2026-04-24 13:58:44','2026-04-24 13:58:44'),
 (168,'Hornady 5.56 NATO M855 62gr','hornady-556-m855',12,79,26,'5.56x45mm 62gr FMJ-BT with steel penetrator. M855 spec, 20-round box.',990.0,0.0,500,4.7,1234,'hornady 5.56 nato m855 62gr.png','["5.56","m855","fmj","penetrator","steel-core"]',1,'2026-04-24 13:58:44','2026-04-24 13:58:44'),
 (169,'Federal .300 Blackout 220gr Subsonic OTM','federal-300blk-sub',12,79,27,'.300 Blackout 220gr Open Tip Match subsonic. Suppressor optimized, 20-round box.',1990.0,0.0,100,4.8,312,'federal .300 blackout 220gr subsonic otm.png','["300blk","subsonic","suppressed","220gr","match"]',1,'2026-04-24 13:58:44','2026-04-24 13:58:44'),
 (170,'Hornady 6.5 Creedmoor 147gr ELD-M','hornady-65cm-eldm',12,79,26,'6.5 Creedmoor 147gr ELD-Match. Heat Shield tip, AMP bullet jacket, 20-round box.',2490.0,0.0,80,4.9,234,'hornady 6.5 creedmoor 147gr eld-m.png','["6.5cm","eld-m","match","147gr","precision"]',1,'2026-04-24 13:58:44','2026-04-24 13:58:44'),
 (171,'Defense Technology 40mm CS Marking Round','dt-marking-round-40mm',12,83,17,'40mm CS powder marking round with dye. Less-lethal, 25m, marks target orange.',2490.0,0.0,100,4.5,167,'defense technology 40mm cs marking round.png','["40mm","marking","cs","less-lethal","dye"]',1,'2026-04-24 13:58:44','2026-04-24 13:58:44'),
 (172,'Federal Syntech Defense 9mm 138gr','federal-syntech-9mm',12,83,27,'9mm 138gr Syntech total synthetic jacket. Reduced lead, splits on impact, 3-petal expansion.',1790.0,0.0,80,4.7,213,'federal syntech defense 9mm 138gr.png','["9mm","syntech","lead-free","split"]',1,'2026-04-24 13:58:44','2026-04-24 13:58:44'),
 (173,'Federal Premium Match Primers LR #210M','federal-lr-210m',12,81,27,'Large Rifle Match primers. 1,000-count, consistent ignition for precision handloads.',2490.0,0.0,50,4.8,178,'federal premium match primers lr 210m.png','["primers","large-rifle","match","1000-count"]',1,'2026-04-24 13:58:44','2026-04-24 13:58:44'),
 (174,'Hodgdon H4895 Powder 1lb','hodgdon-h4895',12,82,27,'Versatile rifle powder 1lb. Excellent for .223 to .30 calibers, reduced loads capability.',2990.0,0.0,60,4.8,134,'hodgdon h4895 powder 1lb.png','["powder","propellant","h4895","rifle","1lb"]',1,'2026-04-24 13:58:44','2026-04-24 13:58:44'),
 (175,'3M PASGT Ballistic Helmet','3m-pasgt-helmet',13,85,28,'PASGT ballistic helmet. NIJ Level IIIA, 1.4kg, Kevlar composite, 4-point retention.',24990.0,0.0,30,4.7,134,'3m pasgt ballistic helmet.png','["helmet","ballistic","pasgt","level-iiia","kevlar"]',1,'2026-04-24 13:58:44','2026-04-24 13:58:44'),
 (176,'Crye Precision AirFrame Helmet','crye-airframe',13,85,31,'Modular assault helmet. High-cut, NVG mount, side arc rail, 6-point suspension.',49990.0,0.0,18,4.9,78,'crye precision airframe helmet.png','["helmet","high-cut","nvg","rail","assault"]',1,'2026-04-24 13:58:44','2026-04-24 13:58:44'),
 (177,'Armor Express Icon Plus Plate Carrier','ae-icon-plus',13,86,29,'Soft armor plate carrier. NIJ Level IIIA front/back, cummerbund, MOLLE.',39990.0,0.0,20,4.8,96,'armor express icon plus plate carrier.png','["body-armor","level-iiia","soft","plate-carrier"]',1,'2026-04-24 13:58:44','2026-04-24 13:58:44'),
 (178,'3M Interceptor Body Armor OTV','3m-otv',13,86,28,'Outer Tactical Vest. NIJ Level IIIA, compatible with SAPI/ESAPI plates, MOLLE II.',44990.0,0.0,15,4.7,67,'3m interceptor body armor otv.png','["body-armor","otv","molle","sapi","military"]',1,'2026-04-24 13:58:44','2026-04-24 13:58:44'),
 (179,'Armor Express RISE Package','ae-rise-package',13,86,29,'Complete concealable armor package. NIJ IIIA, carrier with front/back panels.',34990.0,0.0,25,4.6,112,'armor express rise package.png','["concealable","level-iiia","package","covert"]',1,'2026-04-24 13:58:44','2026-04-24 13:58:44'),
 (180,'Safariland 4500 Ballistic Shield','safariland-4500',13,87,24,'Level IIIA ballistic shield. 14x24 inch viewing window, 19-pound, handle system.',89990.0,0.0,10,4.8,34,'safariland 4500 ballistic shield.png','["shield","ballistic","level-iiia","swat","window"]',1,'2026-04-24 13:58:44','2026-04-24 13:58:44'),
 (181,'Combined Systems Riot Shield','cs-riot-shield',13,87,16,'Polycarbonate riot shield. 24x48 inch, clear view, arm brace, anti-riot.',9990.0,0.0,30,4.5,89,'combined systems riot shield.png','["riot-shield","polycarbonate","transparent","crowd-control"]',1,'2026-04-24 13:58:44','2026-04-24 13:58:44'),
 (182,'3M Scott Chemical Splash Suit','3m-scott-splash',13,88,28,'NFPA 1994 Class 2 chemical protective suit. Vapor barrier, taped seams, booties.',34990.0,0.0,15,4.7,43,'3m scott chemical splash suit.png','["chemical-suit","nfpa1994","vapor","splash-protection"]',1,'2026-04-24 13:58:44','2026-04-24 13:58:44'),
 (183,'Crye Precision AVS Jumpable Plate Carrier','crye-avs',13,88,31,'Assault Vest System. Modular, jumpable configuration, side armor compatible.',64990.0,5.0,12,4.9,56,'crye precision avs jumpable plate carrier.png','["plate-carrier","avs","modular","jumpable","crye"]',1,'2026-04-24 13:58:44','2026-04-24 13:58:44'),
 (184,'3M Peltor OTG Ballistic Goggles','3m-peltor-otg',13,89,28,'Over-the-glasses ANSI Z87+ ballistic. Foam cushion, anti-fog coating, clear lens.',2990.0,0.0,80,4.6,312,'3m peltor otg ballistic goggles.png','["ballistic","glasses","z87","ansi","anti-fog"]',1,'2026-04-24 13:58:44','2026-04-24 13:58:44'),
 (185,'3M Peltor ComTac XPI','3m-peltor-comtac-xpi',13,90,28,'Tactical hearing protector. NRR 26, electronic amplification, NATO plug, foldable.',24990.0,0.0,25,4.9,187,'3m peltor comtac xpi.png','["hearing","protection","electronic","comtac","nato"]',1,'2026-04-24 13:58:44','2026-04-24 13:58:44'),
 (186,'3M ECOM Dual Comm Headset','3m-ecom-dual',13,90,28,'Dual-comm electronic hearing protector. AM/FM/SW radio, NRR 22, IP67.',34990.0,0.0,15,4.7,98,'3m ecom dual comm headset.png','["hearing","dual-comm","radio","ip67","electronic"]',1,'2026-04-24 13:58:44','2026-04-24 13:58:44'),
 (187,'3M Scott ProMask CBRN','3m-scott-promask',13,91,28,'Full-face CBRN respirator. NIOSH CBRN-AG, wide panoramic visor, drinking system.',24990.0,0.0,20,4.8,134,'3m scott promask cbrn.png','["gas-mask","cbrn","niosh","full-face","drinking-tube"]',1,'2026-04-24 13:58:44','2026-04-24 13:58:44'),
 (188,'3M Scott AV-3000 SureSeal','3m-scott-av3000',13,91,28,'First responder SCBA facepiece. NIOSH approved, 5-point harness, speaking diaphragm.',19990.0,0.0,15,4.7,87,'3m scott av-3000 sureseal.png','["gas-mask","scba","first-responder","5-point","niosh"]',1,'2026-04-24 13:58:44','2026-04-24 13:58:44'),
 (189,'Crye Precision Jumpable Plate Carrier JPC 2.0','crye-jpc-20',13,92,31,'Low-profile blast-resistant plate carrier. Accepts up to XL SAPI, airframe compatible.',44990.0,0.0,14,4.9,67,'crye precision jumpable plate carrier jpc 2.0.png','["blast","plate-carrier","jpc","low-profile","sapi"]',1,'2026-04-24 13:58:44','2026-04-24 13:58:44'),
 (190,'5.11 Tactical TacTec Plate Carrier','511-tactec',14,93,30,'500D nylon plate carrier. Accepts 10x12 SAPI plates, 19 MOLLE columns, hydration compatible.',19990.0,5.0,30,4.8,234,'5.11 tactical tactec plate carrier.png','["plate-carrier","molle","5.11","sapi","hydration"]',1,'2026-04-24 13:58:44','2026-04-24 13:58:44'),
 (191,'Crye Precision AVS Harness','crye-avs-harness',14,93,31,'Modular load-bearing harness. H-harness design, MOLLE, accepts plate carriers.',29990.0,0.0,15,4.9,89,'crye precision avs harness.png','["harness","load-bearing","modular","crye"]',1,'2026-04-24 13:58:44','2026-04-24 13:58:44'),
 (192,'Safariland 6360 ALS/SLS Level III','safariland-6360',14,94,24,'Auto Lock System + Self Locking System holster. Swivel mount, fits Glock 17/22.',8990.0,0.0,40,4.8,312,'safariland 6360 alssls level iii.png','["holster","level-iii","als","sls","safariland","duty"]',1,'2026-04-24 13:58:44','2026-04-24 13:58:44'),
 (193,'Safariland 7TS ALS Concealment','safariland-7ts',14,94,24,'Inside waistband ALS concealment holster. SafariSeven nylon, fits most compacts.',4990.0,0.0,55,4.7,456,'safariland 7ts als concealment.png','["holster","iwb","concealment","als","safariland"]',1,'2026-04-24 13:58:44','2026-04-24 13:58:44'),
 (194,'Safariland Drop Leg Platform','safariland-dlp',14,94,24,'MOLLE-compatible drop leg platform. Adjustable strap, quick release, universal mount.',5990.0,0.0,35,4.6,187,'safariland drop leg platform.png','["holster","drop-leg","platform","molle"]',1,'2026-04-24 13:58:44','2026-04-24 13:58:44'),
 (195,'5.11 Operator Belt 1.75"','511-operator-belt',14,95,30,'1.75-inch nylon operator belt. 7,000 lb tensile, internal stiffener, MOLLE outer.',3990.0,0.0,60,4.7,389,'5.11 operator belt 1.75.png','["belt","utility","molle","operator","nylon"]',1,'2026-04-24 13:58:44','2026-04-24 13:58:44'),
 (196,'Crye Precision Modular Rigger Belt','crye-rigger-belt',14,95,31,'Mil-spec rigger belt. Aircraft-grade inner/outer combo, 500 lb tensile, hook-and-loop.',6990.0,0.0,30,4.9,156,'crye precision modular rigger belt.png','["belt","rigger","mil-spec","crye","500lb"]',1,'2026-04-24 13:58:44','2026-04-24 13:58:44'),
 (197,'5.11 Tactical RUSH72 Backpack','511-rush72',14,96,30,'72-hour mission backpack. 55L capacity, MOLLE, laser-cut panels, hydration sleeve.',9990.0,5.0,40,4.8,312,'5.11 tactical rush72 backpack.png','["backpack","rush72","55l","molle","72-hour"]',1,'2026-04-24 13:58:44','2026-04-24 13:58:44'),
 (198,'Crye Precision Airborne Chest Rig','crye-airborne-rig',14,97,31,'Low-profile chest rig. 6x AR mag capacity, admin pouch, modular MOLLE.',19990.0,0.0,20,4.9,112,'crye precision airborne chest rig.png','["chest-rig","ar-mags","low-profile","crye"]',1,'2026-04-24 13:58:44','2026-04-24 13:58:44'),
 (199,'5.11 Tactical LBE Vest','511-lbe-vest',14,97,30,'Load bearing equipment vest. Universal fit, 16 MOLLE columns, admin pocket.',5990.0,0.0,30,4.6,178,'5.11 tactical lbe vest.png','["lbe","vest","molle","universal","5.11"]',1,'2026-04-24 13:58:44','2026-04-24 13:58:44'),
 (200,'Crye Precision CPC Plate Carrier','crye-cpc',14,98,31,'Cage Plate Carrier. Accepts 6x6 to XL SAPI, Ranger Green, optimized for plates.',39990.0,0.0,15,4.9,78,'crye precision cpc plate carrier.png','["plate-carrier","cpc","crye","sapi","ranger-green"]',1,'2026-04-24 13:58:44','2026-04-24 13:58:44'),
 (201,'5.11 Tactical Holster Pouch','511-holster-pouch',14,99,30,'Universal drop leg holster pouch. Ambidextrous, MOLLE attachment, nylon.',3490.0,0.0,45,4.5,234,'5.11 tactical holster pouch.png','["drop-leg","holster","ambidextrous","molle"]',1,'2026-04-24 13:58:44','2026-04-24 13:58:44'),
 (202,'Crye Precision MOLLE Pouch AVS','crye-avs-pouch',14,100,31,'6x6 MOLLE admin pouch. Velcro-lined interior, quick-release zip, multicam.',3990.0,0.0,50,4.7,312,'crye precision molle pouch avs.png','["pouch","molle","admin","multicam","crye"]',1,'2026-04-24 13:58:44','2026-04-24 13:58:44'),
 (203,'5.11 Flex Single AR Mag Pouch','511-ar-mag-pouch',14,100,30,'Single AR magazine pouch. Flexible mouth, MOLLE, fits 30-round STANAG mags.',1990.0,0.0,80,4.6,456,'5.11 flex single ar mag pouch.png','["mag-pouch","ar","molle","stanag","single"]',1,'2026-04-24 13:58:44','2026-04-24 13:58:44'),
 (204,'SureFire SOCOM556-RC2 Suppressor','surefire-rc2-556',15,101,36,'5.56mm rifle suppressor. Stainless/Inconel, 22 dB reduction, 1/2-28 thread.',64990.0,0.0,12,4.9,67,'surefire socom556-rc2 suppressor.png','["suppressor","5.56","socom","surefire","22db"]',1,'2026-04-24 13:58:44','2026-04-24 13:58:44'),
 (205,'SureFire SOCOM46 Pistol Suppressor','surefire-socom46',15,101,36,'.45 ACP/9mm pistol suppressor. Stainless, 24 dB reduction, boost required for locked-breech.',54990.0,0.0,10,4.8,43,'surefire socom46 pistol suppressor.png','["suppressor","pistol","45acp","9mm","surefire"]',1,'2026-04-24 13:58:44','2026-04-24 13:58:44'),
 (206,'Magpul MOE Grip AR-15','magpul-moe-grip',15,102,35,'Ergonomic MOE pistol grip for AR-15/M16. Storage compartment, polymer, 3 colors.',1490.0,0.0,100,4.7,567,'magpul moe grip ar-15.png','["grip","ar-15","moe","magpul","storage"]',1,'2026-04-24 13:58:44','2026-04-24 13:58:44'),
 (207,'Magpul MIAD Gen 1.1 Grip','magpul-miad-gen11',15,102,35,'Mission Adaptable AR-15 grip. Interchangeable front/back straps, storage, 4 colors.',3490.0,0.0,60,4.8,312,'magpul miad gen 1.1 grip.png','["grip","miad","ar-15","modular","magpul"]',1,'2026-04-24 13:58:44','2026-04-24 13:58:44'),
 (208,'SureFire X400 Weapon Light/Laser','surefire-x400',15,103,36,'1,000-lumen LED + red laser combo. MIL-STD-1913 rail, 75m beam distance.',39990.0,0.0,20,4.9,134,'surefire x400 weapon lightlaser.png','["laser","light-combo","1000lm","red","picatinny"]',1,'2026-04-24 13:58:44','2026-04-24 13:58:44'),
 (209,'Magpul MBUS Rear Sight','magpul-mbus-rear',15,103,35,'Magpul Back-Up Sight rear. Polymer, folds flat, tool-less windage, for Picatinny.',2490.0,0.0,80,4.7,456,'magpul mbus rear sight.png','["buis","backup-sight","magpul","folding","picatinny"]',1,'2026-04-24 13:58:44','2026-04-24 13:58:44'),
 (210,'Magpul M-LOK AFG','magpul-mlok-afg',15,104,35,'Angled foregrip for M-LOK rails. Aggressive angle, low-profile, 3 colors.',2490.0,0.0,70,4.7,389,'magpul m-lok afg.png','["foregrip","angled","m-lok","magpul","low-profile"]',1,'2026-04-24 13:58:44','2026-04-24 13:58:44'),
 (211,'Magpul RSA QD Rail Sling Mount','magpul-rsa-sling',15,104,35,'Quick Disconnect rail sling attachment. Single point, ambidextrous, Picatinny.',1990.0,0.0,90,4.6,456,'magpul rsa qd rail sling mount.png','["sling-mount","qd","picatinny","ambidextrous"]',1,'2026-04-24 13:58:44','2026-04-24 13:58:44'),
 (212,'Magpul Bipod 1913 Picatinny','magpul-bipod-1913',15,105,35,'Precision bipod. 6.3-10.25-inch height, cant/splay, detachable Picatinny mount.',9990.0,5.0,30,4.8,167,'magpul bipod 1913 picatinny.png','["bipod","magpul","picatinny","adjustable","precision"]',1,'2026-04-24 13:58:44','2026-04-24 13:58:44'),
 (213,'SureFire Muzzle Brake 5.56','surefire-mb-556',15,106,36,'5.56mm muzzle brake. 50% recoil reduction, SureFire suppressor-compatible, 1/2-28.',8990.0,0.0,40,4.8,213,'surefire muzzle brake 5.56.png','["muzzle-brake","5.56","recoil","surefire","suppressor-host"]',1,'2026-04-24 13:58:44','2026-04-24 13:58:44'),
 (214,'Magpul Suppressor Mount MLOCK','magpul-suppressor-mount',15,106,35,'M-LOK compatible muzzle device adaptor. For attachment of M-LOK accessories at muzzle.',2990.0,0.0,50,4.5,178,'magpul suppressor mount mlock.png','["muzzle","m-lok","mount","adaptor"]',1,'2026-04-24 13:58:44','2026-04-24 13:58:44'),
 (215,'SureFire M600DF Scout Light Pro','surefire-m600df',15,107,36,'Dual-fuel 1,500-lumen weapon light. CR123A/AA compatible, M-LOK/Picatinny.',19990.0,0.0,25,4.9,234,'surefire m600df scout light pro.png','["flashlight","1500lm","dual-fuel","scout-light","surefire"]',1,'2026-04-24 13:58:44','2026-04-24 13:58:44'),
 (216,'SureFire XH35 Ultra-High Weapon Light','surefire-xh35',15,107,36,'1,000/300-lumen handgun light. 2x CR123A, MIL-STD rail, ambidextrous switch.',14990.0,0.0,30,4.8,178,'surefire xh35 ultra-high weapon light.png','["flashlight","handgun","1000lm","surefire","rail"]',1,'2026-04-24 13:58:44','2026-04-24 13:58:44'),
 (217,'KA-BAR M4 Bayonet Mount','kabar-m4-mount',15,108,7,'M4 bayonet lug adapter. Fits 14.5/16-inch M4/AR-15 barrels, accepts KA-BAR bayonets.',2990.0,0.0,40,4.5,134,'ka-bar m4 bayonet mount.png','["bayonet-mount","m4","ar-15","adapter"]',1,'2026-04-24 13:58:44','2026-04-24 13:58:44'),
 (218,'Otis Elite Cleaning System','otis-elite-clean',16,109,37,'Multi-caliber cleaning system. 5.56 to .50 cal, 100+ piece, Memory-Flex cables.',9990.0,0.0,50,4.8,312,'otis elite cleaning system.png','["cleaning","multi-caliber","otis","100pc","elite"]',1,'2026-04-24 13:58:44','2026-04-24 13:58:44'),
 (219,'Hoppe''s No.9 Cleaning Kit Universal','hoppes-universal-kit',16,109,38,'Universal gun cleaning kit. Bronze brushes, cleaning patches, solvent, oil, 17-piece.',2490.0,0.0,80,4.7,567,'hoppe cleaning kit universal.png','["cleaning","universal","hoppes","17pc","solvent"]',1,'2026-04-24 13:58:44','2026-04-24 13:58:44'),
 (220,'Otis 5.56 Cleaning Kit','otis-556-kit',16,109,37,'5.56mm dedicated cleaning kit. Includes BoreSnake, patches, solvent, oil, nylon brush.',3990.0,0.0,60,4.7,389,'otis 5.56 cleaning kit.png','["cleaning","5.56","dedicated","otis","boresnake"]',1,'2026-04-24 13:58:44','2026-04-24 13:58:44'),
 (221,'Magpul PMAG Armorer Tool','magpul-armorer-tool',16,110,35,'AR-15/M16 armorer tool set. Castle nut wrench, pivot pin tool, action block, 6-piece.',4990.0,0.0,40,4.7,234,'magpul pmag armorer tool.png','["armorer","tool","ar-15","castle-nut","magpul"]',1,'2026-04-24 13:58:44','2026-04-24 13:58:44'),
 (222,'Hoppe''s Gun Oil 4oz','hoppes-gun-oil',16,111,38,'Premium gun oil 4 fl oz. Displaces water, prevents rust, reduces friction.',490.0,0.0,200,4.7,1234,'hoppes gun oil 4oz.png','["oil","lubricant","rust-prevention","hoppes"]',1,'2026-04-24 13:58:44','2026-04-24 13:58:44'),
 (223,'Otis Technologies Dry Lube','otis-dry-lube',16,111,37,'Dry film lubricant spray. PTFE-based, 0 petroleum residue, cold/hot weather rated.',990.0,0.0,100,4.6,456,'otis technologies dry lube.png','["dry-lube","ptfe","spray","cold-weather","otis"]',1,'2026-04-24 13:58:44','2026-04-24 13:58:44'),
 (224,'Hoppe''s BoreSnake 9mm','hoppes-boresnake-9mm',16,112,38,'9mm bore snake. Integrated brass brush, floss, 3x cleaning in one pass.',990.0,0.0,150,4.8,678,'hoppes boresnake 9mm.png','["boresnake","9mm","one-pass","brass-brush","hoppes"]',1,'2026-04-24 13:58:44','2026-04-24 13:58:44'),
 (225,'Hoppe''s BoreSnake .223/5.56','hoppes-boresnake-556',16,112,38,'.223/5.56 bore snake. Integrated bronze brush, microfiber body.',990.0,0.0,120,4.8,543,'hoppes boresnake .2235.56.png','["boresnake","223","5.56","bronze-brush","microfiber"]',1,'2026-04-24 13:58:44','2026-04-24 13:58:44'),
 (226,'Magpul AR-15/M4 Upper Armorer Block','magpul-upper-armorer',16,113,35,'Upper receiver armorer block. Barrel nut installation, torquing, clamp compatible.',5990.0,0.0,25,4.8,134,'magpul ar15m4 upper armorer block.png','["armorer","upper","ar-15","barrel-nut","block"]',1,'2026-04-24 13:58:44','2026-04-24 13:58:44'),
 (227,'Colt Lower Parts Kit (LPK)','colt-lpk',16,114,2,'Mil-spec AR-15 lower parts kit. All lower components except stock/pistol grip, 35-piece.',4990.0,0.0,40,4.9,312,'colt lower parts kit (lpk).png','["lpk","ar-15","lower","mil-spec","colt"]',1,'2026-04-24 13:58:44','2026-04-24 13:58:44'),
 (228,'Glock OEM Parts Kit G17','glock-oem-parts-g17',16,114,1,'Factory Glock 17 replacement parts. Springs, pins, extractor, slide components.',5990.0,0.0,30,4.8,198,'glock oem parts kit g17.png','["parts","glock","g17","oem","replacement"]',1,'2026-04-24 13:58:44','2026-04-24 13:58:44'),
 (229,'Otis Solvent Trap Kit 1/2-28','otis-solvent-trap-1228',16,115,37,'1/2-28 threaded solvent trap. Aluminum, 6 cups, end cap, cleaning rod compatible.',2490.0,0.0,60,4.6,178,'otis solvent trap kit 1228.png','["solvent-trap","1/2-28","aluminum","6-cup","otis"]',1,'2026-04-24 13:58:44','2026-04-24 13:58:44'),
 (230,'Liberty Safe Colonial 50','liberty-colonial-50',17,116,39,'50-gun capacity safe. 90-minute fire rating at 1,200°F, SecuRam electronic lock, 12-gauge steel.',149990.0,0.0,8,4.9,45,'liberty safe colonial 50.png','["safe","50-gun","fire-rated","liberty","electronic-lock"]',1,'2026-04-24 13:58:44','2026-04-24 13:58:44'),
 (231,'Liberty Safe Centurion 24','liberty-centurion-24',17,116,39,'24-gun capacity safe. 30-minute fire rating, electronic lock, door organizer included.',79990.0,5.0,12,4.7,78,'liberty safe centurion 24.png','["safe","24-gun","fire-rated","liberty","budget"]',1,'2026-04-24 13:58:44','2026-04-24 13:58:44'),
 (232,'Liberty Safe Handgun Vault HD-200S','liberty-hd200s',17,116,39,'Handgun quick-access safe. Biometric + digital keypad, steel pry-resistant, cable tether.',8990.0,0.0,35,4.6,234,'liberty safe handgun vault hd-200s.png','["safe","handgun","biometric","quick-access","compact"]',1,'2026-04-24 13:58:44','2026-04-24 13:58:44'),
 (233,'Pelican 1700 Long Case','pelican-1700',17,117,40,'Long gun transport case. Foam-lined, watertight O-ring, 3 padlock hasps, 50x13x6 in.',19990.0,0.0,20,4.9,145,'pelican 1700 long case.png','["case","long-gun","pelican","foam","watertight"]',1,'2026-04-24 13:58:44','2026-04-24 13:58:44'),
 (234,'Pelican 1510 Carry-On Case','pelican-1510',17,117,40,'Airline carry-on hard case. 22x14x9 in, TSA-approved, watertight, pick-n-pluck foam.',12990.0,0.0,30,4.8,212,'pelican 1510 carry-on case.png','["case","carry-on","tsa","airline","pelican"]',1,'2026-04-24 13:58:44','2026-04-24 13:58:44'),
 (235,'Pelican 1750 Rifle Case','pelican-1750',17,117,40,'Rifle transport case. 53x14x7 in, foam-lined, double-throw latches, 4 padlock hasps.',24990.0,0.0,15,4.9,89,'pelican 1750 rifle case.png','["case","rifle","53-inch","pelican","foam-lined"]',1,'2026-04-24 13:58:44','2026-04-24 13:58:44'),
 (236,'Liberty Safe 10-Gun Metal Locker','liberty-10-gun-locker',17,118,39,'10-gun steel locker. 59x18x13 in, 3-point locking, padlock hasp, pry-resistant.',14990.0,0.0,10,4.5,56,'liberty safe 10-gun metal locker.png','["locker","10-gun","steel","3-point","padlock"]',1,'2026-04-24 13:58:44','2026-04-24 13:58:44'),
 (237,'US Military M2A1 .50 Cal Ammo Can','mil-m2a1-ammo-can',17,119,5,'Surplus .50 cal ammo can. Mil-spec steel, rubber gasket seal, carry handle, 11.5x7x5.5 in.',1490.0,0.0,100,4.8,678,'us military m2a1 .50 cal ammo can.png','["ammo-can","50cal","military","sealed","steel"]',1,'2026-04-24 13:58:44','2026-04-24 13:58:44'),
 (238,'US Military 30 Cal Ammo Can','mil-30cal-ammo-can',17,119,5,'Surplus 30 cal ammo can. Mil-spec, rubber gasket, 11x3.5x7 in, fits .308 ammo.',990.0,0.0,150,4.7,890,'us military 30 cal ammo can.png','["ammo-can","30cal","military","sealed","308"]',1,'2026-04-24 13:58:44','2026-04-24 13:58:44'),
 (239,'Safariland 6700 Wall-Mount Shotgun Rack','safariland-6700-rack',17,120,24,'Vehicle/wall-mount shotgun rack. Locking key, holds 12/20ga shotguns, 3-gun capacity.',4990.0,0.0,25,4.6,78,'safariland 6700 wall-mount shotgun rack.png','["rack","shotgun","wall-mount","locking","safariland"]',1,'2026-04-24 13:58:44','2026-04-24 13:58:44'),
 (240,'American Furniture Tactical Mirror Cabinet','tac-mirror-cabinet',17,121,39,'Full-length mirror concealment cabinet. Holds 5 rifles, 12 handguns, biometric lock.',34990.0,0.0,8,4.7,34,'american furniture tactical mirror cabinet.png','["concealment","mirror","cabinet","biometric","tactical"]',1,'2026-04-24 13:58:44','2026-04-24 13:58:44'),
 (241,'Pelican Hardigg Super V-Series Transport','pelican-superv',17,122,40,'Military-grade transport container. 38x20x14 in, watertight, stacking compatible.',29990.0,0.0,10,4.8,23,'pelican hardigg super v-series transport.png','["transport","container","military","waterproof","stacking"]',1,'2026-04-24 13:58:44','2026-04-24 13:58:44'),
 (242,'Motorola APX 8000 Multi-Band Radio','motorola-apx8000',18,123,41,'All-band P25 portable radio. VHF/UHF/700-800 MHz, GPS, Bluetooth, AES encryption.',89990.0,0.0,15,4.9,67,'motorola apx 8000 multi-band radio.png','["radio","p25","multi-band","motorola","encrypted"]',1,'2026-04-24 13:58:44','2026-04-24 13:58:44'),
 (243,'Motorola APX 900 Single-Band','motorola-apx900',18,123,41,'Compact P25 portable radio. UHF/VHF, 3.5 hours battery, IMPRES, OLED display.',49990.0,0.0,20,4.7,112,'motorola apx 900 single-band.png','["radio","p25","single-band","compact","motorola"]',1,'2026-04-24 13:58:44','2026-04-24 13:58:44'),
 (244,'Garmin Rino 755t Handheld','garmin-rino-755t',18,123,42,'2-way radio + GPS combo. NOAA weather, topo maps, FRS/GMRS, 20-mile range.',29990.0,0.0,25,4.7,89,'garmin rino 755t handheld.png','["radio","gps","combo","garmin","topo"]',1,'2026-04-24 13:58:44','2026-04-24 13:58:44'),
 (245,'Garmin STRIKER Plus 7sv','garmin-striker-7sv',18,124,42,'GPS/Fishfinder with mapping. SideVü/ClearVü, 7-inch display, CHIRP sonar — also used for maritime signals.',19990.0,0.0,15,4.5,34,'garmin striker plus 7sv.png','["gps","signal","garmin","maritime","sonar"]',1,'2026-04-24 13:58:44','2026-04-24 13:58:44'),
 (246,'VS-17 Signaling Panel','vs17-panel',18,124,5,'Day/night visual signal panel. 72x36 in, fluorescent orange/pink, MIL-spec.',1490.0,0.0,60,4.6,213,'vs-17 signaling panel.png','["signal-panel","vs17","military","visual","orange"]',1,'2026-04-24 13:58:44','2026-04-24 13:58:44'),
 (247,'AN/PRC-148 MBITR Radio','anprc148-mbitr',18,123,41,'Multi-band inter/intra team radio. 30-512 MHz, 5W, NSA Type 1 encryption, MIL-STD.',129990.0,0.0,10,4.9,43,'anprc-148 mbitr radio.png','["mbitr","multi-band","encrypted","special-ops","radio"]',1,'2026-04-24 13:58:44','2026-04-24 13:58:44'),
 (248,'Motorola Solutions ASTRO 25 Encryption','motorola-astro25-enc',18,125,41,'AES-256 hardware encryption module. P25 Phase 2 compliant, FIPS 140-2 certified.',49990.0,0.0,10,4.9,23,'motorola solutions astro 25 encryption.png','["encryption","aes256","p25","fips","motorola"]',1,'2026-04-24 13:58:44','2026-04-24 13:58:44'),
 (249,'Motorola PMLN6530 Surveillance Kit','motorola-pmln6530',18,126,41,'Surveillance earpiece kit. Clear acoustic tube, in-line PTT, compatible with APX radios.',3990.0,0.0,60,4.6,312,'motorola pmln6530 surveillance kit.png','["earpiece","surveillance","ptt","covert","motorola"]',1,'2026-04-24 13:58:44','2026-04-24 13:58:44'),
 (250,'3M Peltor ComTac VI NIB Headset','3m-comtac-vi',18,127,28,'Dual-comm headset with hearing protection. NRR 26, NATO plug, foldable, BT audio.',39990.0,0.0,15,4.9,87,'3m peltor comtac vi nib headset.png','["headset","dual-comm","hearing-protection","bluetooth","nato"]',1,'2026-04-24 13:58:44','2026-04-24 13:58:44'),
 (251,'Garmin inReach Explorer+','garmin-inreach-explorer',18,128,42,'2-way satellite communicator. Iridium network, global coverage, SOS, topo maps.',19990.0,0.0,20,4.8,134,'garmin inreach explorer+.png','["satellite","communicator","iridium","sos","garmin"]',1,'2026-04-24 13:58:44','2026-04-24 13:58:44'),
 (252,'FLIR Scout III-640 Thermal','flir-scout-iii-640',18,129,43,'Compact thermal monocular. 640x512 sensor, 60 Hz, 2.25-18x, covert night observation.',54990.0,0.0,10,4.8,56,'flir scout iii-640 thermal.png','["thermal","covert","monocular","640","flir","night"]',1,'2026-04-24 13:58:44','2026-04-24 13:58:44'),
 (253,'Crye Precision IFAK Individual Kit','crye-ifak',19,130,31,'Individual First Aid Kit. CAT tourniquet, NPA, hemostatic gauze, chest seal, gloves.',9990.0,0.0,50,4.9,312,'crye precision ifak individual kit.png','["ifak","first-aid","cat","hemostatic","trauma"]',1,'2026-04-24 13:58:44','2026-04-24 13:58:44'),
 (254,'5.11 Tactical UCR IFAK','511-ucr-ifak',19,130,30,'MOLLE-compatible IFAK pouch. CAT tourniquet, Israeli bandage, chest seal, NPA.',7990.0,0.0,60,4.8,234,'5.11 tactical ucr ifak.png','["ifak","molle","cat","trauma","5.11"]',1,'2026-04-24 13:58:44','2026-04-24 13:58:44'),
 (255,'US Military MRE Case A (12 meals)','mil-mre-case-a',19,131,5,'Genuine US Military MRE Case A. 12 meals, 1,250 cal each, 3-year shelf life, FRH included.',5990.0,0.0,40,4.6,234,'us military mre case a (12 meals).png','["mre","military","12-meal","ration","frh"]',1,'2026-04-24 13:58:44','2026-04-24 13:58:44'),
 (256,'US Military MRE Case B (12 meals)','mil-mre-case-b',19,131,5,'Genuine US Military MRE Case B. 12 meals, 1,250 cal each, menus 13-24.',5990.0,0.0,40,4.6,189,'us military mre case b (12 meals).png','["mre","military","12-meal","ration","caseb"]',1,'2026-04-24 13:58:44','2026-04-24 13:58:44'),
 (257,'LifeStraw Mission 12L Gravity Purifier','lifestraw-mission-12l',19,132,48,'Group water purification system. 0.2-micron hollow fiber, 12L, 4,755 gallon lifespan.',5990.0,0.0,30,4.9,178,'lifestraw mission 12l gravity purifier.png','["water-purification","lifestraw","12l","group","gravity"]',1,'2026-04-24 13:58:44','2026-04-24 13:58:44'),
 (258,'LifeStraw Personal Filter','lifestraw-personal',19,132,48,'Personal straw-style water filter. 1,000 gallons lifespan, 0.2-micron, BPA-free.',1490.0,0.0,100,4.8,789,'lifestraw personal filter.png','["water-filter","personal","straw","1000gal","lifestraw"]',1,'2026-04-24 13:58:44','2026-04-24 13:58:44'),
 (259,'Garmin GPSMAP 66sr','garmin-gpsmap-66sr',19,133,42,'Multi-GNSS handheld GPS. 3-inch display, 100-hour battery, inReach compatible.',24990.0,0.0,20,4.8,112,'garmin gpsmap 66sr.png','["gps","navigation","multi-gnss","garmin","100hr"]',1,'2026-04-24 13:58:44','2026-04-24 13:58:44'),
 (260,'Suunto A-10 Field Compass','suunto-a10-compass',19,133,42,'Baseplate compass. Liquid-filled, luminous markings, 1:25000 scale card, MIL-spec capable.',1990.0,0.0,80,4.6,345,'suunto a-10 field compass.png','["compass","baseplate","suunto","luminous","field"]',1,'2026-04-24 13:58:44','2026-04-24 13:58:44'),
 (261,'5.11 Tactical Emergency Bivouac','511-emergency-bivouac',19,134,30,'Emergency bivy bag. Mylar + Tyvek composite, windproof, retains 90% body heat, 5 oz.',2490.0,0.0,60,4.5,234,'5.11 tactical emergency bivouac.png','["bivy","emergency","shelter","mylar","lightweight"]',1,'2026-04-24 13:58:44','2026-04-24 13:58:44'),
 (262,'Leatherman Signal Fire Starting Kit','leatherman-signal-fire',19,135,49,'Multi-tool with built-in fire starter and whistle. Sparking striker, tinder-ready.',7990.0,0.0,40,4.7,156,'leatherman signal fire starting kit.png','["fire-starter","leatherman","multi-tool","whistle","tinder"]',1,'2026-04-24 13:58:44','2026-04-24 13:58:44'),
 (263,'Leatherman MUT Tactical Multi-tool','leatherman-mut',19,136,49,'Military Utility Tool. AR-15 maintenance, bolt override tool, 16 tools, 420HC steel.',12990.0,0.0,30,4.9,234,'leatherman mut tactical multi-tool.png','["multi-tool","military","ar-15","leatherman","16-tool"]',1,'2026-04-24 13:58:44','2026-04-24 13:58:44'),
 (264,'Leatherman Wave Plus','leatherman-wave-plus',19,136,49,'Full-size multi-tool. 18 tools, needlenose pliers, bit driver, outside-accessible blades.',8990.0,5.0,50,4.8,456,'leatherman wave plus.png','["multi-tool","wave","18-tool","leatherman","full-size"]',1,'2026-04-24 13:58:44','2026-04-24 13:58:44'),
 (265,'Leatherman Skeletool CX','leatherman-skeletool',19,136,49,'Minimalist 7-tool multi-tool. Carbon fiber handle, 154CM blade, carabiner clip.',6990.0,0.0,40,4.7,312,'leatherman skeletool cx.png','["multi-tool","minimalist","carbon-fiber","7-tool","leatherman"]',1,'2026-04-24 13:58:44','2026-04-24 13:58:44'),
 (266,'CAT Tourniquet Generation 7','cat-gen7',19,137,5,'Combat Application Tourniquet Gen7. One-handed application, windlass, TCCC approved.',2490.0,0.0,200,5.0,1234,'cat tourniquet generation 7.png','["tourniquet","cat","tccc","windlass","one-handed"]',1,'2026-04-24 13:58:44','2026-04-24 13:58:44'),
 (267,'SOFTT-W Tourniquet','softt-w',19,137,5,'Special Operations Forces Tactical Tourniquet Wide. Wide band, 3-lock buckle, aluminum windlass.',2990.0,0.0,150,4.9,876,'softt-w tourniquet.png','["tourniquet","softt","special-ops","wide-band","tccc"]',1,'2026-04-24 13:58:44','2026-04-24 13:58:44'),
 (268,'FATS M100 Firearm Training Simulator','fats-m100',20,138,50,'Firearms training simulator. HD projection, recoil-enabled weapons, 300+ scenarios.',4999990.0,0.0,2,4.8,3,'fats m100 firearm training simulator.png','["simulator","firearms-training","hd","recoil","scenarios"]',1,'2026-04-24 13:58:44','2026-04-24 13:58:44'),
 (269,'Bluegun Glock 17 Training Replica','bluegun-g17',20,139,50,'Solid polymer Glock 17 training gun. True-to-weight, holster compatible, blue color.',1990.0,0.0,80,4.8,567,'bluegun glock 17 training replica.png','["training","glock","replica","polymer","blue-gun"]',1,'2026-04-24 13:58:44','2026-04-24 13:58:44'),
 (270,'Bluegun M4 Training Rifle','bluegun-m4',20,139,50,'Solid polymer M4 training rifle. Correct weight and dimensions, magazine included.',3990.0,0.0,50,4.7,312,'bluegun m4 training rifle.png','["training","m4","replica","blue-gun","polymer"]',1,'2026-04-24 13:58:44','2026-04-24 13:58:44'),
 (271,'Bluegun HK MP5 Training','bluegun-mp5',20,139,50,'HK MP5 solid polymer training tool. Holster/sling compatible, NPA compatible.',2990.0,0.0,40,4.7,213,'bluegun hk mp5 training.png','["training","mp5","hk","replica","blue-gun"]',1,'2026-04-24 13:58:44','2026-04-24 13:58:44'),
 (272,'Action Target IPSC Cardboard Target','at-ipsc-target',20,140,51,'IPSC/USPSA cardboard targets. 23x35 in, A-zone, 100-pack, competition spec.',3990.0,0.0,60,4.7,678,'action target ipsc cardboard target.png','["target","ipsc","cardboard","100-pack","competition"]',1,'2026-04-24 13:58:44','2026-04-24 13:58:44'),
 (273,'Action Target Dueling Tree Plate Rack','at-dueling-tree',20,140,51,'6-plate dueling tree. Steel AR500, 8-inch paddles, self-resetting, range use.',24990.0,0.0,15,4.9,67,'action target dueling tree plate rack.png','["steel-target","dueling-tree","ar500","self-reset","range"]',1,'2026-04-24 13:58:44','2026-04-24 13:58:44'),
 (274,'Action Target BC Zone Spinner','at-bc-spinner',20,140,51,'BC Zone steel spinner target. AR500, 6-inch disk, self-resetting after hit.',5990.0,0.0,30,4.8,134,'action target bc zone spinner.png','["steel-target","spinner","ar500","self-reset","6-inch"]',1,'2026-04-24 13:58:44','2026-04-24 13:58:44'),
 (275,'FM 3-22.9 Rifle Marksmanship Manual','fm-3-22-9-manual',20,141,5,'US Army Field Manual 3-22.9. M16/M4 rifle marksmanship, zeroing, qualification standards.',990.0,0.0,100,4.6,456,'fm 3-22.9 rifle marksmanship manual.png','["manual","field-manual","m16","m4","marksmanship","army"]',1,'2026-04-24 13:58:44','2026-04-24 13:58:44'),
 (276,'ATP 3-22.68 Crew-Served Weapons Manual','atp-3-22-68',20,141,5,'Army Techniques Publication. Crew-served weapon operations, M249/M240/M2 procedures.',990.0,0.0,60,4.5,213,'atp 3-22.68 crew-served weapons manual.png','["manual","atp","crew-served","m249","m240","m2"]',1,'2026-04-24 13:58:44','2026-04-24 13:58:44'),
 (277,'Bluegun SIG P320 Training','bluegun-sig-p320',20,142,50,'SIG P320 full-size blue training gun. Slide/trigger function, holster compatible.',2490.0,0.0,50,4.8,213,'bluegun sig p320 training.png','["training","sig","p320","blue-gun","holster-compatible"]',1,'2026-04-24 13:58:44','2026-04-24 13:58:44'),
 (278,'Simunition FX Marking Cartridge 9mm','simunition-fx-9mm',20,143,50,'9mm FX marking cartridge. Color-marking projectile, 8m effective range, 50-round box.',3990.0,0.0,80,4.7,312,'simunition fx marking cartridge 9mm.png','["simunition","marking","9mm","force-on-force","training"]',1,'2026-04-24 13:58:44','2026-04-24 13:58:44'),
 (279,'Tiered Helmet Facescreen Kit','fof-facescreen-kit',20,143,28,'Force-on-Force face protection. Polycarbonate lens, mounts on PASGT/ACH, ANSI Z87.1.',4990.0,0.0,30,4.7,134,'tiered helmet facescreen kit.png','["face-protection","force-on-force","fof","helmet","polycarbonate"]',1,'2026-04-24 13:58:44','2026-04-24 13:58:44'),
 (280,'SIRT 110 Pistol Recoil Trainer','sirt-110-pistol',20,144,50,'Shot Indicating Resetting Trigger trainer. Laser shot indicator, resetting trigger, Glock compatible.',24990.0,0.0,20,4.8,134,'sirt 110 pistol recoil trainer.png','["sirt","recoil-trainer","laser","glock","dry-fire"]',1,'2026-04-24 13:58:44','2026-04-24 13:58:44'),
 (281,'LaserLyte Recoil Trainer Pistol','laserlyte-trainer',20,144,50,'Full-size recoil trainer with laser. Trigger reset, CO2-powered recoil simulation.',14990.0,5.0,25,4.6,89,'laserlyte recoil trainer pistol.png','["recoil","trainer","laser","co2","dry-fire"]',1,'2026-04-24 13:58:44','2026-04-24 13:58:44'),
 (282,'AK-47 Type I','ak-47-type-i',1,2,73,'The original 1947 Mikhail Kalashnikov assault rifle. 7.62x39mm, 30-round banana magazine, milled steel receiver, wooden stock. One of the most produced and recognized firearms in history — over 100 million manufactured worldwide.',89990.0,0.0,20,5.0,2048,'ak-47_type_i.png','["7.62x39","assault-rifle","kalashnikov","iconic","ak","cold-war","wwii"]',1,'2026-04-25 12:10:27','2026-04-25 12:10:27'),
 (283,'IMI Desert Eagle .50 AE','imi-desert-eagle-50ae',1,1,79,'.50 Action Express gas-operated semi-auto pistol. 7-round magazine, 6-inch barrel, rotating bolt mechanism. The most iconic large-caliber pistol in film and gaming history — Counter-Strike, Max Payne, Half-Life 2, and countless action films.',89990.0,0.0,15,4.9,876,'imi_desert_eagle_50ae.png','[".50ae","magnum","gas-operated","iconic","semi-auto","gaming","film","counter-strike"]',1,'2026-04-25 12:10:27','2026-04-25 12:10:27'),
 (284,'Colt M1911A1 Military','colt-m1911a1-military',1,1,2,'WWII-standard US military sidearm. .45 ACP, 7-round magazine, parkerized finish, lanyard loop. Standard US service pistol from 1911 to 1986. Iconic in Call of Duty, Battlefield, Fallout, and every WWII film ever made.',45990.0,0.0,25,4.9,1234,'colt_m1911a1_military.png','[".45acp","wwii","military","1911","single-action","iconic","gaming","fallout","call-of-duty"]',1,'2026-04-25 12:10:27','2026-04-25 12:10:27'),
 (285,'Walther PPK 7.65mm','walther-ppk-765mm',1,1,71,'7.65mm/.32 ACP compact DA/SA pistol. 7-round magazine, blued steel frame, double-action trigger. James Bond''s signature firearm since Dr. No (1962) — the most recognizable spy pistol ever made.',34990.0,0.0,30,4.8,643,'walther_ppk_765mm.png','["7.65mm","32acp","compact","da-sa","james-bond","iconic","spy","007","film"]',1,'2026-04-25 12:10:27','2026-04-25 12:10:27'),
 (286,'Mauser C96 Broomhandle 7.63mm','mauser-c96-broomhandle',1,1,72,'7.63x25mm semi-auto pistol with integral 10-round stripper-clip magazine. Detachable shoulder stock doubles as holster. Used WWI through WWII; iconic in Star Wars as Han Solo''s DL-44, Indiana Jones, and countless games.',79990.0,0.0,10,4.9,312,'mauser_c96_broomhandle.png','["7.63mm","wwi","wwii","semi-auto","broomhandle","iconic","shoulder-stock","han-solo","star-wars"]',1,'2026-04-25 12:10:27','2026-04-25 12:10:27'),
 (287,'Smith & Wesson Model 29 .44 Magnum','sw-model-29-44mag',1,1,75,'.44 Magnum double-action revolver. 6-round cylinder, 6.5-inch barrel, blued steel. Made famous by Clint Eastwood''s Dirty Harry (1971). Featured in GoldenEye 007 (Magnum), Fallout, and every revolver category in gaming.',59990.0,0.0,18,5.0,765,'sw_model_29_44magnum.png','[".44mag","revolver","dirty-harry","6-inch","iconic","da","clint-eastwood","fallout","gaming"]',1,'2026-04-25 12:10:27','2026-04-25 12:10:27'),
 (288,'Beretta 92FS / M9 9mm','beretta-92fs-m9-9mm',1,1,76,'9mm DA/SA service pistol. 15-round magazine, open-slide design, chrome-lined barrel, ambidextrous safety/decocker. US military standard 1985–2017. Iconic in Lethal Weapon, Die Hard, Leon the Professional, and virtually every military FPS.',34990.0,0.0,40,4.8,987,'beretta_92fs_m9_9mm.png','["9mm","military","da-sa","open-slide","iconic","lethal-weapon","die-hard","gaming","m9"]',1,'2026-04-25 12:10:27','2026-04-25 12:10:27'),
 (289,'Luger P08 9mm','luger-p08-9mm',1,1,69,'The iconic WWI/WWII German toggle-lock pistol. 9mm Parabellum, 8-round magazine, distinctive angled grip and toggle mechanism. The weapon that made 9mm the world standard. Iconic in every WWII game including Call of Duty and Sniper Elite.',69990.0,0.0,12,4.9,423,'luger_p08_9mm.png','["9mm","wwi","wwii","german","toggle-lock","iconic","parabellum","call-of-duty"]',0,'2026-04-25 12:10:27','2026-04-25 12:10:27'),
 (290,'Tokarev TT-33 7.62x25mm','tokarev-tt33-762x25',1,1,69,'Soviet 7.62x25mm Tokarev semi-auto pistol. 8-round magazine, single-action, no manual safety, FN Browning-derived locking system. Standard Soviet sidearm of WWII. Iconic Eastern Bloc weapon in Red Orchestra and Sniper Elite.',19990.0,0.0,20,4.7,234,'tokarev_tt33_762x25.png','["7.62x25","wwii","soviet","single-action","tokarev","iconic","eastern-bloc","gaming"]',0,'2026-04-25 12:10:27','2026-04-25 12:10:27'),
 (291,'IMI Uzi 9mm Submachine Gun','imi-uzi-9mm-smg',1,4,79,'9mm open-bolt blowback SMG. 25/32/40-round magazine, folding metal stock, 600 rpm. Israeli-designed icon adopted by over 90 countries. Featured in The Terminator, Counter-Strike, and GoldenEye 007.',89990.0,0.0,15,4.9,534,'imi_uzi_9mm_smg.png','["9mm","smg","israeli","folding-stock","iconic","terminator","goldeneye","counter-strike"]',1,'2026-04-25 12:10:27','2026-04-25 12:10:27'),
 (292,'Thompson M1928A1 Tommy Gun .45 ACP','thompson-m1928a1-tommy-gun',1,4,69,'.45 ACP SMG with 50-round drum or 20-round box magazine, 700 rpm, Cutts compensator, actuator. The iconic Prohibition gangster and WWII Allied weapon. Featured in The Godfather, Peaky Blinders, Mafia game series.',169990.0,0.0,8,5.0,543,'thompson_m1928a1_tommy_gun.png','[".45acp","wwii","smg","tommy-gun","gangster","iconic","drum","prohibition","godfather"]',0,'2026-04-25 12:10:27','2026-04-25 12:10:27'),
 (293,'Thompson M1A1 .45 ACP','thompson-m1a1-smg',1,4,69,'Simplified 1942 production Thompson. .45 ACP, 30-round stick magazine, 600 rpm, no compensator. Standard Allied SMG WWII. Iconic in Band of Brothers, Medal of Honor, and Call of Duty WWII.',149990.0,0.0,10,4.9,765,'thompson_m1a1_smg.png','[".45acp","wwii","smg","allied","iconic","band-of-brothers","call-of-duty-wwii","gaming"]',0,'2026-04-25 12:10:27','2026-04-25 12:10:27'),
 (294,'MP40 9mm Submachine Gun','mp40-9mm-smg',1,4,69,'9mm open-bolt blowback SMG. 32-round magazine, folding steel stock, 500 rpm. Standard Wehrmacht SMG of WWII. Arguably the most recognizable WWII weapon in gaming — Call of Duty, Medal of Honor, Battlefield, Sniper Elite.',109990.0,0.0,12,4.9,876,'mp40_9mm_smg.png','["9mm","wwii","german","smg","folding-stock","iconic","call-of-duty","battlefield"]',0,'2026-04-25 12:10:27','2026-04-25 12:10:27'),
 (295,'PPSh-41 7.62x25mm Soviet SMG','ppsh41-762x25-soviet-smg',1,4,69,'7.62x25mm Tokarev blowback SMG. 71-round drum or 35-round box magazine, 900 rpm, chromed bore, laminated stock. The iconic Soviet "Papasha" of WWII — the Eastern Front''s most produced SMG. Featured in Red Orchestra and Call of Duty.',99990.0,0.0,10,4.9,445,'ppsh41_762x25_soviet_smg.png','["7.62x25","wwii","soviet","smg","drum","iconic","papasha","eastern-front","red-orchestra"]',0,'2026-04-25 12:10:27','2026-04-25 12:10:27'),
 (296,'Sten Mk II 9mm British SMG','sten-mk2-9mm-british-smg',1,4,69,'9mm open-bolt blowback SMG. 32-round side-mounted magazine, 550 rpm, bare-pipe skeleton construction. Mass-produced British resistance and SAS weapon — 4 million made. Iconic in Resistance/SOE scenes in every WWII game and film.',59990.0,0.0,15,4.7,234,'sten_mk2_9mm_british_smg.png','["9mm","wwii","british","sten","smg","resistance","sas","iconic","skeleton","soe"]',0,'2026-04-25 12:10:27','2026-04-25 12:10:27'),
 (297,'Winchester Model 1894 Lever-Action .30-30','winchester-1894-lever-action-3030',1,2,70,'.30-30 Win lever-action rifle. 7-round tubular magazine, 20-inch barrel, crescent butt, walnut stock. Best-selling sporting rifle of the 19th century; the icon of the American West. Featured in Red Dead Redemption and countless Westerns.',49990.0,5.0,22,4.9,654,'winchester_1894_lever_action_3030.png','[".30-30","lever-action","western","cowboy","iconic","red-dead-redemption","winchester"]',1,'2026-04-25 12:10:27','2026-04-25 12:10:27'),
 (298,'Mauser Karabiner 98k 7.92mm','mauser-kar98k-792mm',1,2,72,'7.92x57mm bolt-action rifle. 5-round internal magazine, straight bolt handle, 600mm barrel. Standard German infantry rifle of WWII. One of the most iconic rifles in gaming — Call of Duty, Battlefield, Medal of Honor, Sniper Elite.',69990.0,0.0,14,4.9,876,'mauser_kar98k_792mm.png','["7.92mm","wwii","bolt-action","german","kar98k","iconic","call-of-duty","sniper-elite"]',1,'2026-04-25 12:10:27','2026-04-25 12:10:27'),
 (299,'Springfield M1 Garand .30-06','springfield-m1-garand-3006',1,2,77,'.30-06 Springfield semi-auto rifle. 8-round en-bloc clip, 24-inch barrel, gas-operated self-loading. Patton called it "the greatest battle implement ever devised." Standard US WWII rifle. Iconic in Medal of Honor and Saving Private Ryan.',89990.0,0.0,12,5.0,543,'springfield_m1_garand_3006.png','[".30-06","wwii","semi-auto","en-bloc","garand","iconic","medal-of-honor","saving-private-ryan"]',1,'2026-04-25 12:10:27','2026-04-25 12:10:27'),
 (300,'Lee-Enfield No.4 Mk I .303 British','lee-enfield-no4-mk1-303',1,2,69,'.303 British bolt-action rifle. 10-round detachable magazine, fastest battle bolt of WWII at 20–30 rpm. Standard British and Commonwealth infantry rifle through both World Wars. Iconic in every WWII British-theater game.',49990.0,0.0,16,4.8,334,'lee_enfield_no4_mk1_303.png','[".303","wwi","wwii","bolt-action","british","commonwealth","iconic","smle","gaming"]',0,'2026-04-25 12:10:27','2026-04-25 12:10:27'),
 (301,'Mosin-Nagant M91/30 7.62x54R','mosin-nagant-m9130-762x54r',1,2,69,'7.62x54mmR bolt-action rifle. 5-round internal magazine, 28.7-inch barrel, hex or round receiver. Over 37 million produced; the Soviet WWII standard rifle. Featured in Enemy at the Gates and Sniper Elite as the definitive Eastern Front weapon.',29990.0,0.0,30,4.7,678,'mosin_nagant_m9130_762x54r.png','["7.62x54r","wwii","soviet","bolt-action","sniper","iconic","enemy-at-the-gates","sniper-elite"]',0,'2026-04-25 12:10:27','2026-04-25 12:10:27'),
 (302,'AKM 7.62x39mm','akm-762x39mm',1,2,73,'Modernized AK-47 with stamped receiver and slant muzzle brake. 7.62x39mm, 30-round magazine, laminated stock. The most widely distributed assault rifle on Earth. Every military game and film from the Cold War onward features it.',79990.0,0.0,25,4.9,1102,'akm_762x39mm.png','["7.62x39","assault-rifle","kalashnikov","akm","iconic","stamped","cold-war","gaming"]',1,'2026-04-25 12:10:27','2026-04-25 12:10:27'),
 (303,'M16A2 5.56mm Rifle','m16a2-556mm-rifle',1,2,2,'5.56x45mm semi/burst-fire rifle. 30-round STANAG magazine, 20-inch barrel, A2 flash hider, M16A2 adjustable sights. US military standard 1983–2000. The definitive American service rifle in Vietnam-to-Gulf War gaming.',129990.0,0.0,18,4.8,765,'m16a2_556mm_rifle.png','["5.56","m16","military","20-inch","iconic","vietnam","gulf-war","call-of-duty","gaming"]',1,'2026-04-25 12:10:27','2026-04-25 12:10:27'),
 (304,'Springfield M14 Battle Rifle 7.62mm','springfield-m14-battle-rifle-762',1,2,77,'7.62x51mm NATO semi/full-auto battle rifle. 20-round magazine, 22-inch barrel, walnut stock, muzzle brake. Replaced the M1 Garand; saw action Vietnam through modern day as a DMR. Iconic in every Vietnam and modern warfare game.',139990.0,0.0,10,4.8,312,'springfield_m14_battle_rifle_762.png','["7.62","m14","battle-rifle","nato","vietnam","iconic","dmr","gaming","modern"]',1,'2026-04-25 12:10:27','2026-04-25 12:10:27'),
 (305,'Steyr AUG A3 5.56mm Bullpup','steyr-aug-a3-556-bullpup',1,2,78,'5.56x45mm bullpup assault rifle. 30-round magazine, integrated optic rail, folding vertical grip, 508mm barrel. Adopted by Austria, Australia, and 20+ nations. Iconic in Die Hard, GoldenEye, and numerous FPS games.',149990.0,0.0,15,4.8,234,'steyr_aug_a3_556_bullpup.png','["5.56","bullpup","aug","austria","iconic","die-hard","goldeneye","gaming","australia"]',1,'2026-04-25 12:10:27','2026-04-25 12:10:27'),
 (306,'Winchester Model 1897 Trench Gun 12ga','winchester-1897-trench-gun-12ga',1,3,70,'12-gauge pump-action shotgun with heat shield and bayonet lug. 6+1 capacity, 20-inch barrel, slam-fire capable. The original WWI "trench sweeper" — Germans attempted to have it banned by the Geneva Convention. Iconic in every WWI game.',39990.0,0.0,15,4.9,234,'winchester_1897_trench_gun_12ga.png','["12gauge","pump","wwi","trench","heat-shield","bayonet","iconic","slam-fire","gaming"]',1,'2026-04-25 12:10:27','2026-04-25 12:10:27'),
 (308,'MG42 7.92mm GPMG','mg42-792mm-gpmg',1,5,69,'7.92x57mm short-recoil MG. 250-round belt, up to 1,200 rpm, quick-change barrel. "Hitler''s Buzzsaw" — the fastest-firing GPMG of WWII. Its distinctive buzz is instantly recognizable in every WWII game and film.',349990.0,0.0,4,5.0,123,'mg42_792mm_gpmg.png','["7.92mm","wwii","german","1200rpm","belt-fed","iconic","hitlers-buzzsaw","call-of-duty","mg42"]',0,'2026-04-25 12:10:27','2026-04-25 12:10:27'),
 (309,'M1919A4 .30 Cal Browning MMG','m1919a4-30cal-browning-mmg',1,5,69,'.30-06 recoil-operated medium machine gun. 250-round belt, 400–600 rpm, tripod or vehicle mount. US standard MMG from WWII through Vietnam. Every WWII game features it as a fixed or vehicle-mounted weapon.',299990.0,0.0,5,4.9,87,'m1919a4_30cal_browning_mmg.png','[".30cal","wwii","machine-gun","tripod","belt-fed","browning","iconic","vehicle-mount"]',0,'2026-04-25 12:10:27','2026-04-25 12:10:27'),
 (310,'Bren Gun .303 British LMG','bren-gun-303-british-lmg',1,5,69,'.303 British gas-operated LMG. 30-round top-mounted curved magazine, 500 rpm, quick-change barrel, bipod. Standard British Commonwealth section LMG of WWII. Iconic in every WWII British-theater game.',199990.0,0.0,6,4.8,89,'bren_gun_303_british_lmg.png','[".303","wwii","british","lmg","top-magazine","bren","iconic","commonwealth","gaming"]',0,'2026-04-25 12:10:27','2026-04-25 12:10:27'),
 (311,'Remington Model 700 BDL .308 Win','remington-700-bdl-308win',1,6,74,'.308 Winchester bolt-action precision rifle. 4-round internal magazine, 24-inch barrel, Monte Carlo walnut stock. Basis for the M24 SWS; the most widely cloned bolt-action ever. Iconic in Call of Duty as the "R700" sniper rifle.',59990.0,0.0,20,4.9,654,'remington_700_bdl_308win.png','[".308","bolt-action","precision","sniper","m24","iconic","rem700","gaming","call-of-duty"]',1,'2026-04-25 12:10:27','2026-04-25 12:10:27'),
 (312,'Mosin-Nagant M91/30 PU Sniper 7.62x54R','mosin-nagant-pu-sniper-762x54r',1,6,69,'7.62x54mmR bolt-action sniper with PU 3.5x scope and bent bolt. Soviet WWII sniper system — used by legendary snipers including Vasily Zaitsev of Stalingrad. Iconic in Enemy at the Gates and Sniper Elite.',39990.0,0.0,20,4.9,334,'mosin_nagant_pu_sniper_762x54r.png','["7.62x54r","wwii","soviet","sniper","pu-scope","iconic","vasily-zaitsev","enemy-at-the-gates"]',0,'2026-04-25 12:10:27','2026-04-25 12:10:27'),
 (313,'Accuracy International AXMC .338 Lapua Mag','ai-axmc-338-lapua-mag',1,6,80,'.338 Lapua Magnum multi-caliber bolt-action chassis rifle. 1,500m+ effective range, folding stock, adjustable cheekpiece. Used by British SAS, Swedish military, US SOF. Featured in Call of Duty, Battlefield, and Ghost Recon.',349990.0,0.0,5,4.9,67,'ai_axmc_338_lapua_mag.png','[".338","lapua","precision","sniper","british","axmc","chassis","gaming","sof","ghost-recon"]',1,'2026-04-25 12:10:27','2026-04-25 12:10:27'),
 (314,'Springfield M21 Tactical Sniper 7.62mm','springfield-m21-tactical-sniper',1,6,77,'7.62x51mm semi-auto sniper rifle based on the M14. Match-grade barrel, National Match trigger, cheekpiece, US military issue. The definitive Vietnam and Gulf War designated marksman rifle. Iconic in Call of Duty 4.',179990.0,0.0,8,4.8,123,'springfield_m21_tactical_sniper.png','["7.62","m21","sniper","semi-auto","dmr","gulf-war","vietnam","iconic","call-of-duty"]',1,'2026-04-25 12:10:27','2026-04-25 12:10:27'),
 (315,'Classic Bowie Knife 12"','classic-bowie-knife-12in',2,9,69,'12-inch 1075 high-carbon clip-point bowie knife. Brass crossguard, stacked leather handle, leather sheath. The legendary frontier knife of Jim Bowie and the Alamo. Iconic in every Western RPG and survival game.',4990.0,0.0,60,4.7,456,'classic_bowie_knife_12in.png','["bowie","12-inch","clip-point","frontier","iconic","fixed-blade","western","alamo","survival"]',0,'2026-04-25 12:10:27','2026-04-25 12:10:27'),
 (316,'KA-BAR USMC Fighting/Utility Knife','kabar-usmc-fighting-utility-knife',2,9,7,'7-inch 1095 cro-van clip-point fighting knife. Stacked leather handle, USMC-marked blade, leather/kydex sheath. Issued to Marines since WWII — the definitive American military combat knife. Featured in every war game.',4490.0,5.0,80,4.9,1234,'kabar_usmc_fighting_utility_knife.png','["usmc","wwii","7-inch","1095","fighting-knife","iconic","military","marines","gaming"]',1,'2026-04-25 12:10:27','2026-04-25 12:10:27'),
 (317,'Fairbairn-Sykes Fighting Knife WWII','fairbairn-sykes-fighting-knife-wwii',2,11,6,'6.5-inch double-edged stiletto dagger. Foil grip, tapered blade, designed by Fairbairn & Sykes for WWII OSS/SOE. The definitive commando knife — used by SAS, OSS, Rangers, and British Commandos. Iconic in every spy and commando game.',12990.0,0.0,30,4.9,198,'fairbairn_sykes_fighting_knife_wwii.png','["fs-knife","wwii","oss","soe","sas","commando","double-edge","iconic","stiletto","spy"]',1,'2026-04-25 12:10:27','2026-04-25 12:10:27'),
 (318,'Medieval Longsword 44" Hand-and-a-Half','medieval-longsword-44in-hand-and-a-half',2,10,8,'44-inch hand-and-a-half longsword. 1055 carbon steel blade, wheel pommel, leather-wrapped grip, full tang. The iconic knightly weapon of the 14th–15th century. Featured in Dark Souls, Kingdom Come: Deliverance, and For Honor.',14990.0,0.0,20,4.7,178,'medieval_longsword_44in.png','["longsword","medieval","knightly","hand-and-a-half","iconic","dark-souls","kingdom-come","for-honor"]',1,'2026-04-25 12:10:27','2026-04-25 12:10:27'),
 (319,'Viking Bearded Axe 9" Head','viking-bearded-axe-9in-head',2,14,8,'Hand-forged bearded Viking axe. 9-inch 1055 carbon steel head, 24-inch ash haft, traditional Norse profile. The defining weapon of the Viking Age — featured in Assassin''s Creed Valhalla and God of War.',9990.0,0.0,25,4.8,134,'viking_bearded_axe_9in.png','["viking","axe","bearded","norse","medieval","iconic","god-of-war","assassins-creed","valhalla"]',1,'2026-04-25 12:10:27','2026-04-25 12:10:27'),
 (320,'Roman Gladius 20" Mainz Pattern','roman-gladius-20in-mainz',2,10,8,'20-inch Mainz-pattern gladius. 1055 carbon steel double-edged blade, hardwood grip, brass fittings. The weapon of the Roman Legions — featured in Ryse: Son of Rome, For Honor, and every ancient-era RPG.',9990.0,0.0,18,4.7,89,'roman_gladius_20in_mainz.png','["gladius","roman","double-edge","mainz","legion","iconic","historical","for-honor","ryse"]',1,'2026-04-25 12:10:27','2026-04-25 12:10:27'),
 (321,'Katana 27" Differentially Hardened','katana-27in-differentially-hardened',2,10,8,'27-inch differentially hardened 1075 carbon steel katana. Hamon line, rayskin handle, full tang. The definitive Japanese samurai weapon — Ghost of Tsushima, Sekiro: Shadows Die Twice, Samurai Warriors.',24990.0,0.0,15,4.8,234,'katana_27in_differentially_hardened.png','["katana","japanese","samurai","hamon","iconic","ghost-of-tsushima","sekiro","gaming"]',1,'2026-04-25 12:10:27','2026-04-25 12:10:27'),
 (322,'Kukri 12" Gurkha Service Issue','kukri-12in-gurkha-service',2,9,69,'12-inch forward-curved 5160 spring steel Gurkha kukri. Forward-weight chopping balance, notched blade base, wooden handle. The feared Gurkha weapon of WWI, WWII, and Falklands. Iconic in Far Cry and survival gaming.',5990.0,0.0,40,4.8,312,'kukri_12in_gurkha_service.png','["kukri","gurkha","nepalese","wwi","wwii","iconic","forward-curved","survival","far-cry"]',0,'2026-04-25 12:10:27','2026-04-25 12:10:27'),
 (323,'Bayonet M1 Garand / Springfield 10"','bayonet-m1-garand-springfield-10in',2,13,7,'10-inch M1905 pattern bayonet for M1 Garand and Springfield 1903A3. 1095 carbon steel blade, leather and metal scabbard. Standard US bayonet of WWII and Korea. Included on every M1 Garand in gaming.',3990.0,0.0,50,4.7,312,'bayonet_m1_garand_springfield_10in.png','["bayonet","m1905","garand","wwii","korea","iconic","military","springfield"]',1,'2026-04-25 12:10:27','2026-04-25 12:10:27'),
 (324,'Trench Knife M1918 Knuckle Duster','trench-knife-m1918-knuckle-duster',2,11,69,'WWI M1918 trench knife. 6.75-inch double-edged blade, bronze knuckle-duster grip, steel pommel spike. The iconic US doughboy close-quarters weapon of WWI — featured in Battlefield 1 and WWI gaming.',6990.0,0.0,30,4.8,178,'trench_knife_m1918_knuckle_duster.png','["trench-knife","m1918","wwi","knuckle-duster","iconic","doughboy","battlefield-1","gaming"]',0,'2026-04-25 12:10:27','2026-04-25 12:10:27'),
 (325,'Medieval Flanged War Mace 28"','medieval-flanged-war-mace-28in',3,21,8,'28-inch flanged war mace. 1055 carbon steel head with 6 flanges, hickory haft, steel cap. Classic medieval infantry weapon — clergy-approved alternative to edged weapons. Featured in Dark Souls, Mordhau, and every medieval RPG.',19990.0,0.0,15,4.6,67,'medieval_flanged_war_mace_28in.png','["mace","flanged","medieval","infantry","iconic","dark-souls","mordhau","rpg"]',1,'2026-04-25 12:10:27','2026-04-25 12:10:27'),
 (326,'Two-Handed Warhammer 36"','two-handed-warhammer-36in',3,22,8,'36-inch two-handed war hammer with rear spike. 1055 carbon steel head, 4-lb weight, ash haft. Late-medieval weapon of knights and men-at-arms. Featured in Dark Souls, For Honor, Elder Scrolls, and The Witcher.',24990.0,0.0,12,4.7,45,'two_handed_warhammer_36in.png','["warhammer","two-handed","medieval","knight","spike","iconic","dark-souls","for-honor","witcher"]',1,'2026-04-25 12:10:27','2026-04-25 12:10:27'),
 (327,'Traditional English Warbow 150lb Yew','traditional-english-warbow-150lb-yew',4,28,69,'150 lb draw-weight English longbow. 72-inch yew stave, horn nocks, linen string. Replica of the weapon that won Agincourt (1415). The most feared medieval ranged weapon — featured in Kingdom Come: Deliverance and Chivalry 2.',24990.0,0.0,8,4.8,56,'traditional_english_warbow_150lb_yew.png','["longbow","english","medieval","yew","150lb","agincourt","iconic","kingdom-come","chivalry"]',0,'2026-04-25 12:10:27','2026-04-25 12:10:27'),
 (328,'Mongol Composite Recurve Bow 50lb','mongol-composite-recurve-bow-50lb',4,28,11,'50 lb draw traditional Mongol-style composite recurve bow. Horn-sinew-wood laminate, 48-inch length, horse-archer configuration. The weapon that built the largest land empire in history.',18990.0,0.0,12,4.7,34,'mongol_composite_recurve_bow_50lb.png','["recurve","mongol","composite","horse-archer","traditional","iconic","historical"]',1,'2026-04-25 12:10:27','2026-04-25 12:10:27'),
 (329,'Medieval Crossbow 150lb with Windlass','medieval-crossbow-150lb-windlass',4,29,10,'150 lb prod medieval-style crossbow with windlass spanning device. Steel prod, wooden tiller, bolts included. The weapon that democratized medieval warfare — featured in Kingdom Come: Deliverance and Mount & Blade.',29990.0,0.0,10,4.6,78,'medieval_crossbow_150lb_windlass.png','["crossbow","medieval","windlass","150lb","steel-prod","iconic","kingdom-come","mount-and-blade"]',1,'2026-04-25 12:10:27','2026-04-25 12:10:27'),
 (330,'Mk 2 Pineapple Fragmentation Grenade','mk2-pineapple-fragmentation-grenade',5,35,69,'Cast iron fragmentation grenade. 5-second delay fuze, pull pin and spoon arming, 10m lethal radius. The iconic US WWII "pineapple" grenade — featured in every WWII game, film, and TV show ever made.',2990.0,0.0,300,4.8,1234,'mk2_pineapple_fragmentation_grenade.png','["grenade","pineapple","mk2","wwii","iconic","cast-iron","frag","gaming","film"]',0,'2026-04-25 12:10:27','2026-04-25 12:10:27'),
 (331,'Model 24 Stielhandgranate Stick Grenade','model-24-stielhandgranate-stick-grenade',5,35,69,'German WWII stick grenade. Pull-cord friction fuze, 4.5-second delay, 15m blast radius. The "potato masher" — the most recognizable grenade of all time. Iconic in every WWII game and the Wolfenstein series.',2490.0,0.0,250,4.9,987,'model_24_stielhandgranate_stick_grenade.png','["grenade","stielhandgranate","potato-masher","wwii","german","iconic","stick","wolfenstein"]',0,'2026-04-25 12:10:27','2026-04-25 12:10:27'),
 (332,'AT4 84mm Disposable Rocket Launcher','at4-84mm-disposable-rocket-launcher',5,39,69,'84mm unguided disposable anti-armor rocket launcher. 300m effective range, 420mm RHA penetration, shoulder-fired, single shot. NATO standard disposable launcher — every modern military FPS from Call of Duty to Battlefield includes it.',34990.0,0.0,20,4.9,234,'at4_84mm_disposable_rocket_launcher.png','["at4","anti-armor","disposable","84mm","nato","iconic","gaming","launcher","call-of-duty"]',0,'2026-04-25 12:10:27','2026-04-25 12:10:27'),
 (333,'PASGT Ballistic Helmet NIJ IIIA','pasgt-ballistic-helmet-nij-iiia',13,85,28,'NIJ Level IIIA PASGT-pattern ballistic helmet. Kevlar composite, 1.4kg, 4-point retention harness. US military standard 1983 through early 2000s. The most iconic modern military helmet — in every military game from the 1990s onward.',24990.0,0.0,35,4.7,312,'pasgt_ballistic_helmet_nij_iiia.png','["helmet","pasgt","level-iiia","kevlar","military","iconic","gaming","us-army"]',1,'2026-04-25 12:10:27','2026-04-25 12:10:27'),
 (334,'M1 Steel Pot Helmet WWII','m1-steel-pot-helmet-wwii',13,85,69,'Steel M1 helmet with OD cotton liner and chinstrap. 2.85 lb manganese steel shell. Standard US WWII through Vietnam era — the "Steel Pot." The definitive American military helmet in every WWII and Vietnam game and film.',4990.0,0.0,50,4.8,543,'m1_steel_pot_helmet_wwii.png','["helmet","m1","wwii","vietnam","steel-pot","iconic","steel","us-army","gaming","film"]',0,'2026-04-25 12:10:27','2026-04-25 12:10:27'),
 (335,'M1935 Stahlhelm German WWII Helmet','m1935-stahlhelm-german-wwii',13,85,69,'German WWII M1935 Stahlhelm. Steel construction, leather liner, single-comb Y-strap chinstrap. The instantly recognizable German helmet of both World Wars — in every WWII game ever made.',5990.0,0.0,35,4.7,312,'m1935_stahlhelm_german_wwii.png','["stahlhelm","german","wwii","wwi","steel","iconic","helmet","gaming","m35"]',0,'2026-04-25 12:10:27','2026-04-25 12:10:27'),
 (336,'Interceptor OTV Body Armor NIJ IIIA','interceptor-otv-body-armor-nij-iiia',13,86,28,'Outer Tactical Vest NIJ Level IIIA with SAPI plate pockets, MOLLE II webbing, throat/groin/deltoid protection. US military standard 2000s–2010s. Iconic in Call of Duty Modern Warfare and every 2000s US-military game.',44990.0,0.0,15,4.7,145,'interceptor_otv_body_armor_nij_iiia.png','["interceptor","otv","iiia","molle","sapi","military","iconic","modern-warfare","gaming"]',1,'2026-04-25 12:10:27','2026-04-25 12:10:27'),
 (337,'Medieval Chainmail Hauberk Norse','medieval-chainmail-hauberk-norse',13,88,69,'Butted mild steel chainmail hauberk. Knee-length, long sleeves, coif hood, 8mm rings, riveted at stress points. Norse/early medieval pattern — standard protection from the Dark Ages through 13th century. Featured in God of War and Assassin''s Creed.',19990.0,0.0,10,4.7,45,'medieval_chainmail_hauberk_norse.png','["chainmail","hauberk","viking","norse","medieval","iconic","god-of-war","assassins-creed"]',0,'2026-04-25 12:10:27','2026-04-25 12:10:27'),
 (338,'Full Plate Armor Gauntlets 16g Steel','full-plate-armor-gauntlets-16g',13,86,69,'Articulated 16-gauge steel plate gauntlets. Full finger articulation, knuckle plates, leather liner. Replica of 15th-century tournament and battlefield armor. Featured in Dark Souls, Mordhau, and every full-armor medieval game.',9990.0,0.0,20,4.6,67,'full_plate_armor_gauntlets_16g.png','["gauntlets","plate-armor","medieval","articulated","knight","iconic","dark-souls","mordhau"]',0,'2026-04-25 12:10:27','2026-04-25 12:10:27'),
 (339,'AN/PVS-14 Gen III+ Night Vision Monocular','an-pvs14-gen3-night-vision-monocular',15,103,69,'Gen III+ night vision monocular. 40° FOV, 1x magnification, head-mount or weapon-rail compatible, 12-hour battery. NATO standard NVD — the definitive special operations night vision device. Iconic in ghost-ops and tactical gaming.',149990.0,0.0,10,4.9,123,'an_pvs14_gen3_night_vision_monocular.png','["pvs14","night-vision","gen3","monocular","nato","iconic","gaming","sof","tactical"]',0,'2026-04-25 12:10:27','2026-04-25 12:10:27'),
 (340,'Trijicon ACOG 4x32 BDC Combat Optic','trijicon-acog-4x32-bdc-optic',15,103,32,'Trijicon 4x32 ACOG with 5.56mm BDC reticle, fiber optic/tritium illumination, TA51 flat-top mount. The most iconic combat optic in the world — US military standard and in every military FPS from Call of Duty 4 onward.',44990.0,0.0,20,4.9,534,'trijicon_acog_4x32_bdc_optic.png','["acog","4x32","trijicon","m16","ar-15","combat-optic","iconic","gaming","call-of-duty-4"]',1,'2026-04-25 12:10:27','2026-04-25 12:10:27'),
 (341,'ALICE Pack Large LC-2 External Frame','alice-pack-large-lc2-external-frame',14,96,30,'All-purpose Lightweight Individual Carrying Equipment large rucksack. 2,650 cubic inches, external frame, OD green nylon. US military standard Vietnam through Gulf War. Iconic in every Vietnam and Cold War era game.',9990.0,0.0,45,4.6,234,'alice_pack_large_lc2_external_frame.png','["alice","lc2","rucksack","military","vietnam","gulf-war","iconic","external-frame","oda"]',1,'2026-04-25 12:10:27','2026-04-25 12:10:27'),
 (342,'M1943 Folding Entrenching Tool','m1943-folding-entrenching-tool',19,136,69,'Folding tri-fold entrenching tool. Alloy steel blade, hardwood handle, OD nylon carrier. US standard WWII through Gulf War. The iconic "e-tool" — dig, pry, improvised weapon. Every military survival game includes one.',2990.0,0.0,80,4.5,312,'m1943_folding_entrenching_tool.png','["e-tool","entrenching","wwii","vietnam","military","iconic","folding","survival","gaming"]',0,'2026-04-25 12:10:27','2026-04-25 12:10:27'),
 (343,'USGI 1qt Canteen with M1910 Cover','usgi-1qt-canteen-m1910-cover',19,133,69,'1-quart USGI aluminum canteen with M1910 OD cotton canvas cover and M1910 steel cup. Standard US military canteen from WWI through Vietnam. Iconic in every war game and essential militaria collectible.',1990.0,0.0,100,4.6,456,'usgi_1qt_canteen_m1910_cover.png','["canteen","usgi","m1910","wwii","vietnam","military","iconic","1qt","survival","collectible"]',0,'2026-04-25 12:10:27','2026-04-25 12:10:27'),
 (344,'Nuke','explosives-nuke',5,36,69,'High-yield strategic nuclear device.',999999999.99,0.0,1,5.0,0,'nuke.png','["nuclear","bomb","strategic","mass-destruction"]',0,'2026-05-01 16:13:54','2026-05-01 16:13:54');
INSERT INTO "services" ("id","name","slug","category_id","subcategory_id","brand_id","description","price","discount","rating","sales_count","image_file","tags","is_authorized","created_at","updated_at") VALUES (1,'Military Small Arms Mass Production','mfg-small-arms-mass',21,145,52,'High-volume standardized production of military small arms. Includes QC, mil-spec compliance, 10,000+ unit runs.',4999990.0,0.0,4.7,8,'military small arms mass production.png','["mass-production","small-arms","military","qc","high-volume"]',1,'2026-04-24 13:58:44','2026-04-24 13:58:44'),
 (2,'Ammunition Mass Production Line','mfg-ammo-mass',21,145,52,'Automated ammunition manufacturing. 5.56/7.62/9mm calibers, 500K+ rounds/month, STANAG compliant.',9999990.0,0.0,4.8,5,'ammunition mass production line.png','["ammunition","mass-production","automated","stanag"]',1,'2026-04-24 13:58:44','2026-04-24 13:58:44'),
 (3,'Custom Titanium Component Fabrication','mfg-titanium-custom',21,146,52,'CNC-machined titanium components for weapons systems. Any tolerance, CAD-to-part, small batch.',299990.0,0.0,4.9,14,'custom titanium component fabrication.png','["custom","titanium","cnc","components","small-batch"]',1,'2026-04-24 13:58:44','2026-04-24 13:58:44'),
 (4,'Bespoke Rifle Barrel Fabrication','mfg-rifle-barrel-custom',21,146,52,'Custom rifle barrel manufacture. Button/hammer-forged, any caliber, twist rate to spec, chrome-lined option.',49990.0,0.0,4.8,23,'bespoke rifle barrel fabrication.png','["barrel","custom","hammer-forged","chrome-lined","any-caliber"]',1,'2026-04-24 13:58:44','2026-04-24 13:58:44'),
 (5,'Defense Weapon System Prototyping','mfg-weapon-prototype',21,147,63,'Rapid prototype development for defense weapons. 3D metal printing + CNC, functional prototype in 30 days.',999990.0,0.0,4.7,9,'defense weapon system prototyping.png','["prototype","rapid","3d-printing","cnc","30-days"]',1,'2026-04-24 13:58:44','2026-04-24 13:58:44'),
 (6,'Armor System Prototype Development','mfg-armor-prototype',21,147,52,'Custom armor plate and carrier prototype. Material testing, NIJ pre-certification, 15-day turnaround.',499990.0,0.0,4.8,6,'armor system prototype development.png','["armor","prototype","nij","custom","testing"]',1,'2026-04-24 13:58:44','2026-04-24 13:58:44'),
 (7,'OEM Firearm Component Production','mfg-oem-firearms',21,148,52,'OEM trigger groups, receivers, and fire controls. Mil-spec tolerances, branded or white-label.',1999990.0,0.0,4.7,7,'oem firearm component production.png','["oem","firearms","trigger","receiver","mil-spec"]',1,'2026-04-24 13:58:44','2026-04-24 13:58:44'),
 (8,'Government Contract Arms Manufacturing','mfg-govt-contract',21,149,52,'Full-service government contract manufacturing. FAR/DFARS compliant, ITAR registered, domestic production.',9999990.0,0.0,4.9,4,'government contract arms manufacturing.png','["government","contract","itar","far","dfars"]',1,'2026-04-24 13:58:44','2026-04-24 13:58:44'),
 (9,'NATO STANAG Component Supply','mfg-nato-components',21,150,52,'Supply of STANAG-compliant firearm components. Bolts, carriers, barrels, furniture — ongoing contract basis.',499990.0,0.0,4.6,12,'nato stanag component supply.png','["nato","stanag","components","supply","contract"]',1,'2026-04-24 13:58:44','2026-04-24 13:58:44'),
 (10,'ZEV Technologies Glock Performance Package','custom-zev-glock-perf',22,151,53,'Full ZEV treatment: trigger, barrel, slide cuts, mag funnel, optic cut. Glock 17/19/34.',34990.0,0.0,4.9,67,'zev technologies glock performance package.png','["glock","trigger","barrel","slide","optic","zev"]',1,'2026-04-24 13:58:44','2026-04-24 13:58:44'),
 (11,'Agency Arms Glock Tier 1','custom-agency-glock-t1',22,151,54,'Agency Arms Tier 1 package. Match barrel, trigger, stippling, slide window, optic cut.',49990.0,0.0,4.9,45,'agency arms glock tier 1.png','["glock","agency-arms","match","stippling","tier1"]',1,'2026-04-24 13:58:44','2026-04-24 13:58:44'),
 (12,'AR-15 Custom Build Service','custom-ar15-build',22,151,53,'Complete custom AR-15 build. Barrel, upper, lower, trigger, handguard, stock — full spec to your order.',59990.0,10.0,4.8,89,'ar-15 custom build service.png','["ar-15","custom-build","full-spec","trigger","handguard"]',1,'2026-04-24 13:58:44','2026-04-24 13:58:44'),
 (13,'Suppressor Host Conversion','custom-suppressor-host',22,151,53,'Pistol or rifle suppressor-ready conversion. Thread muzzle, booster install, test fire, paperwork guide.',9990.0,0.0,4.7,112,'suppressor host conversion.png','["suppressor","thread","conversion","host","pistol","rifle"]',1,'2026-04-24 13:58:44','2026-04-24 13:58:44'),
 (14,'Plate Carrier Custom MOLLE Configuration','custom-molle-config',22,152,54,'Custom pouch layout and webbing on any plate carrier. Color-matched, labeled, mission-specific.',4990.0,0.0,4.6,78,'plate carrier custom molle configuration.png','["molle","plate-carrier","custom","pouches","mission"]',1,'2026-04-24 13:58:44','2026-04-24 13:58:44'),
 (15,'Custom Uniform Patch and Insignia Service','custom-insignia',22,152,54,'Custom embroidered patches, name tapes, rank, unit insignia. Min 10 pieces, 10-day turnaround.',2990.0,0.0,4.5,134,'custom uniform patch and insignia service.png','["patch","insignia","embroidered","name-tape","unit"]',1,'2026-04-24 13:58:44','2026-04-24 13:58:44'),
 (16,'Laser Engraving Firearm Serial/Markings','custom-laser-engrave',22,153,53,'Laser engraving for firearm serialization, logo, or text. Any surface, any metal, ATF-compliant depth.',3990.0,0.0,4.8,167,'laser engraving firearm serial/markings.png','["engraving","laser","serialization","atf","logo"]',1,'2026-04-24 13:58:44','2026-04-24 13:58:44'),
 (17,'Hand Engraving Decorative Service','custom-hand-engrave',22,153,54,'Hand-cut scroll, floral, or tactical art engraving on slides, barrels, receivers.',14990.0,0.0,4.9,34,'hand engraving decorative service.png','["engraving","hand-cut","scroll","decorative","premium"]',1,'2026-04-24 13:58:44','2026-04-24 13:58:44'),
 (18,'Cerakote Full Firearm Coating','custom-cerakote-full',22,154,53,'Full firearm Cerakote application. Disassembly, bead blast prep, H-series or Elite series. Choose from 100+ colors.',7990.0,5.0,4.8,234,'cerakote full firearm coating.png','["cerakote","coating","full-firearm","disassembly","100-colors"]',1,'2026-04-24 13:58:44','2026-04-24 13:58:44'),
 (19,'Cerakote Camo Pattern','custom-cerakote-camo',22,154,53,'Multi-color camo Cerakote. Woodland/multicam/desert/tiger stripe. 2-3 color patterns.',12990.0,0.0,4.8,123,'cerakote camo pattern.png','["cerakote","camo","multicam","woodland","pattern"]',1,'2026-04-24 13:58:44','2026-04-24 13:58:44'),
 (20,'Cerakote Magazine Coating','custom-cerakote-mags',22,154,53,'Cerakote coating for magazines. 10-pack minimum, single color, H-series durability.',2990.0,0.0,4.6,89,'cerakote magazine coating.png','["cerakote","magazines","10-pack","durable","coating"]',1,'2026-04-24 13:58:44','2026-04-24 13:58:44'),
 (21,'Rifle Stock Custom Fit Service','custom-stock-fit',22,155,53,'LOP, cheek weld, and cant adjustment for rifle stocks. Includes try-fit session and permanent fitting.',5990.0,0.0,4.7,56,'rifle stock custom fit service.png','["stock","fitting","lop","cheek-weld","rifle"]',1,'2026-04-24 13:58:44','2026-04-24 13:58:44'),
 (22,'Glock Trigger Job - Agency Arms','custom-trigger-glock-aa',22,156,54,'Agency Arms Glock trigger job. Polished internals, reduced reset, 4.5-lb clean break, drop-safe.',9990.0,0.0,4.9,189,'glock trigger job - agency arms.png','["trigger","glock","agency-arms","pull","drop-safe"]',1,'2026-04-24 13:58:44','2026-04-24 13:58:44'),
 (23,'AR-15 Trigger Upgrade Install','custom-trigger-ar15',22,156,53,'Drop-in trigger group install and function test for AR-15. Compatible with CMC, Geissele, LaRue triggers.',3990.0,0.0,4.8,213,'ar-15 trigger upgrade install.png','["trigger","ar-15","geissele","install","function-test"]',1,'2026-04-24 13:58:44','2026-04-24 13:58:44'),
 (24,'Revolver Action Job','custom-revolver-action',22,156,54,'Double/single action smoothing for revolvers. Hand polish, mainspring tune, timing check.',7990.0,0.0,4.8,67,'revolver action job.png','["revolver","action","polish","mainspring","timing"]',1,'2026-04-24 13:58:44','2026-04-24 13:58:44'),
 (25,'Pistol Repair and Return Service','svc-pistol-repair',23,157,55,'Full pistol diagnosis, parts, repair, test fire. Brands: Glock, SIG, HK, Colt. 7-day turnaround.',4990.0,0.0,4.7,234,'pistol repair and return service.png','["repair","pistol","glock","sig","hk","7-day"]',1,'2026-04-24 13:58:44','2026-04-24 13:58:44'),
 (26,'Rifle Repair Service','svc-rifle-repair',23,157,55,'AR-15/M4/AK platform repair. Headspace check, timing, test fire, 7-day turnaround.',7990.0,0.0,4.8,156,'rifle repair service.png','["repair","rifle","ar-15","ak","headspace","test-fire"]',1,'2026-04-24 13:58:44','2026-04-24 13:58:44'),
 (27,'Machine Gun Depot Repair','svc-mg-depot',23,157,55,'Depot-level repair for belt-fed machine guns. M249/M240/M2. Complete disassembly, inspection, rebuild.',29990.0,0.0,4.9,23,'machine gun depot repair.png','["repair","machine-gun","m249","m240","m2","depot"]',1,'2026-04-24 13:58:44','2026-04-24 13:58:44'),
 (28,'Firearm Safety Inspection Service','svc-safety-inspect',23,158,55,'Comprehensive safety and function inspection. 50-point checklist, headspace, trigger pull, test fire.',2990.0,0.0,4.7,389,'firearm safety inspection service.png','["inspection","safety","50-point","headspace","test-fire"]',1,'2026-04-24 13:58:44','2026-04-24 13:58:44'),
 (29,'Armor and Protective Gear Inspection','svc-armor-inspect',23,158,55,'Body armor and plate carrier inspection. Level certification check, delamination, stitching, carrier MOLLE.',3990.0,0.0,4.6,112,'armor and protective gear inspection.png','["armor","inspection","nij","plate-carrier","delamination"]',1,'2026-04-24 13:58:44','2026-04-24 13:58:44'),
 (30,'Military Rifle Refurbishment','svc-rifle-refurb',23,159,55,'Complete military rifle refurbishment. Strip, inspect, replace wear parts, Cerakote or parkerize, test fire.',14990.0,5.0,4.8,78,'military rifle refurbishment.png','["refurbishment","rifle","cerakote","parkerize","military"]',1,'2026-04-24 13:58:44','2026-04-24 13:58:44'),
 (31,'Pistol Refinish and Refurbishment','svc-pistol-refurb',23,159,55,'Pistol refurbishment: disassembly, parts check, new springs, Cerakote/bluing, reassembly and test.',9990.0,0.0,4.7,134,'pistol refinish and refurbishment.png','["refurbishment","pistol","springs","bluing","cerakote"]',1,'2026-04-24 13:58:44','2026-04-24 13:58:44'),
 (32,'Annual Weapons Maintenance Contract','svc-annual-maint',23,160,55,'Annual preventive maintenance contract for military/police armories. 2x per year service, all weapons on roster.',49990.0,0.0,4.8,34,'annual weapons maintenance contract.png','["preventive","maintenance","annual","armory","contract"]',1,'2026-04-24 13:58:44','2026-04-24 13:58:44'),
 (33,'Fleet Small Arms PM Service','svc-fleet-pm',23,160,55,'Preventive maintenance for fleet of 50+ small arms. Cleaning, lubrication, function check, record log.',29990.0,0.0,4.7,23,'fleet small arms pm service.png','["preventive","fleet","small-arms","50+","log"]',1,'2026-04-24 13:58:44','2026-04-24 13:58:44'),
 (34,'Depot Overhaul Machine Gun System','svc-depot-overhaul-mg',23,161,55,'Complete depot rebuild: M249/M240/M2. All parts replaced per TM, headspace set, acceptance test.',49990.0,0.0,4.9,12,'depot overhaul machine gun system.png','["depot","overhaul","machine-gun","tm","acceptance-test"]',1,'2026-04-24 13:58:44','2026-04-24 13:58:44'),
 (35,'Mortar System Depot Overhaul','svc-depot-overhaul-mortar',23,161,55,'60/81/120mm mortar depot overhaul. Tube inspection, baseplate, bipod, sight — full rebuild.',79990.0,0.0,4.8,7,'mortar system depot overhaul.png','["depot","overhaul","mortar","60mm","81mm","120mm"]',1,'2026-04-24 13:58:44','2026-04-24 13:58:44'),
 (36,'OEM Parts Replacement Glock','svc-parts-glock',23,162,55,'Factory Glock OEM parts replacement. Any model, all small parts in stock, 48-hour turnaround.',2990.0,0.0,4.7,312,'oem parts replacement glock.png','["parts","glock","oem","replacement","48hr"]',1,'2026-04-24 13:58:44','2026-04-24 13:58:44'),
 (37,'AR-15 BCG Replacement Service','svc-ar15-bcg',23,162,55,'AR-15 bolt carrier group replacement. Mil-spec or upgrade BCG, headspace check, function test.',4990.0,0.0,4.8,189,'ar-15 bcg replacement service.png','["bcg","ar-15","bolt-carrier","headspace","replacement"]',1,'2026-04-24 13:58:44','2026-04-24 13:58:44'),
 (38,'Brink''s Secure Arms Logistics','transport-brinks-arms',24,163,56,'End-to-end secure logistics for firearms and ordnance. Licensed, GPS-tracked armored vehicles, full documentation.',49990.0,0.0,4.9,34,'brink''s secure arms logistics.png','["secure","logistics","armored","gps","firearms","brinks"]',1,'2026-04-24 13:58:44','2026-04-24 13:58:44'),
 (39,'GardaWorld Secure Cargo Service','transport-gardaworld',24,163,57,'Secure door-to-door arms cargo logistics. Armored vehicle fleet, 24/7 tracking, insurance included.',39990.0,0.0,4.8,45,'gardaworld secure cargo service.png','["secure","cargo","armored","24/7","tracking","gardaworld"]',1,'2026-04-24 13:58:44','2026-04-24 13:58:44'),
 (40,'International Military Export Shipping','transport-intl-military',24,164,56,'ITAR-compliant international military cargo shipping. Documentation, customs, export licenses managed.',299990.0,0.0,4.8,12,'international military export shipping.png','["international","itar","export","military","customs"]',1,'2026-04-24 13:58:44','2026-04-24 13:58:44'),
 (41,'Cross-Border Ordnance Freight','transport-xborder-ordnance',24,164,57,'Cross-border ordnance and explosives freight. UN hazmat certified, full route security, IATA/IMDG compliant.',499990.0,0.0,4.7,8,'cross-border ordnance freight.png','["cross-border","ordnance","hazmat","un","iata","imdg"]',1,'2026-04-24 13:58:44','2026-04-24 13:58:44'),
 (42,'Armed Escort for High-Value Cargo','transport-armed-escort',24,165,60,'Armed professional escort for weapons/cash/sensitive cargo. Min 4-man team, K9 unit available.',59990.0,0.0,4.8,23,'armed escort for high-value cargo.png','["escort","armed","high-value","k9","team"]',1,'2026-04-24 13:58:44','2026-04-24 13:58:44'),
 (43,'VIP Convoy Escort Service','transport-vip-convoy',24,165,61,'VIP and executive convoy protection. Lead/trail armored vehicles, counter-surveillance, advance team.',99990.0,0.0,4.9,15,'vip convoy escort service.png','["convoy","vip","protection","armored","counter-surveillance"]',1,'2026-04-24 13:58:44','2026-04-24 13:58:44'),
 (44,'Brink''s Armored Courier Service','transport-brinks-courier',24,166,56,'Armored courier for firearms, cash, and sensitive items. Same-day delivery in major metros, GPS real-time.',14990.0,0.0,4.8,67,'brink''s armored courier service.png','["courier","armored","same-day","gps","sensitive"]',1,'2026-04-24 13:58:44','2026-04-24 13:58:44'),
 (45,'Cold Chain Explosive Component Transport','transport-cold-chain-exp',24,167,56,'Temperature-controlled transport for temperature-sensitive explosive compounds. Certified refrigerated units, 24/7 monitoring.',199990.0,0.0,4.7,6,'cold chain explosive component transport.png','["cold-chain","explosive","temperature-controlled","certified"]',1,'2026-04-24 13:58:44','2026-04-24 13:58:44'),
 (46,'Arms Export License Brokerage','transport-export-broker',24,168,62,'Full-service arms export/import license brokerage. ITAR/EAR/ATF compliance, 30-country network.',99990.0,0.0,4.8,18,'arms export license brokerage.png','["brokerage","export-license","itar","ear","atf","30-country"]',1,'2026-04-24 13:58:44','2026-04-24 13:58:44'),
 (47,'Iron Mountain Weapons Warehouse','stgsvc-ironmt-weapons',25,169,58,'Licensed, guarded weapons warehouse. 24/7 video surveillance, guard rotation, climate control, CCTV.',49990.0,0.0,4.8,23,'iron mountain weapons warehouse.png','["warehouse","secure","iron-mountain","24/7","cctv"]',1,'2026-04-24 13:58:44','2026-04-24 13:58:44'),
 (48,'GardaWorld Armory Storage','stgsvc-garda-armory',25,169,57,'Secured armory storage facility. Licensed for all firearm classes, biometric access, audit trail.',39990.0,0.0,4.7,18,'gardaworld armory storage.png','["armory","storage","biometric","licensed","gardaworld"]',1,'2026-04-24 13:58:44','2026-04-24 13:58:44'),
 (49,'Iron Mountain High-Security Vault','stgsvc-vault-ironmt',25,170,58,'UL Listed TL-30 vault storage for weapons and sensitive items. 2,000 lb minimum vault, dual-key access.',99990.0,0.0,4.9,11,'iron mountain high-security vault.png','["vault","ul-listed","tl-30","dual-key","high-security"]',1,'2026-04-24 13:58:44','2026-04-24 13:58:44'),
 (50,'Digital Arms Inventory Management System','stgsvc-inventory-digital',25,171,58,'Turnkey digital inventory system for armories. Barcode/RFID, chain-of-custody, real-time reporting.',299990.0,0.0,4.7,9,'digital arms inventory management system.png','["inventory","digital","rfid","chain-of-custody","armory"]',1,'2026-04-24 13:58:44','2026-04-24 13:58:44'),
 (51,'Climate-Controlled Ammunition Storage','stgsvc-climate-ammo',25,172,58,'Temperature and humidity-controlled ammo bunker. 65°F/50% RH constant, 1M+ round capacity.',199990.0,0.0,4.8,7,'climate-controlled ammunition storage.png','["climate-controlled","ammunition","humidity","bunker","1m-rounds"]',1,'2026-04-24 13:58:44','2026-04-24 13:58:44'),
 (52,'Law Enforcement Evidence Firearms Storage','stgsvc-evidence-le',25,173,58,'Secure, chain-of-custody evidence weapons storage. Court-admissible logs, tamper-evident, audit.',29990.0,0.0,4.9,15,'law enforcement evidence firearms storage.png','["evidence","chain-of-custody","court-admissible","law-enforcement"]',1,'2026-04-24 13:58:44','2026-04-24 13:58:44'),
 (53,'Customs Bonded Weapons Warehouse','stgsvc-bonded-weapons',25,174,58,'Customs-bonded storage for imported arms awaiting clearance. CBP licensed, full documentation.',49990.0,0.0,4.7,8,'customs bonded weapons warehouse.png','["bonded","customs","cbp","import","licensed"]',1,'2026-04-24 13:58:44','2026-04-24 13:58:44'),
 (54,'ACADEMI Close Quarters Battle Course','trnsvc-academi-cqb',26,175,59,'40-hour CQB tactical training. Room clearing, shoot/no-shoot, live fire, FOF exercises. Max 12 students.',49990.0,0.0,4.9,45,'academi close quarters battle course.png','["cqb","close-quarters","live-fire","academi","tactical"]',1,'2026-04-24 13:58:44','2026-04-24 13:58:44'),
 (55,'Urban Operations Tactical Course','trnsvc-urban-ops',26,175,59,'5-day urban operations training. Vehicle tactics, breaching, CQB, medical, 20 students max.',79990.0,0.0,4.8,28,'urban operations tactical course.png','["urban-ops","breaching","vehicle","cqb","medical"]',1,'2026-04-24 13:58:44','2026-04-24 13:58:44'),
 (56,'Force Protection Tactics Course','trnsvc-force-prot',26,175,61,'3-day force protection course. Threat recognition, de-escalation, defensive tactics, armed response.',29990.0,0.0,4.7,67,'force protection tactics course.png','["force-protection","threat","de-escalation","defensive","armed"]',1,'2026-04-24 13:58:44','2026-04-24 13:58:44'),
 (57,'Firearms Safety Certification Course','trnsvc-safety-cert',26,176,59,'NRA/USCCA-based firearms safety. Safe handling, storage, cleaning, range rules. 8-hour course.',4990.0,0.0,4.7,234,'firearms safety certification course.png','["safety","nra","uscca","handling","storage","certification"]',1,'2026-04-24 13:58:44','2026-04-24 13:58:44'),
 (58,'Duty Weapon Safety Requalification','trnsvc-requalify',26,176,61,'Annual duty weapon safety requalification. Qualification course of fire, updated handling protocols.',3990.0,0.0,4.6,312,'duty weapon safety requalification.png','["requalification","annual","duty","safety","qualification"]',1,'2026-04-24 13:58:44','2026-04-24 13:58:44'),
 (59,'Armorer Course Level 1 - Glock','trnsvc-armorer-glock',26,177,59,'Certified Glock armorer course. 16-hour, disassembly/reassembly, troubleshooting, certificate issued.',14990.0,0.0,4.9,89,'armorer course level 1 - glock.png','["armorer","glock","certified","16hr","troubleshooting"]',1,'2026-04-24 13:58:44','2026-04-24 13:58:44'),
 (60,'Armorer Course Level 1 - AR-15','trnsvc-armorer-ar15',26,177,59,'AR-15/M4 armorer course. 16-hour, headspace, inspection, component replacement, certification.',14990.0,0.0,4.8,67,'armorer course level 1 - ar-15.png','["armorer","ar-15","m4","certified","headspace","16hr"]',1,'2026-04-24 13:58:44','2026-04-24 13:58:44'),
 (61,'Night Vision Equipment Operation Course','trnsvc-nv-ops',26,177,59,'NVG/thermal device operation. AN/PVS-14, FLIR, zeroing, tactical use, 8-hour course.',9990.0,0.0,4.7,45,'night vision equipment operation course.png','["night-vision","nvg","thermal","flir","pvs-14","operation"]',1,'2026-04-24 13:58:44','2026-04-24 13:58:44'),
 (62,'Precision Rifle Marksmanship Course','trnsvc-precision-rifle',26,178,59,'3-day precision rifle course. Fundamentals, dope building, wind reading, 1,000m live fire.',39990.0,0.0,4.9,34,'precision rifle marksmanship course.png','["precision","rifle","1000m","wind","dope","live-fire"]',1,'2026-04-24 13:58:44','2026-04-24 13:58:44'),
 (63,'Pistol Marksmanship Fundamentals','trnsvc-pistol-marks',26,178,61,'8-hour pistol marksmanship course. Grip, stance, trigger, draw, qualification fire.',4990.0,5.0,4.7,189,'pistol marksmanship fundamentals.png','["pistol","marksmanship","fundamentals","draw","qualification"]',1,'2026-04-24 13:58:44','2026-04-24 13:58:44'),
 (64,'Advanced Combat Pistol Course','trnsvc-adv-pistol',26,178,59,'2-day advanced pistol course. Speed, accuracy, malfunction clearing, low-light, movement.',19990.0,0.0,4.8,78,'advanced combat pistol course.png','["advanced","pistol","combat","low-light","movement"]',1,'2026-04-24 13:58:44','2026-04-24 13:58:44'),
 (65,'Simunition Force-on-Force Exercise','trnsvc-fof-sim',26,179,59,'FX marking cartridge FOF scenario exercises. Role players, full gear, debrief. Per team (8 students).',29990.0,0.0,4.9,23,'simunition force-on-force exercise.png','["force-on-force","simunition","scenario","role-players","debrief"]',1,'2026-04-24 13:58:44','2026-04-24 13:58:44'),
 (66,'FATS-Based Shoot/No-Shoot Simulator','trnsvc-fats-simulator',26,180,59,'FATS M100 simulator training. 50+ scenarios, stress inoculation, performance analytics. Per hour.',4990.0,0.0,4.8,56,'fats-based shoot/no-shoot simulator.png','["fats","simulator","shoot-no-shoot","analytics","scenarios"]',1,'2026-04-24 13:58:44','2026-04-24 13:58:44'),
 (67,'Executive Close Protection - Level 1','prot-exec-close-prot-l1',27,184,60,'Single armed CPO assignment. Background-cleared, ex-military/law enforcement, 8-hour shift.',19990.0,0.0,4.8,45,'executive close protection - level 1.png','["close-protection","executive","armed","cpo","single"]',1,'2026-04-24 13:58:44','2026-04-24 13:58:44'),
 (68,'Personal Security Detail - 3-Man Team','prot-psd-3man',27,181,61,'3-man personal security detail. 24/7 coverage, residential sweep, advance work, transportation.',59990.0,0.0,4.9,23,'personal security detail - 3-man team.png','["psd","3-man","24/7","advance","residential"]',1,'2026-04-24 13:58:44','2026-04-24 13:58:44'),
 (69,'Armed Facility Guard Service','prot-facility-armed',27,182,61,'Armed security guard service for facilities. Per 8-hour shift, uniformed, background-cleared, armed.',9990.0,0.0,4.7,89,'armed facility guard service.png','["facility","guard","armed","8-hour","uniformed"]',1,'2026-04-24 13:58:44','2026-04-24 13:58:44'),
 (70,'Allied Universal Site Security Package','prot-allied-site',27,182,61,'Comprehensive site security: guards, CCTV monitoring, access control management, monthly contract.',99990.0,0.0,4.8,34,'allied universal site security package.png','["site","security","cctv","access-control","monthly"]',1,'2026-04-24 13:58:44','2026-04-24 13:58:44'),
 (71,'High-Value Shipment Escort','prot-hv-escort',27,183,60,'Armed escort for high-value cargo shipment. 2-vehicle convoy, GPS, comms, armed 4-man team.',29990.0,0.0,4.8,34,'high-value shipment escort.png','["escort","high-value","convoy","gps","armed"]',1,'2026-04-24 13:58:44','2026-04-24 13:58:44'),
 (72,'VIP Executive Protection Full Package','prot-vip-full',27,184,61,'Full executive protection program. Advance team, 24/7 CPO rotation, residence/vehicle/travel security.',299990.0,0.0,4.9,12,'vip executive protection full package.png','["vip","executive","24/7","advance","travel","residence"]',1,'2026-04-24 13:58:44','2026-04-24 13:58:44'),
 (73,'Maritime Anti-Piracy Security Team','prot-maritime-antipiracy',27,185,60,'Vessel anti-piracy protection. PMSC-licensed team, ISPS compliant, HF radio, lethal/non-lethal options.',199990.0,0.0,4.8,8,'maritime anti-piracy security team.png','["maritime","anti-piracy","isps","vessel","pmsc"]',1,'2026-04-24 13:58:44','2026-04-24 13:58:44'),
 (74,'Port Facility Security Assessment','prot-port-assess',27,185,62,'ISPS Code port facility security assessment. Vulnerability review, plan update, personnel training.',99990.0,0.0,4.7,9,'port facility security assessment.png','["port","isps","assessment","vulnerability","maritime"]',1,'2026-04-24 13:58:44','2026-04-24 13:58:44'),
 (75,'Large Event Armed Security Package','prot-event-armed',27,186,61,'Comprehensive armed security for large events. 500+ attendees, perimeter control, bag check, mag scan.',49990.0,0.0,4.7,28,'large event armed security package.png','["event","armed","perimeter","mag-scan","500+"]',1,'2026-04-24 13:58:44','2026-04-24 13:58:44'),
 (76,'Organizational Security Risk Assessment','consult-org-risk',28,187,62,'Comprehensive security risk assessment. Threat modeling, asset mapping, vulnerability identification, executive report.',99990.0,0.0,4.8,23,'organizational security risk assessment.png','["risk-assessment","threat-modeling","vulnerability","executive-report"]',1,'2026-04-24 13:58:44','2026-04-24 13:58:44'),
 (77,'Facility Physical Security Review','consult-physical-review',28,187,62,'On-site physical security assessment. Access points, lighting, CCTV, guard protocol, gap report.',49990.0,0.0,4.7,34,'facility physical security review.png','["physical","security","access","cctv","gap-analysis"]',1,'2026-04-24 13:58:44','2026-04-24 13:58:44'),
 (78,'Military Base Security Planning','consult-base-security',28,188,63,'Base perimeter and internal security plan development. Zoning, access control, QRF positioning, gate protocol.',199990.0,0.0,4.9,7,'military base security planning.png','["base","security-plan","perimeter","qrf","access-control"]',1,'2026-04-24 13:58:44','2026-04-24 13:58:44'),
 (79,'Corporate Security Policy Development','consult-corp-policy',28,188,62,'Full corporate security policy and SOP development. ASIS standards, incident response plan, training protocols.',99990.0,0.0,4.7,18,'corporate security policy development.png','["corporate","policy","asis","sop","incident-response"]',1,'2026-04-24 13:58:44','2026-04-24 13:58:44'),
 (80,'ITAR Export Compliance Consulting','consult-itar-compliance',28,189,62,'ITAR export compliance advisory. Registration, EAR/ITAR classification, license determination, audit prep.',299990.0,0.0,4.9,11,'itar export compliance consulting.png','["itar","ear","export","compliance","license","audit"]',1,'2026-04-24 13:58:44','2026-04-24 13:58:44'),
 (81,'ATF Compliance Advisory Service','consult-atf-compliance',28,189,62,'ATF compliance for FFL/SOT holders. Bound book audit, form 4473 review, NFA compliance, inspection prep.',49990.0,0.0,4.8,34,'atf compliance advisory service.png','["atf","ffl","sot","bound-book","nfa","compliance"]',1,'2026-04-24 13:58:44','2026-04-24 13:58:44'),
 (82,'Nation-State Threat Intelligence Report','consult-ns-threat',28,190,63,'Custom nation-state threat intelligence assessment. OSINT, HUMINT synthesis, country-specific risk report.',499990.0,0.0,4.9,5,'nation-state threat intelligence report.png','["threat","intelligence","nation-state","osint","humint"]',1,'2026-04-24 13:58:44','2026-04-24 13:58:44'),
 (83,'Insider Threat Program Design','consult-insider-threat',28,190,62,'Insider threat detection and mitigation program. Policy, monitoring protocol, training, reporting system.',199990.0,0.0,4.8,9,'insider threat program design.png','["insider-threat","detection","mitigation","monitoring","policy"]',1,'2026-04-24 13:58:44','2026-04-24 13:58:44'),
 (84,'Defense Regulatory Navigation Service','consult-defense-regs',28,191,62,'Regulatory navigation for defense contractors. DFARS, FAR, ITAR/EAR, NISPOM guidance and compliance roadmap.',299990.0,0.0,4.8,8,'defense regulatory navigation service.png','["dfars","far","itar","ear","nispom","defense"]',1,'2026-04-24 13:58:44','2026-04-24 13:58:44'),
 (85,'Facility Penetration Test and Audit','consult-pentest-facility',28,192,63,'Physical and cyber penetration testing for defense facilities. Red team exercise, full vulnerability report.',399990.0,0.0,4.9,7,'facility penetration test and audit.png','["pentest","red-team","physical","cyber","vulnerability-report"]',1,'2026-04-24 13:58:44','2026-04-24 13:58:44'),
 (86,'Cybersecurity Vulnerability Audit','consult-cyber-audit',28,192,22,'Cybersecurity audit for defense contractors. CMMC level assessment, gap analysis, remediation roadmap.',199990.0,0.0,4.8,14,'cybersecurity vulnerability audit.png','["cmmc","cyber","audit","gap-analysis","remediation"]',1,'2026-04-24 13:58:44','2026-04-24 13:58:44'),
 (87,'New Firearm System R&D Service','research-new-firearm-rnd',29,193,63,'Full R&D service for new firearm system. Concept, design, prototype, iterative testing. 12-month program.',4999990.0,0.0,4.9,3,'new firearm system r&d service.png','["r&d","firearm","concept","prototype","12-month"]',1,'2026-04-24 13:58:44','2026-04-24 13:58:44'),
 (88,'Defense Electronics Product Development','research-defense-elec',29,193,63,'EW/comms/sensors product development. FPGA, mil-spec ruggedization, EMC testing, SWaP optimization.',2999990.0,0.0,4.8,4,'defense electronics product development.png','["electronics","ew","fpga","mil-spec","swamp","emtesting"]',1,'2026-04-24 13:58:44','2026-04-24 13:58:44'),
 (89,'Operational Effectiveness Field Study','research-op-effectiveness',29,194,63,'Real-world equipment effectiveness study. Embedded researchers, data collection, statistical analysis report.',999990.0,0.0,4.7,5,'operational effectiveness field study.png','["field-research","effectiveness","embedded","statistics","report"]',1,'2026-04-24 13:58:44','2026-04-24 13:58:44'),
 (90,'Next-Gen Weapon System Technology Scout','research-tech-scout',29,195,63,'Technology scouting for next-gen weapon systems. Market survey, TRL assessment, vendor shortlist, report.',499990.0,0.0,4.8,7,'next-gen weapon system technology scout.png','["technology","scout","next-gen","trl","vendor"]',1,'2026-04-24 13:58:44','2026-04-24 13:58:44'),
 (91,'Terminal Ballistics Research Program','research-terminal-ballistics',29,196,63,'Terminal ballistics testing and research. Gelatin testing, barrier testing, data analysis, publication-ready report.',799990.0,0.0,4.9,4,'terminal ballistics research program.png','["terminal","ballistics","gelatin","barrier","research"]',1,'2026-04-24 13:58:44','2026-04-24 13:58:44'),
 (92,'Internal Ballistics Pressure Mapping','research-internal-ballistics',29,196,63,'Internal ballistics chamber pressure mapping. Kistler sensor array, dwell time, muzzle velocity analysis.',599990.0,0.0,4.8,5,'internal ballistics pressure mapping.png','["internal","ballistics","pressure","kistler","muzzle-velocity"]',1,'2026-04-24 13:58:44','2026-04-24 13:58:44'),
 (93,'Advanced Armor Materials Research','research-armor-materials',29,197,63,'Ceramic/UHMWPE/composite armor materials research. STANAG/NIJ pre-testing, material development program.',1999990.0,0.0,4.9,3,'advanced armor materials research.png','["materials","armor","ceramic","uhmwpe","composite","nij"]',1,'2026-04-24 13:58:44','2026-04-24 13:58:44'),
 (94,'Integrated Weapon System R&D Program','research-iws-rnd',29,198,63,'Full integrated weapon system R&D. System engineering, subsystem integration, reliability testing, TRL-6 delivery.',9999990.0,0.0,4.9,2,'integrated weapon system r&d program.png','["integrated","weapon-system","systems-engineering","trl-6","reliability"]',1,'2026-04-24 13:58:44','2026-04-24 13:58:44'),
 (95,'Firearm Performance Test and Report','test-firearm-perf',30,199,64,'Accuracy, velocity, reliability test for any firearm. 200-round test protocol, report with data tables.',14990.0,0.0,4.8,45,'firearm performance test and report.png','["performance","accuracy","velocity","reliability","200-round"]',1,'2026-04-24 13:58:44','2026-04-24 13:58:44'),
 (96,'Ammunition Performance Evaluation','test-ammo-perf',30,199,64,'Ballistic performance evaluation for ammunition lots. Velocity, ES/SD, accuracy, pressure — SAAMI comparison.',9990.0,0.0,4.8,67,'ammunition performance evaluation.png','["ammunition","performance","saami","velocity","pressure","es"]',1,'2026-04-24 13:58:44','2026-04-24 13:58:44'),
 (97,'Firearm Drop Safety Test','test-drop-safety',30,200,64,'SAAMI/CIP drop safety protocol. 6-orientation drop from 1m, documented pass/fail, report issued.',9990.0,0.0,4.9,34,'firearm drop safety test.png','["drop-safety","saami","cip","6-orientation","protocol"]',0,'2026-04-24 13:58:44','2026-04-24 13:58:44'),
 (98,'Armor Ballistic Safety Certification Test','test-armor-ballistic',30,200,64,'NIJ Standard 0101.07 ballistic test for body armor. Velocity, backface deformation, fair witness.',49990.0,0.0,4.9,18,'armor ballistic safety certification test.png','["nij","body-armor","ballistic","backface","0101.07"]',1,'2026-04-24 13:58:44','2026-04-24 13:58:44'),
 (99,'NIJ Third-Party Armor Certification','test-nij-cert',30,201,64,'Official NIJ-compliant third-party body armor certification. Levels II/IIIA/III/IV, full test protocol.',199990.0,0.0,4.9,9,'nij third-party armor certification.png','["nij","certification","armor","third-party","levels"]',1,'2026-04-24 13:58:44','2026-04-24 13:58:44'),
 (100,'SAAMI Ammunition Certification','test-saami-ammo-cert',30,201,64,'SAAMI-compliant ammunition testing and certification. Pressure, velocity, dimensional compliance.',99990.0,0.0,4.8,12,'saami ammunition certification.png','["saami","ammunition","certification","pressure","dimensional"]',1,'2026-04-24 13:58:44','2026-04-24 13:58:44'),
 (101,'Ballistic Penetration and Impact Testing','test-ballistic-penetration',30,202,64,'Full ballistic penetration/impact test suite. Gelatin, steel, glass, concrete — per projectile type.',29990.0,0.0,4.8,23,'ballistic penetration and impact testing.png','["ballistic","penetration","impact","gelatin","steel","glass"]',1,'2026-04-24 13:58:44','2026-04-24 13:58:44'),
 (102,'MIL-STD-810H Environmental Test Package','test-milstd810h',30,203,64,'Full MIL-STD-810H environmental test. Temperature, vibration, humidity, sand, dust, altitude.',199990.0,0.0,4.9,8,'mil-std-810h environmental test package.png','["mil-std-810h","environmental","temperature","vibration","humidity"]',1,'2026-04-24 13:58:44','2026-04-24 13:58:44'),
 (103,'Pressure Proof Test - Firearms','test-pressure-proof',30,204,64,'SAAMI/CIP proof pressure test. 30% overpressure round, headspace before/after, pass/fail report.',4990.0,0.0,4.9,56,'pressure proof test - firearms.png','["proof-test","pressure","saami","cip","headspace","30%"]',1,'2026-04-24 13:58:44','2026-04-24 13:58:44'),
 (104,'Military Weapons Decommission Service','disposal-mil-decommission',31,205,65,'Complete military weapons decommissioning. Inventory, documentation, rendering, records for audit.',99990.0,0.0,4.8,12,'military weapons decommission service.png','["decommission","military","render","documentation","audit"]',1,'2026-04-24 13:58:44','2026-04-24 13:58:44'),
 (105,'Hazardous Ordnance Disposal Service','disposal-hazardous-ord',31,206,65,'Certified hazardous ordnance and explosive material disposal. DOT/EPA compliant, manifested, site cleanup.',299990.0,0.0,4.9,7,'hazardous ordnance disposal service.png','["hazardous","ordnance","disposal","dot","epa","cleanup"]',1,'2026-04-24 13:58:44','2026-04-24 13:58:44'),
 (106,'Chemical Agent Disposal Program','disposal-chem-agent',31,206,65,'Licensed chemical agent disposal. High-temperature incineration, EPA permitted, neutralization alternatives.',999990.0,0.0,4.9,3,'chemical agent disposal program.png','["chemical","agent","disposal","incineration","epa","neutralization"]',1,'2026-04-24 13:58:44','2026-04-24 13:58:44'),
 (107,'Scrap Metal Weapons Recycling','disposal-metal-recycle',31,207,65,'Certified weapons-grade scrap metal recycling. Demilled per BATFE, weight-based payment, certificate of destruction.',19990.0,0.0,4.6,23,'scrap metal weapons recycling.png','["recycling","scrap-metal","demilled","batfe","certificate"]',1,'2026-04-24 13:58:44','2026-04-24 13:58:44'),
 (108,'Small Arms Demilitarization Service','disposal-small-arms-demil',31,208,65,'BATFE-compliant demilitarization. Torch-cut receivers, melt/crush, certificate of destruction per unit.',4990.0,0.0,4.8,34,'small arms demilitarization service.png','["demilitarization","batfe","torch-cut","certificate","receivers"]',1,'2026-04-24 13:58:44','2026-04-24 13:58:44'),
 (109,'Heavy Weapons Demilitarization','disposal-heavy-demil',31,208,65,'Demilitarization of crew-served/heavy weapons. Machine guns, artillery, launchers — per unit, documented.',49990.0,0.0,4.7,9,'heavy weapons demilitarization.png','["demilitarization","heavy-weapons","artillery","machine-gun","documented"]',1,'2026-04-24 13:58:44','2026-04-24 13:58:44'),
 (110,'Bulk Ammunition Destruction Service','disposal-bulk-ammo',31,209,65,'Safe bulk ammunition destruction. Open detonation, incineration, or disassembly — per pound, certified.',2990.0,0.0,4.8,45,'bulk ammunition destruction service.png','["ammunition","destruction","bulk","incineration","open-detonation"]',1,'2026-04-24 13:58:44','2026-04-24 13:58:44'),
 (111,'Commercial EOD Response Service','disposal-eod-response',31,210,65,'Emergency ordnance disposal response. Licensed EOD team, render-safe, site clearance, 4-hour response SLA.',199990.0,0.0,4.9,8,'commercial eod response service.png','["eod","ordnance","render-safe","emergency","4hr-sla"]',1,'2026-04-24 13:58:44','2026-04-24 13:58:44'),
 (112,'UXO Survey and Clearance','disposal-uxo-survey',31,210,65,'Unexploded ordnance survey and clearance service. Ground-penetrating radar, probing, manual clearance, report.',499990.0,0.0,4.8,5,'uxo survey and clearance.png','["uxo","survey","clearance","gpr","radar","manual"]',1,'2026-04-24 13:58:44','2026-04-24 13:58:44'),
 (113,'24/7 CCTV Remote Monitoring Service','surv-cctv-monitor',32,211,66,'24/7 remote CCTV monitoring for secured facilities. Alarm response, event clips, monthly report.',19990.0,0.0,4.7,56,'24/7 cctv remote monitoring service.png','["cctv","monitoring","24/7","alarm","remote","monthly"]',1,'2026-04-24 13:58:44','2026-04-24 13:58:44'),
 (114,'Hikvision Integrated Surveillance Install','surv-hikv-install',32,211,66,'Full Hikvision surveillance system installation. Camera layout, NVR, access integration, mobile app setup.',99990.0,0.0,4.8,34,'hikvision integrated surveillance install.png','["hikvision","surveillance","nvr","installation","access-control"]',1,'2026-04-24 13:58:44','2026-04-24 13:58:44'),
 (115,'Ground Reconnaissance Team Service','surv-ground-recon',32,212,60,'Professional ground reconnaissance team. 4-man team, 72-hour operation, SALUTE format reports.',99990.0,0.0,4.8,12,'ground reconnaissance team service.png','["recon","ground","4-man","72hr","salute"]',1,'2026-04-24 13:58:44','2026-04-24 13:58:44'),
 (116,'OSINT Intelligence Collection Service','surv-osint',32,213,62,'Open-source intelligence collection. Structured OSINT, social media, dark web, entity analysis report.',99990.0,0.0,4.8,18,'osint intelligence collection service.png','["osint","intelligence","dark-web","entity","collection"]',1,'2026-04-24 13:58:44','2026-04-24 13:58:44'),
 (117,'UAV Aerial Surveillance Package','surv-uav-aerial',32,214,14,'Drone aerial surveillance service. Multispectral, HD video, GPS mapping, 8-hour operation, analyst report.',149990.0,0.0,4.9,14,'uav aerial surveillance package.png','["uav","drone","aerial","multispectral","hd","mapping"]',1,'2026-04-24 13:58:44','2026-04-24 13:58:44'),
 (118,'FLIR Aerial Thermal Surveillance','surv-flir-thermal',32,214,43,'Thermal UAV surveillance operation. FLIR-equipped drone, heat signatures, 8-hour night op, report.',199990.0,0.0,4.9,9,'flir aerial thermal surveillance.png','["flir","thermal","uav","night","heat-signature","drone"]',1,'2026-04-24 13:58:44','2026-04-24 13:58:44'),
 (119,'Counter-Surveillance Sweep Service','surv-counter-sweep',32,215,62,'Technical surveillance counter-measures sweep. Bug detection, RF scan, physical inspection, report.',49990.0,0.0,4.9,23,'counter-surveillance sweep service.png','["counter-surveillance","tscm","bug-detection","rf-scan","sweep"]',1,'2026-04-24 13:58:44','2026-04-24 13:58:44'),
 (120,'SIGINT Collection and Analysis','surv-sigint',32,216,63,'Signals intelligence collection and analysis program. RF monitoring, direction finding, emissions analysis.',999990.0,0.0,4.9,5,'sigint collection and analysis.png','["sigint","rf","direction-finding","emissions","signals"]',1,'2026-04-24 13:58:44','2026-04-24 13:58:44'),
 (121,'Commercial Security Service Contract','contract-commercial-security',33,217,61,'Commercial security services contract. Guard, CCTV, access control — monthly, customizable scope.',49990.0,0.0,4.7,34,'commercial security service contract.png','["commercial","security","guard","cctv","monthly"]',1,'2026-04-24 13:58:44','2026-04-24 13:58:44'),
 (122,'Private Arms Supply Agreement','contract-private-arms',33,217,60,'Private sector arms supply agreement. Firearms, ammo, gear — annual supply contract, tiered pricing.',999990.0,0.0,4.8,8,'private arms supply agreement.png','["private","arms","supply","annual","tiered-pricing"]',1,'2026-04-24 13:58:44','2026-04-24 13:58:44'),
 (123,'Government Small Arms Supply Contract','contract-govt-small-arms',33,218,52,'Government-tier small arms supply contract. BAFO process, TAA compliant, multi-year delivery schedule.',9999990.0,0.0,4.9,4,'government small arms supply contract.png','["government","small-arms","taa","multi-year","bafo"]',1,'2026-04-24 13:58:44','2026-04-24 13:58:44'),
 (124,'Defense Ministry Arms Procurement Contract','contract-defense-ministry',33,219,52,'Defense ministry-level arms procurement. Full mil-spec, FAT/LAT, ITAR-licensed, offset program capable.',49999990.0,0.0,4.9,2,'defense ministry arms procurement contract.png','["defense","ministry","mil-spec","fat","itar","offset"]',1,'2026-04-24 13:58:44','2026-04-24 13:58:44'),
 (125,'NATO STANAG Compliant Supply Contract','contract-nato-stanag',33,219,52,'NATO-standard compliant arms supply. STANAG 4090/4173 compliance, interoperability certified.',19999990.0,0.0,4.9,3,'nato stanag compliant supply contract.png','["nato","stanag","interoperability","certified","supply"]',1,'2026-04-24 13:58:44','2026-04-24 13:58:44'),
 (126,'Defense Subcontract Manufacturing','contract-sub-mfg',33,220,52,'Defense subcontract manufacturing services. Flow-down clauses, DPAS rated, DCMA audit-ready.',4999990.0,0.0,4.8,6,'defense subcontract manufacturing.png','["subcontract","defense","dpas","dcma","flow-down"]',1,'2026-04-24 13:58:44','2026-04-24 13:58:44'),
 (127,'Defense Industry Joint Venture Agreement','contract-jv-defense',33,221,68,'Defense industry joint venture facilitation. Teaming agreement, IP split, workshare negotiation, legal.',999990.0,0.0,4.7,5,'defense industry joint venture agreement.png','["joint-venture","defense","teaming","ip","workshare"]',1,'2026-04-24 13:58:44','2026-04-24 13:58:44'),
 (128,'Defense R&D Grant Application Service','contract-rnd-grant',33,222,68,'SBIR/STTR and defense R&D grant application preparation. Proposal writing, BAA response, white paper.',299990.0,0.0,4.8,9,'defense r&d grant application service.png','["grant","sbir","sttr","baa","proposal","r&d"]',1,'2026-04-24 13:58:44','2026-04-24 13:58:44'),
 (129,'AK-47/AKM Underfolder Paratrooper Conversion','custom-ak-underfolder-paratrooper',22,152,142,'Convert any AK-pattern rifle to Soviet underfolder paratrooper configuration. Hardware swap, timing, headspace check, and 50-round function test. Classic Cold War paratrooper look.',14990.0,0.0,4.8,78,'ak_underfolder_paratrooper_conversion.png','["ak","underfolder","paratrooper","conversion","soviet","custom","iconic"]',1,'2026-04-25 12:10:27','2026-04-25 12:10:27'),
 (130,'Desert Eagle Full Cerakote — Titanium Silver','custom-deagle-cerakote-titanium-silver',22,154,148,'Complete Desert Eagle Cerakote refinish in Titanium Silver. Full disassembly, bead-blast prep, two-coat application, 250°F oven cure, reassembly, and function fire.',9990.0,10.0,4.7,56,'desert_eagle_cerakote_titanium_silver.png','["desert-eagle","cerakote","titanium","finish","custom","iconic","imi"]',1,'2026-04-25 12:10:27','2026-04-25 12:10:27'),
 (131,'M1911 Full Combat Package Upgrade','custom-m1911-full-combat-package',22,156,54,'Full combat 1911 transformation: 3.5 lb trigger job, match barrel, flared magwell, beavertail grip safety, front/rear serrations, carry bevel, and test fire. Bring this icon to modern performance standards.',29990.0,0.0,4.9,102,'m1911_full_combat_package_upgrade.png','["1911","trigger","match-barrel","magwell","beavertail","combat","custom","iconic"]',1,'2026-04-25 12:10:27','2026-04-25 12:10:27'),
 (132,'Kar98k Full Cosmetic Restoration & Re-Bluing','custom-kar98k-full-restoration-rebluing',22,157,69,'Full WWII Kar98k surplus restoration. Metal polish, rust removal, slow-rust cold re-blue, stock strip and Danish oil refinish, headspace check, bore clean. Returns rifle to matching-number display or shooter condition.',19990.0,0.0,4.9,45,'kar98k_full_restoration_rebluing.png','["kar98k","restoration","re-bluing","wwii","surplus","matching-numbers","custom"]',1,'2026-04-25 12:10:27','2026-04-25 12:10:27'),
 (133,'AK Walnut Classic Furniture Set Install','custom-ak-walnut-furniture-install',22,152,142,'Replace synthetic AK furniture with hand-fitted matched walnut stock, handguard, and pistol grip. Fitting, finish sanding, oil treatment, and reinstall included. Restores the original WWII-era AK-47 look.',9990.0,5.0,4.8,67,'ak_walnut_furniture_set_install.png','["ak","walnut","furniture","wood","classic","custom","upgrade","iconic"]',1,'2026-04-25 12:10:27','2026-04-25 12:10:27'),
 (134,'Medieval Longsword Full Sharpening & Balance Job','custom-longsword-sharpen-balance',22,157,8,'Professional sharpening, edge geometry re-profiling, and dynamic balance-point adjustment for longswords and arming swords. Brought to functional fighting edge and correct point-of-balance.',4990.0,0.0,4.8,89,'longsword_full_sharpening_balance.png','["longsword","sharpening","balancing","medieval","sword","custom","edge","hema"]',1,'2026-04-25 12:10:27','2026-04-25 12:10:27'),
 (135,'M1 Garand Full Rebuild & Match Tuning','custom-m1-garand-full-rebuild-match',22,156,146,'Complete M1 Garand rebuild: headspace check, new operating rod spring, gas plug service, throat erosion gauge, trigger job to 4.5 lb, stock refinish. Returns this WWII legend to match-grade function.',24990.0,0.0,4.9,34,'m1_garand_full_rebuild_match_tuning.png','["m1-garand","rebuild","match","headspace","trigger","wwii","iconic","springfield"]',1,'2026-04-25 12:10:27','2026-04-25 12:10:27'),
 (136,'Thompson SMG Depot-Level Overhaul','maint-thompson-smg-depot-overhaul',23,161,55,'Complete depot-level disassembly, inspection, and rebuild of M1/M1A1 Thompson SMGs. Parts inspection and replacement, timing, headspace, cyclic rate check, and 50-round test fire.',24990.0,0.0,4.8,34,'thompson_smg_depot_overhaul.png','["thompson","m1a1","smg","overhaul","depot","wwii","maintenance","iconic"]',1,'2026-04-25 12:10:27','2026-04-25 12:10:27'),
 (137,'WWII Bolt-Action Rifle Full Service (Kar98k / Lee-Enfield / Mosin)','maint-wwii-bolt-action-full-service',23,162,55,'Complete service for WWII bolt-action rifles. Headspace check, extractor inspection, firing pin replacement if needed, bore cleaning, action lube, and wood stock conditioning. Covers Kar98k, Lee-Enfield, Mosin-Nagant.',12990.0,0.0,4.9,56,'wwii_bolt_action_full_service.png','["bolt-action","wwii","kar98k","lee-enfield","mosin","service","maintenance","iconic"]',1,'2026-04-25 12:10:27','2026-04-25 12:10:27'),
 (138,'Lever-Action Rifle Action Smoothing & Trigger Job','maint-lever-action-action-trigger-job',23,162,69,'Precision action smoothing and trigger job for Winchester 1894, Marlin 336, and similar lever-action rifles. Sear honing, carrier polish, bolt geometry, timing, and live-fire verification.',7990.0,0.0,4.7,67,'lever_action_action_trigger_job.png','["lever-action","trigger","action","winchester","marlin","smoothing","maintenance"]',1,'2026-04-25 12:10:27','2026-04-25 12:10:27'),
 (139,'AK-Pattern Rifle Full Deep Clean & Inspect','maint-ak-pattern-full-deep-clean',23,158,55,'Complete AK-pattern rifle deep cleaning and inspection. Ultrasonic receiver clean, barrel scrub, gas tube service, bolt/carrier inspection, all springs checked, lubricated and function tested.',6990.0,0.0,4.8,89,'ak_pattern_full_deep_clean_inspect.png','["ak","ak-47","akm","clean","inspect","maintenance","kalashnikov","service"]',1,'2026-04-25 12:10:27','2026-04-25 12:10:27'),
 (140,'WWII Infantry Weapons Familiarization — Full Day','train-wwii-infantry-weapons-full-day',26,177,59,'Full-day hands-on WWII weapons familiarization. M1 Garand, Thompson M1A1, MP40, Kar98k, Bren Gun, M1911A1, and Mk 2 grenade (inert). Safe handling, historical context, disassembly, and supervised live fire. All ammo included.',19990.0,0.0,4.9,89,'wwii_infantry_weapons_familiarization.png','["wwii","m1-garand","thompson","mp40","kar98k","bren","1911","live-fire","historical","iconic"]',1,'2026-04-25 12:10:27','2026-04-25 12:10:27'),
 (141,'AK Platform Operator Course — 1 Day','train-ak-platform-operator-1day',26,177,59,'1-day AK-pattern rifle operator course. Fundamentals, malfunction clearing, magazine changes, accuracy and speed drills, 300-round shoot. Covers AK-47, AKM, and common variants. Most iconic rifle platform course offered.',14990.0,0.0,4.9,112,'ak_platform_operator_course.png','["ak-47","akm","operator","course","live-fire","kalashnikov","iconic","training","300-round"]',1,'2026-04-25 12:10:27','2026-04-25 12:10:27'),
 (142,'M1911 Pistol Combat Shooting — 2 Day','train-m1911-combat-shooting-2day',26,178,59,'2-day M1911-focused pistol combat course. Draw, press, malfunction clearing, retention shooting, magazine manipulation, and 500-round proficiency shoot. Historical lineage of this 100-year-old icon covered.',24990.0,0.0,4.8,78,'m1911_pistol_combat_shooting_2day.png','["1911","pistol","combat","shooting","2-day","iconic","m1911","training"]',1,'2026-04-25 12:10:27','2026-04-25 12:10:27'),
 (143,'Revolver Mastery — .44 Magnum Full Day','train-revolver-mastery-44mag-full-day',26,178,59,'Full-day double-action revolver mastery using the S&W Model 29 .44 Magnum. Fundamentals, trigger control, speed-loading with HKS speedloaders, low-light drills, and 200-round qualification shoot.',14990.0,0.0,4.8,67,'revolver_mastery_44mag_full_day.png','["revolver","44-magnum","sw-model-29","marksmanship","speed-loader","iconic","training"]',1,'2026-04-25 12:10:27','2026-04-25 12:10:27'),
 (144,'Historical European Martial Arts — Longsword (HEMA)','train-hema-longsword-fundamentals',26,177,69,'1-day HEMA longsword fundamentals course. Guards, basic cuts and thrusts from Liechtenauer''s system, half-swording, and partner drilling. Loaner synthetic longswords provided. Perfect for medieval gaming enthusiasts.',7990.0,0.0,4.8,45,'hema_longsword_fundamentals.png','["hema","longsword","medieval","swordsmanship","historical","iconic","liechtenauer","training"]',1,'2026-04-25 12:10:27','2026-04-25 12:10:27'),
 (145,'Soviet WWII Weapons Familiarization — Eastern Front Package','train-soviet-wwii-eastern-front',26,177,59,'Half-day hands-on Soviet WWII weapons course. Mosin-Nagant M91/30, PPSh-41, TT-33 pistol, and DP-28 LMG (inert demo). Historical context, safe handling, and supervised live fire on Mosin and PPSh.',14990.0,0.0,4.8,56,'soviet_wwii_eastern_front_familiarization.png','["wwii","soviet","mosin","ppsh41","tt33","eastern-front","historical","live-fire","iconic"]',1,'2026-04-25 12:10:27','2026-04-25 12:10:27'),
 (146,'Historic & Collectible Firearm Provenance Appraisal','consult-historic-firearm-provenance-appraisal',28,187,62,'Expert authentication and provenance research for historic and collectible firearms. WWII militaria, Wild West revolvers, Cold War weapons. Photographic documentation, written appraisal report, and certificate of authenticity issued.',9990.0,0.0,4.9,34,'historic_firearm_provenance_appraisal.png','["appraisal","authentication","provenance","collectible","wwii","historic","certificate","iconic"]',1,'2026-04-25 12:10:27','2026-04-25 12:10:27'),
 (147,'WWII Militaria Collection Cataloguing & Valuation','consult-wwii-collection-catalogue-valuation',28,191,62,'Full cataloguing of WWII militaria and weapons collections. Photographic documentation, historical research, condition grading, current market valuation, and encrypted digital inventory report.',19990.0,0.0,4.8,18,'wwii_collection_catalogue_valuation.png','["wwii","collection","catalogue","militaria","valuation","documentation","historic","appraisal"]',1,'2026-04-25 12:10:27','2026-04-25 12:10:27'),
 (148,'WWII Surplus Small Arms Demilitarization','disposal-wwii-surplus-small-arms',31,208,65,'ATF/BATFE-compliant demilitarization of surplus WWII-era small arms: M1 Garand, Thompson, Kar98k, Lee-Enfield, etc. Weld/cut per regulations, full documentation package. Museum-finish display option available.',19990.0,0.0,4.8,23,'wwii_surplus_small_arms_demil.png','["wwii","demilitarization","surplus","atf","m1-garand","thompson","kar98k","disposal","compliant"]',1,'2026-04-25 12:10:27','2026-04-25 12:10:27'),
 (149,'WWII Small Arms Comparative Ballistics Study','research-wwii-small-arms-ballistics-study',29,196,63,'Comprehensive ballistic and ergonomic performance study of WWII small arms: M1 Garand, Kar98k, Mosin, Lee-Enfield, MP40, PPSh-41. Gelatin testing, accuracy benchmarking, comparative analytical report.',499990.0,0.0,4.9,6,'wwii_small_arms_ballistics_study.png','["wwii","small-arms","ballistics","historical","research","comparative","iconic","m1-garand","kar98k"]',1,'2026-04-25 12:10:27','2026-04-25 12:10:27'),
 (150,'Battlefield HUMINT Intelligence Package','surv-battlefield-humint-package',32,213,62,'Human intelligence collection package for conflict zones. Trained field operatives, structured HUMINT reporting in SALUTE and BLUF format, operational security protocol, and secure comms.',999990.0,0.0,4.9,7,'battlefield_humint_intelligence_package.png','["humint","intelligence","field","conflict","salute","operational-security","surveillance","iconic"]',1,'2026-04-25 12:10:27','2026-04-25 12:10:27');
INSERT INTO "subcategories" ("id","category_id","name","slug","icon_file","description") VALUES (1,1,'Handguns','firearms-handguns',NULL,'Semi-automatic pistols and revolvers'),
 (2,1,'Rifles','firearms-rifles',NULL,'Long-barreled shoulder-fired rifles'),
 (3,1,'Shotguns','firearms-shotguns',NULL,'Smoothbore shotguns for various uses'),
 (4,1,'Submachine Guns','firearms-submachine-guns',NULL,'Compact automatic weapons chambered in pistol calibers'),
 (5,1,'Machine Guns','firearms-machine-guns',NULL,'Fully automatic support weapons'),
 (6,1,'Sniper Rifles','firearms-sniper-rifles',NULL,'Precision long-range rifles'),
 (7,1,'Carbines','firearms-carbines',NULL,'Short-barreled rifle variants'),
 (9,2,'Knives','blades-knives',NULL,'Fixed and folding combat knives'),
 (10,2,'Swords','blades-swords',NULL,'Full-length bladed swords'),
 (11,2,'Daggers','blades-daggers',NULL,'Double-edged close-combat daggers'),
 (12,2,'Machetes','blades-machetes',NULL,'Heavy chopping blades'),
 (13,2,'Bayonets','blades-bayonets',NULL,'Rifle-mounted blade attachments'),
 (14,2,'Axes','blades-axes',NULL,'Single and double-bit combat axes'),
 (15,2,'Hatchets','blades-hatchets',NULL,'Short-handled one-handed axes'),
 (16,2,'Combat Spears','blades-combat-spears',NULL,'Thrusting pole weapons with bladed tips'),
 (17,2,'Polearms','blades-polearms',NULL,'Extended reach bladed pole weapons'),
 (18,2,'Throwing Knives','blades-throwing-knives',NULL,'Balanced knives designed for throwing'),
 (19,3,'Batons','blunts-batons',NULL,'Straight and expandable striking batons'),
 (20,3,'Clubs','blunts-clubs',NULL,'Solid impact clubs'),
 (21,3,'Maces','blunts-maces',NULL,'Flanged heavy striking maces'),
 (22,3,'Hammers','blunts-hammers',NULL,'Combat and breaching hammers'),
 (23,3,'Flails','blunts-flails',NULL,'Chain-linked impact weapons'),
 (24,3,'Nunchaku','blunts-nunchaku',NULL,'Double-stick linked impact weapons'),
 (25,3,'Staves','blunts-staves',NULL,'Long wooden or composite striking staves'),
 (26,3,'Saps','blunts-saps',NULL,'Flat leather-wrapped impact weapons'),
 (27,3,'Blackjacks','blunts-blackjacks',NULL,'Small weighted striking tools'),
 (28,4,'Bows','projectile-bows',NULL,'Traditional and compound bows'),
 (29,4,'Crossbows','projectile-crossbows',NULL,'Horizontal-limb bow systems'),
 (30,4,'Slingshots','projectile-slingshots',NULL,'Elastic-band projectile launchers'),
 (31,4,'Spear Launchers','projectile-spear-launchers',NULL,'Mechanical spear propulsion systems'),
 (32,4,'Blowguns','projectile-blowguns',NULL,'Breath-powered dart launchers'),
 (33,4,'Javelin Systems','projectile-javelin-systems',NULL,'Athletic and combat javelin systems'),
 (34,4,'Pneumatic Launchers','projectile-pneumatic-launchers',NULL,'Air-pressure-driven projectile systems'),
 (35,5,'Grenades','explosives-grenades',NULL,'Hand-thrown explosive devices'),
 (36,5,'Bombs','explosives-bombs',NULL,'Aerial and planted explosive devices'),
 (37,5,'Mines','explosives-mines',NULL,'Ground-emplaced explosive devices'),
 (38,5,'Demolition Charges','explosives-demolition-charges',NULL,'Controlled breaching and demolition charges'),
 (39,5,'Rocket Launchers','explosives-rocket-launchers',NULL,'Shoulder-fired rocket weapon systems'),
 (40,5,'Mortars','explosives-mortars',NULL,'Indirect fire mortar systems'),
 (41,5,'Artillery Shells','explosives-artillery-shells',NULL,'Large-caliber artillery projectiles'),
 (42,5,'Breaching Charges','explosives-breaching-charges',NULL,'Door and wall breaching explosive kits'),
 (43,5,'Flash-Bangs','explosives-flash-bangs',NULL,'Disorienting stun grenades'),
 (44,6,'Tasers','electronic-tasers',NULL,'Conducted electrical weapon devices'),
 (45,6,'Stun Guns','electronic-stun-guns',NULL,'Contact-based electrical shock devices'),
 (46,6,'EMP Devices','electronic-emp-devices',NULL,'Electromagnetic pulse generating devices'),
 (47,6,'Jamming Devices','electronic-jamming-devices',NULL,'RF and signal jamming systems'),
 (48,6,'Directed Energy Weapons','electronic-directed-energy-weapons',NULL,'Laser and microwave energy weapons'),
 (49,6,'Sonic Devices','electronic-sonic-devices',NULL,'Acoustic crowd control and weapon systems'),
 (50,6,'Laser Dazzlers','electronic-laser-dazzlers',NULL,'Non-lethal laser disorientation devices'),
 (51,7,'Tear Gas','chemical-tear-gas',NULL,'Lachrymatory agent dispersal systems'),
 (52,7,'Smoke Agents','chemical-smoke-agents',NULL,'Obscurant and signaling smoke compounds'),
 (53,7,'Incendiary Compounds','chemical-incendiary',NULL,'Ignition and fire-based chemical agents'),
 (54,7,'Pepper Sprays','chemical-pepper-sprays',NULL,'OC-based personal defense sprays'),
 (55,7,'Aerosol Dispersants','chemical-aerosol-dispersants',NULL,'Pressurized chemical delivery systems'),
 (56,7,'Riot Control Agents','chemical-riot-control',NULL,'Non-lethal chemical crowd control agents'),
 (57,8,'Delivery Systems','biological-delivery-systems',NULL,'Biological agent dispersal mechanisms'),
 (58,8,'Containment Units','biological-containment-units',NULL,'Secure biological material containment'),
 (59,8,'Detection Equipment','biological-detection-equipment',NULL,'Biological threat identification tools'),
 (60,8,'Neutralization Agents','biological-neutralization-agents',NULL,'Agents used to neutralize biological threats'),
 (61,9,'Armed Vehicles','vehicle-armed',NULL,'Ground combat and armored vehicles'),
 (62,9,'Drones','vehicle-drones',NULL,'Unmanned aerial and ground vehicles'),
 (63,9,'Naval Weapon Systems','vehicle-naval',NULL,'Ship and submarine-mounted weapon platforms'),
 (64,9,'Aerial Weapon Systems','vehicle-aerial',NULL,'Aircraft-mounted weapon systems'),
 (65,9,'Anti-vehicle Weapons','vehicle-anti-vehicle',NULL,'Systems designed to defeat armored targets'),
 (66,10,'Malware Tools','cyber-malware-tools',NULL,'Software designed for system compromise'),
 (67,10,'Exploit Kits','cyber-exploit-kits',NULL,'Packaged vulnerability exploitation tools'),
 (68,10,'Hacking Devices','cyber-hacking-devices',NULL,'Physical hardware for cyber intrusion'),
 (69,10,'Intrusion Systems','cyber-intrusion-systems',NULL,'Network penetration and access tools'),
 (70,10,'Data Exfiltration Tools','cyber-data-exfiltration',NULL,'Tools for unauthorized data extraction'),
 (71,10,'Ransomware Platforms','cyber-ransomware-platforms',NULL,'Malicious encryption and extortion platforms'),
 (72,11,'Access Control Weapons','security-access-control',NULL,'Devices restricting unauthorized entry'),
 (73,11,'Crowd Control Devices','security-crowd-control',NULL,'Non-lethal devices for crowd management'),
 (74,11,'Non-lethal Weapons','security-non-lethal',NULL,'Less-lethal force options'),
 (75,11,'Deterrent Systems','security-deterrent',NULL,'Systems to discourage threats proactively'),
 (76,11,'Restraint Devices','security-restraint',NULL,'Handcuffs, zip ties, and restraint tools'),
 (77,12,'Bullets','ammo-bullets',NULL,'Projectile bullets in various calibers'),
 (78,12,'Shells','ammo-shells',NULL,'Shotgun and artillery shells'),
 (79,12,'Cartridges','ammo-cartridges',NULL,'Complete loaded ammunition cartridges'),
 (80,12,'Energy Cells','ammo-energy-cells',NULL,'Power cells for energy-based weapons'),
 (81,12,'Primers','ammo-primers',NULL,'Ignition components for ammunition'),
 (82,12,'Propellants','ammo-propellants',NULL,'Powder and propellant charges'),
 (83,12,'Specialty Rounds','ammo-specialty-rounds',NULL,'Non-standard and mission-specific rounds'),
 (84,12,'Caseless Ammunition','ammo-caseless',NULL,'Ammunition without traditional brass casing'),
 (85,13,'Helmets','protective-helmets',NULL,'Ballistic and tactical head protection'),
 (86,13,'Body Armor','protective-body-armor',NULL,'Soft and hard plate armor systems'),
 (87,13,'Shields','protective-shields',NULL,'Ballistic and riot shields'),
 (88,13,'Protective Suits','protective-suits',NULL,'Full-body hazardous environment suits'),
 (89,13,'Ballistic Glasses','protective-ballistic-glasses',NULL,'Eye protection rated for ballistic impact'),
 (90,13,'Hearing Protection','protective-hearing',NULL,'Ear protection for noise and blast'),
 (91,13,'Gas Masks','protective-gas-masks',NULL,'Respiratory protection from chemical agents'),
 (92,13,'Blast-resistant Gear','protective-blast-resistant',NULL,'Gear designed to absorb explosive force'),
 (93,14,'Load-bearing Gear','tactical-load-bearing',NULL,'Vests and harnesses for carrying gear'),
 (94,14,'Holsters','tactical-holsters',NULL,'Firearm retention and carry holsters'),
 (95,14,'Utility Belts','tactical-utility-belts',NULL,'Modular mission belts with attachment points'),
 (96,14,'Field Kits','tactical-field-kits',NULL,'Mission-ready packaged tool sets'),
 (97,14,'Chest Rigs','tactical-chest-rigs',NULL,'Front-mounted magazine and gear rigs'),
 (98,14,'Plate Carriers','tactical-plate-carriers',NULL,'Carriers for hard armor plates'),
 (99,14,'Drop Leg Platforms','tactical-drop-leg',NULL,'Thigh-mounted accessory platforms'),
 (100,14,'Modular Pouches','tactical-modular-pouches',NULL,'MOLLE-compatible utility pouches'),
 (101,15,'Suppressors','attachments-suppressors',NULL,'Sound-reducing muzzle devices'),
 (102,15,'Grips','attachments-grips',NULL,'Pistol and vertical foregrips'),
 (103,15,'Laser Sights','attachments-laser-sights',NULL,'Visible and IR laser aiming devices'),
 (104,15,'Foregrips','attachments-foregrips',NULL,'Fore-mounted stabilization grips'),
 (105,15,'Bipods','attachments-bipods',NULL,'Two-legged weapon support systems'),
 (106,15,'Muzzle Brakes','attachments-muzzle-brakes',NULL,'Recoil-reducing muzzle devices'),
 (107,15,'Flashlights','attachments-flashlights',NULL,'Weapon-mounted illumination devices'),
 (108,15,'Bayonet Mounts','attachments-bayonet-mounts',NULL,'Mounts for attaching bayonets to rifles'),
 (109,16,'Cleaning Kits','maint-cleaning-kits',NULL,'Complete firearm and weapon cleaning kits'),
 (110,16,'Repair Tools','maint-repair-tools',NULL,'Tools for field and depot-level repairs'),
 (111,16,'Lubricants','maint-lubricants',NULL,'Oils and greases for weapon maintenance'),
 (112,16,'Bore Snakes','maint-bore-snakes',NULL,'Pull-through barrel cleaning devices'),
 (113,16,'Armorer Tools','maint-armorer-tools',NULL,'Specialized gunsmithing and armorer tools'),
 (114,16,'Parts Kits','maint-parts-kits',NULL,'Spare parts and components kits'),
 (115,16,'Solvent Traps','maint-solvent-traps',NULL,'Cleaning solvent capture devices'),
 (116,17,'Safes','storage-safes',NULL,'Lockable weapon and valuables safes'),
 (117,17,'Cases','storage-cases',NULL,'Hard and soft carry cases'),
 (118,17,'Lockers','storage-lockers',NULL,'Multi-unit weapon storage lockers'),
 (119,17,'Ammunition Cans','storage-ammo-cans',NULL,'Sealed metal ammunition storage cans'),
 (120,17,'Weapon Racks','storage-weapon-racks',NULL,'Wall and floor-mounted weapon racks'),
 (121,17,'Concealment Furniture','storage-concealment-furniture',NULL,'Furniture with hidden weapon compartments'),
 (122,17,'Transport Containers','storage-transport-containers',NULL,'Heavy-duty containers for field transport'),
 (123,18,'Radios','comm-radios',NULL,'Tactical and handheld radio units'),
 (124,18,'Signal Devices','comm-signal-devices',NULL,'Visual and electronic signaling tools'),
 (125,18,'Encryption Units','comm-encryption-units',NULL,'Hardware encryption communication devices'),
 (126,18,'Earpieces','comm-earpieces',NULL,'Covert and tactical audio earpieces'),
 (127,18,'Tactical Headsets','comm-tactical-headsets',NULL,'Hearing protection with integrated comms'),
 (128,18,'Satellite Communicators','comm-satellite',NULL,'Satellite-based communication devices'),
 (129,18,'Covert Devices','comm-covert-devices',NULL,'Hidden and undercover communication tools'),
 (130,19,'First Aid Kits','survival-first-aid',NULL,'Medical trauma and first aid kits'),
 (131,19,'Rations','survival-rations',NULL,'Field rations and emergency food supplies'),
 (132,19,'Water Purification','survival-water-purification',NULL,'Water filtration and purification systems'),
 (133,19,'Navigation Tools','survival-navigation',NULL,'Compasses, GPS, and map tools'),
 (134,19,'Emergency Shelters','survival-shelters',NULL,'Compact emergency bivouac shelters'),
 (135,19,'Fire Starters','survival-fire-starters',NULL,'Lighters, strikers, and fire-starting kits'),
 (136,19,'Multi-tools','survival-multi-tools',NULL,'Compact multi-function survival tools'),
 (137,19,'Tourniquets','survival-tourniquets',NULL,'Limb hemorrhage control tourniquets'),
 (138,20,'Simulators','training-simulators',NULL,'Electronic and mechanical weapon simulators'),
 (139,20,'Dummy Equipment','training-dummy-equipment',NULL,'Inert replica training weapons and gear'),
 (140,20,'Targets','training-targets',NULL,'Paper, steel, and reactive shooting targets'),
 (141,20,'Training Manuals','training-manuals',NULL,'Instructional documentation and field manuals'),
 (142,20,'Blue Guns','training-blue-guns',NULL,'Solid plastic firearm replicas for training'),
 (143,20,'Force-on-Force Gear','training-force-on-force',NULL,'Marking cartridge and protective training gear'),
 (144,20,'Recoil Trainers','training-recoil-trainers',NULL,'Devices simulating firearm recoil for drills'),
 (145,21,'Mass Production','mfg-mass-production',NULL,'Large-scale standardized manufacturing runs'),
 (146,21,'Custom Fabrication','mfg-custom-fabrication',NULL,'Bespoke single or low-volume fabrication'),
 (147,21,'Prototyping','mfg-prototyping',NULL,'Rapid prototype development and testing'),
 (148,21,'OEM Production','mfg-oem-production',NULL,'Original equipment manufacturer production'),
 (149,21,'Contract Manufacturing','mfg-contract',NULL,'Third-party contract production services'),
 (150,21,'Component Supply','mfg-component-supply',NULL,'Supply of individual parts and components'),
 (151,22,'Weapon Modding','custom-weapon-modding',NULL,'Modification of weapons for performance or aesthetics'),
 (152,22,'Gear Personalization','custom-gear-personal',NULL,'Custom colors, patches, and insignia on gear'),
 (153,22,'Engraving','custom-engraving',NULL,'Laser and hand engraving on metal surfaces'),
 (154,22,'Cerakoting','custom-cerakoting',NULL,'Ceramic polymer coating for corrosion resistance'),
 (155,22,'Stock Fitting','custom-stock-fitting',NULL,'Custom fitting of rifle stocks to shooter'),
 (156,22,'Trigger Jobs','custom-trigger-jobs',NULL,'Trigger pull and reset tuning services'),
 (157,23,'Repair Services','svc-repair',NULL,'Field and depot weapon repair services'),
 (158,23,'Inspection','svc-inspection',NULL,'Safety and function inspection services'),
 (159,23,'Refurbishment','svc-refurbishment',NULL,'Full weapon and equipment refurbishment'),
 (160,23,'Preventive Maintenance','svc-preventive-maint',NULL,'Scheduled maintenance to prevent failure'),
 (161,23,'Depot-level Overhaul','svc-depot-overhaul',NULL,'Complete depot-level rebuild and overhaul'),
 (162,23,'Parts Replacement','svc-parts-replacement',NULL,'Replacement of worn or damaged components'),
 (163,24,'Secure Logistics','transport-secure-logistics',NULL,'End-to-end secure cargo logistics'),
 (164,24,'International Shipping','transport-intl-shipping',NULL,'Cross-border international freight services'),
 (165,24,'Escort Services','transport-escort',NULL,'Armed escort for high-value cargo'),
 (166,24,'Armored Courier','transport-armored-courier',NULL,'Armored vehicle courier delivery'),
 (167,24,'Cold Chain Transport','transport-cold-chain',NULL,'Temperature-controlled sensitive cargo transport'),
 (168,24,'Cross-border Brokerage','transport-brokerage',NULL,'Customs brokerage for cross-border shipments'),
 (169,25,'Secure Warehousing','stgsvc-warehousing',NULL,'Guarded and monitored warehouse storage'),
 (170,25,'Vault Services','stgsvc-vault',NULL,'High-security vault storage solutions'),
 (171,25,'Inventory Management','stgsvc-inventory',NULL,'Stock tracking and inventory control'),
 (172,25,'Climate-controlled Storage','stgsvc-climate',NULL,'Temperature and humidity regulated storage'),
 (173,25,'Evidence Storage','stgsvc-evidence',NULL,'Chain-of-custody evidence storage'),
 (174,25,'Bonded Warehousing','stgsvc-bonded',NULL,'Customs bonded warehouse services'),
 (175,26,'Tactical Training','trnsvc-tactical',NULL,'Live and simulated tactical operations training'),
 (176,26,'Safety Training','trnsvc-safety',NULL,'Weapon handling and safety certification'),
 (177,26,'Technical Training','trnsvc-technical',NULL,'Equipment operation and maintenance training'),
 (178,26,'Marksmanship Courses','trnsvc-marksmanship',NULL,'Precision shooting and marksmanship programs'),
 (179,26,'Force-on-Force Exercises','trnsvc-force-on-force',NULL,'Scenario-based live contact training exercises'),
 (180,26,'Simulator Programs','trnsvc-simulator-programs',NULL,'Virtual and electronic training simulator programs'),
 (181,27,'Personal Security','prot-personal',NULL,'Individual close protection services'),
 (182,27,'Facility Security','prot-facility',NULL,'Perimeter and on-site security services'),
 (183,27,'Escort Protection','prot-escort',NULL,'Armed protective escort services'),
 (184,27,'Executive Protection','prot-executive',NULL,'High-profile individual security detail'),
 (185,27,'Maritime Security','prot-maritime',NULL,'Naval vessel and port security services'),
 (186,27,'Event Security','prot-event',NULL,'Security management for large-scale events'),
 (187,28,'Risk Assessment','consult-risk',NULL,'Identification and analysis of security risks'),
 (188,28,'Security Planning','consult-security-plan',NULL,'Strategic security framework development'),
 (189,28,'Compliance Advisory','consult-compliance',NULL,'Regulatory compliance guidance services'),
 (190,28,'Threat Analysis','consult-threat',NULL,'Intelligence-based threat evaluation'),
 (191,28,'Regulatory Consulting','consult-regulatory',NULL,'Government regulation navigation support'),
 (192,28,'Vulnerability Audits','consult-vulnerability',NULL,'Technical and procedural security audits'),
 (193,29,'Product Development','research-product-dev',NULL,'New product ideation and development'),
 (194,29,'Field Research','research-field',NULL,'Operational environment field studies'),
 (195,29,'Technology Innovation','research-tech',NULL,'Emerging technology research programs'),
 (196,29,'Ballistics Research','research-ballistics',NULL,'Projectile and terminal ballistics studies'),
 (197,29,'Materials Science','research-materials',NULL,'Advanced materials for weapons and armor'),
 (198,29,'Weapons Systems R&D','research-weapons-rnd',NULL,'Integrated weapon system research and development'),
 (199,30,'Performance Testing','test-performance',NULL,'Functional and operational performance evaluation'),
 (200,30,'Safety Testing','test-safety',NULL,'Safety certification and hazard assessment'),
 (201,30,'Certification','test-certification',NULL,'Third-party product certification services'),
 (202,30,'Ballistic Testing','test-ballistic',NULL,'Projectile penetration and impact testing'),
 (203,30,'Environmental Testing','test-environmental',NULL,'Testing under extreme environmental conditions'),
 (204,30,'Proof Testing','test-proof',NULL,'Structural integrity and proof load testing'),
 (205,31,'Decommissioning','disposal-decommission',NULL,'Safe retirement of weapons and systems'),
 (206,31,'Hazardous Disposal','disposal-hazardous',NULL,'Certified hazardous material disposal'),
 (207,31,'Recycling','disposal-recycling',NULL,'Material recovery and recycling services'),
 (208,31,'Demilitarization','disposal-demil',NULL,'Rendering weapons permanently inert'),
 (209,31,'Ammunition Destruction','disposal-ammo-destroy',NULL,'Controlled destruction of ammunition stocks'),
 (210,31,'EOD Services','disposal-eod',NULL,'Explosive ordnance disposal services'),
 (211,32,'Monitoring Services','surv-monitoring',NULL,'Continuous facility and area monitoring'),
 (212,32,'Reconnaissance','surv-recon',NULL,'Ground and aerial reconnaissance operations'),
 (213,32,'Intelligence Gathering','surv-intelligence',NULL,'Collection and analysis of field intelligence'),
 (214,32,'Aerial Surveillance','surv-aerial',NULL,'Drone and aircraft-based surveillance'),
 (215,32,'Counter-surveillance','surv-counter',NULL,'Detection and defeat of surveillance efforts'),
 (216,32,'SIGINT Services','surv-sigint',NULL,'Signals intelligence collection and analysis'),
 (217,33,'Private Contracts','contract-private',NULL,'Commercial private sector contracts'),
 (218,33,'Government Contracts','contract-government',NULL,'Government and state agency contracts'),
 (219,33,'Defense Contracts','contract-defense',NULL,'Military and defense procurement contracts'),
 (220,33,'Subcontracting','contract-sub',NULL,'Subcontracted work under primary contracts'),
 (221,33,'Joint Venture Agreements','contract-jv',NULL,'Collaborative joint venture contract structures'),
 (222,33,'Grant Procurement','contract-grant',NULL,'Acquisition of grants and funding awards');
INSERT INTO "subcategory_translations" ("id","subcategory_id","lang_code","name","description") VALUES (1,1,'filipino','Mga Handgun','Mga semi-awtomatikong pistola at rebolber'),
 (2,2,'filipino','Mga Riple','Mahahabang riple na pinapaputok mula sa balikat'),
 (3,3,'filipino','Mga Shotgun','Mga shotgun na smoothbore para sa iba’t ibang gamit'),
 (4,4,'filipino','Mga Submachine Gun','Mga kompaktong awtomatikong armas na gumagamit ng pistol na bala'),
 (5,5,'filipino','Mga Machine Gun','Ganap na awtomatikong suportang armas'),
 (6,6,'filipino','Mga Sniper Rifle','Mga ripleng pangmatagalan at mataas ang katumpakan'),
 (7,7,'filipino','Mga Karbin','Mas maiikling bersyon ng riple'),
 (9,9,'filipino','Mga Kutsilyo','Mga fixed at natitiklop na kutsilyong panlaban'),
 (10,10,'filipino','Mga Espada','Mahahabang talim na espada'),
 (11,11,'filipino','Mga Punyal','Mga dobleng talim na punyal para sa malapitan'),
 (12,12,'filipino','Mga Itak','Mabibigat na talim para sa pagputol'),
 (13,13,'filipino','Mga Bayoneta','Mga talim na ikinakabit sa riple'),
 (14,14,'filipino','Mga Palakol','Mga palakol na panglaban'),
 (15,15,'filipino','Mga Maliit na Palakol','Maiikling hawakang palakol na isang kamay'),
 (16,16,'filipino','Mga Sibat na Panlaban','Mahahabang sandatang pantusok na may talim'),
 (17,17,'filipino','Mga Sandatang May Mahabang Hawakan','Mahahabang sandatang may talim'),
 (18,18,'filipino','Mga Itinatapong Kutsilyo','Mga kutsilyong balanse para ihagis'),
 (19,19,'filipino','Mga Baton','Mga tuwid at napapalawak na baton'),
 (20,20,'filipino','Mga Pamalo','Matitibay na pamalong panghampas'),
 (21,21,'filipino','Mga Mace','Mabibigat na sandatang pamukpok'),
 (22,22,'filipino','Mga Martilyo','Mga martilyong panlaban at pambasag'),
 (23,23,'filipino','Mga Flail','Mga sandatang may kadena at pamukpok'),
 (24,24,'filipino','Mga Nunchaku','Dalawang pamalong magkadugtong'),
 (25,25,'filipino','Mga Baston','Mahahabang pamalong panlaban'),
 (26,26,'filipino','Mga Sap','Mga patag na pamalong may balat'),
 (27,27,'filipino','Mga Blackjack','Maliliit na may bigat na pamukpok'),
 (28,28,'filipino','Mga Busog','Tradisyonal at modernong busog'),
 (29,29,'filipino','Mga Crossbow','Mga busog na pahalang ang disenyo'),
 (30,30,'filipino','Mga Tirador','Mga tirador na may goma'),
 (31,31,'filipino','Mga Tagapaglunsad ng Sibat','Mga mekanismong nagpapalipad ng sibat'),
 (32,32,'filipino','Mga Blowgun','Mga tubong hinihipan para magpalipad ng dart'),
 (33,33,'filipino','Mga Sistemang Javelin','Mga sistemang panghagis ng sibat'),
 (34,34,'filipino','Mga Pneumatic Launcher','Mga sistemang gumagamit ng presyon ng hangin'),
 (35,35,'filipino','Mga Granada','Mga pampasabog na inihahagis ng kamay'),
 (36,36,'filipino','Mga Bomba','Mga pampasabog na inilalagay o ibinabagsak'),
 (37,37,'filipino','Mga Mina','Mga pampasabog na inilalagay sa lupa'),
 (38,38,'filipino','Mga Demolisyon na Karga','Mga kontroladong pampasabog para sa pagwasak'),
 (39,39,'filipino','Mga Rocket Launcher','Mga sandatang nagpapaputok ng rocket mula sa balikat'),
 (40,40,'filipino','Mga Mortar','Mga sistemang mortar na indirect fire'),
 (41,41,'filipino','Mga Bala ng Artilyeriya','Malalaking kalibreng bala ng artilyeriya'),
 (42,42,'filipino','Mga Breaching Charge','Mga pampasabog para sa pagpasok sa pinto o pader'),
 (43,43,'filipino','Mga Flashbang','Mga granadang nakakasilaw at nakakalito'),
 (44,44,'filipino','Mga Taser','Mga kagamitang nagbibigay ng kuryente sa target'),
 (45,45,'filipino','Mga Stun Gun','Mga aparatong nagbibigay ng shock sa kontak'),
 (46,46,'filipino','Mga EMP Device','Mga aparatong lumilikha ng electromagnetic pulse'),
 (47,47,'filipino','Mga Jammer','Mga aparatong humaharang sa signal'),
 (48,48,'filipino','Mga Directed Energy Weapon','Mga sandatang gumagamit ng enerhiya tulad ng laser'),
 (49,49,'filipino','Mga Sonic Device','Mga aparatong gumagamit ng tunog bilang sandata'),
 (50,50,'filipino','Mga Laser Dazzler','Mga laser na ginagamit para makasilaw'),
 (51,51,'filipino','Luhaang Gas','Mga sistemang nagpapalabas ng gas na nagpapaluha'),
 (52,52,'filipino','Usok na Ahente','Mga kemikal na lumilikha ng usok'),
 (53,53,'filipino','Mga Nasusunog na Kemikal','Mga kemikal na nagdudulot ng apoy'),
 (54,54,'filipino','Pepper Spray','Mga spray para sa personal na depensa'),
 (55,55,'filipino','Aerosol Dispersant','Mga sistemang nagpapakalat ng kemikal'),
 (56,56,'filipino','Ahente sa Kontrol ng Kaguluhan','Mga kemikal para sa crowd control'),
 (57,57,'filipino','Mga Sistema ng Pagpapakalat','Mga paraan ng pagkalat ng biological agent'),
 (58,58,'filipino','Mga Lalagyan ng Kontainment','Mga ligtas na lalagyan ng biological na materyal'),
 (59,59,'filipino','Mga Kagamitan sa Deteksyon','Mga gamit sa pagtukoy ng biological na banta'),
 (60,60,'filipino','Mga Ahente ng Neutralisasyon','Mga ahenteng nagne-neutralize ng banta'),
 (61,61,'filipino','Mga Sasakyang Armado','Mga sasakyang panglaban'),
 (62,62,'filipino','Mga Drone','Mga sasakyang walang piloto'),
 (63,63,'filipino','Mga Sistemang Naval','Mga sandatang nakakabit sa barko'),
 (64,64,'filipino','Mga Sistemang Panghimpapawid','Mga sandatang nakakabit sa eroplano'),
 (65,65,'filipino','Mga Sandata Laban sa Sasakyan','Mga sistemang laban sa armored na target'),
 (66,66,'filipino','Mga Malware Tool','Software para sa pagkompromiso ng sistema'),
 (67,67,'filipino','Mga Exploit Kit','Mga paketeng gamit sa pag-atake ng kahinaan'),
 (68,68,'filipino','Mga Hacking Device','Mga hardware para sa cyber intrusion'),
 (69,69,'filipino','Mga Intrusion System','Mga kasangkapan sa pagpasok sa network'),
 (70,70,'filipino','Mga Tool sa Pagkuha ng Data','Mga kasangkapan sa ilegal na pagkuha ng data'),
 (71,71,'filipino','Mga Ransomware Platform','Mga sistemang pang-extort gamit ang encryption'),
 (72,72,'filipino','Mga Kagamitang Kontrol sa Access','Mga aparatong pumipigil sa di-awtorisadong pagpasok'),
 (73,73,'filipino','Mga Kagamitang Pangkontrol ng Tao','Mga aparatong para sa crowd control'),
 (74,74,'filipino','Mga Hindi Nakamamatay na Sandata','Mga sandatang hindi nakamamatay'),
 (75,75,'filipino','Mga Sistemang Pampigil','Mga sistemang nag-iwas ng banta'),
 (76,76,'filipino','Mga Kagamitang Pangpigil','Mga posas at iba pang restraining tools'),
 (77,77,'filipino','Mga Bala','Mga projectile na bala sa iba’t ibang kalibre'),
 (78,78,'filipino','Mga Shell','Mga bala para sa shotgun at artilyeriya'),
 (79,79,'filipino','Mga Kartutso','Kumpletong bala na handa nang gamitin'),
 (80,80,'filipino','Mga Energy Cell','Mga pinanggagalingan ng enerhiya para sa sandata'),
 (81,81,'filipino','Mga Primer','Mga sangkap para sa pagsindi ng bala'),
 (82,82,'filipino','Mga Propellant','Mga pulbura at pampasabog na nagtutulak ng bala'),
 (83,83,'filipino','Mga Espesyal na Bala','Mga di-karaniwang bala para sa espesyal na gamit'),
 (84,84,'filipino','Walang Kasing Bala','Mga bala na walang tradisyunal na casing'),
 (85,85,'filipino','Mga Helmet','Proteksiyon sa ulo laban sa bala at impact'),
 (86,86,'filipino','Body Armor','Mga baluting pangkatawan'),
 (87,87,'filipino','Mga Kalasag','Mga kalasag laban sa bala at kaguluhan'),
 (88,88,'filipino','Mga Protective Suit','Mga kasuotang pang-proteksiyon sa buong katawan'),
 (89,89,'filipino','Mga Salaming Balistiko','Proteksiyon sa mata laban sa impact'),
 (90,90,'filipino','Proteksiyon sa Pandinig','Proteksiyon sa ingay at pagsabog'),
 (91,91,'filipino','Mga Gas Mask','Proteksiyon sa paghinga laban sa kemikal'),
 (92,92,'filipino','Mga Kagamitang Laban sa Pagsabog','Kagamitan laban sa lakas ng pagsabog'),
 (93,93,'filipino','Mga Kagamitang Pangdala','Mga vest at harness para sa kagamitan'),
 (94,94,'filipino','Mga Holster','Lalagyan ng baril para sa pagdala'),
 (95,95,'filipino','Mga Utility Belt','Mga sinturong may lagayan ng kagamitan'),
 (96,96,'filipino','Mga Field Kit','Mga set ng gamit na handa sa misyon'),
 (97,97,'filipino','Mga Chest Rig','Mga gear na suot sa dibdib'),
 (98,98,'filipino','Mga Plate Carrier','Mga lalagyan ng armor plate'),
 (99,99,'filipino','Mga Drop Leg Platform','Mga kagamitang nakakabit sa hita'),
 (100,100,'filipino','Mga Modular Pouch','Mga pouch na maaaring ikabit sa iba’t ibang gear'),
 (101,101,'filipino','Mga Suppressor','Mga aparatong nagpapahina ng tunog ng putok'),
 (102,102,'filipino','Mga Grip','Mga hawakan para sa mas magandang kontrol'),
 (103,103,'filipino','Mga Laser Sight','Mga laser para sa pagtutok'),
 (104,104,'filipino','Mga Foregrip','Mga hawakan sa harap ng sandata'),
 (105,105,'filipino','Mga Bipod','Mga dalawang paa na suporta'),
 (106,106,'filipino','Mga Muzzle Brake','Mga aparatong nagpapabawas ng recoil'),
 (107,107,'filipino','Mga Flashlight','Mga ilaw na nakakabit sa sandata'),
 (108,108,'filipino','Mga Mount ng Bayoneta','Mga kabitan ng bayoneta'),
 (109,109,'filipino','Mga Cleaning Kit','Mga kumpletong panlinis ng sandata'),
 (110,110,'filipino','Mga Kasangkapan sa Pag-ayos','Mga gamit para sa pagkukumpuni'),
 (111,111,'filipino','Mga Lubricant','Mga langis at grasa para sa maintenance'),
 (112,112,'filipino','Mga Bore Snake','Mga panlinis ng loob ng baril'),
 (113,113,'filipino','Mga Armorer Tool','Mga espesyal na kasangkapan ng gunsmith'),
 (114,114,'filipino','Mga Parts Kit','Mga ekstrang piyesa'),
 (115,115,'filipino','Mga Solvent Trap','Mga lalagyan ng panlinis na kemikal'),
 (116,116,'filipino','Mga Safe','Mga lalagyang may kandado para sa sandata'),
 (117,117,'filipino','Mga Case','Mga lalagyan na matigas o malambot'),
 (118,118,'filipino','Mga Locker','Mga imbakan ng maraming sandata'),
 (119,119,'filipino','Mga Lalagyan ng Bala','Mga metal na lalagyan ng bala'),
 (120,120,'filipino','Mga Rack ng Sandata','Mga patungan ng sandata'),
 (121,121,'filipino','Mga Muwebles na may Taguan','Mga muwebles na may lihim na lagayan'),
 (122,122,'filipino','Mga Lalagyan sa Transportasyon','Mga matitibay na lalagyan sa biyahe'),
 (123,123,'filipino','Mga Radyo','Mga handheld at tactical na radyo'),
 (124,124,'filipino','Mga Signal Device','Mga gamit sa pagbibigay ng signal'),
 (125,125,'filipino','Mga Encryption Unit','Mga aparatong nag-eencrypt ng komunikasyon'),
 (126,126,'filipino','Mga Earpiece','Mga maliit na audio device'),
 (127,127,'filipino','Mga Tactical Headset','Headset na may komunikasyon'),
 (128,128,'filipino','Mga Satellite Communicator','Mga aparatong gumagamit ng satellite'),
 (129,129,'filipino','Mga Lihim na Device','Mga tagong kagamitan sa komunikasyon'),
 (130,130,'filipino','Mga First Aid Kit','Mga gamit pangunang lunas'),
 (131,131,'filipino','Mga Rasyon','Pagkain para sa emerhensiya'),
 (132,132,'filipino','Paglilinis ng Tubig','Mga sistema ng purification ng tubig'),
 (133,133,'filipino','Mga Kagamitang Pang-nabigasyon','Mga kompas at GPS'),
 (134,134,'filipino','Mga Emergency Shelter','Mga pansamantalang tirahan'),
 (135,135,'filipino','Mga Panggatong ng Apoy','Mga gamit sa pagsindi ng apoy'),
 (136,136,'filipino','Mga Multi-tool','Mga kasangkapang maraming gamit'),
 (137,137,'filipino','Mga Tourniquet','Mga gamit sa pagpigil ng pagdurugo'),
 (138,138,'filipino','Mga Simulator','Mga aparatong pang-ensayo'),
 (139,139,'filipino','Mga Dummy Equipment','Mga replika para sa pagsasanay'),
 (140,140,'filipino','Mga Target','Mga target sa pagbaril'),
 (141,141,'filipino','Mga Manual sa Pagsasanay','Mga gabay at dokumento'),
 (142,142,'filipino','Mga Blue Gun','Mga plastik na replika ng baril'),
 (143,143,'filipino','Mga Force-on-Force Gear','Mga gear para sa simulated combat'),
 (144,144,'filipino','Mga Recoil Trainer','Mga aparatong ginagaya ang recoil'),
 (145,145,'filipino','Mass Production','Malakihang produksyon'),
 (146,146,'filipino','Custom Fabrication','Pasadyang paggawa'),
 (147,147,'filipino','Prototyping','Pagbuo ng prototype'),
 (148,148,'filipino','OEM Production','Produksyon ng OEM'),
 (149,149,'filipino','Contract Manufacturing','Produksyon sa kontrata'),
 (150,150,'filipino','Supply ng Piyesa','Pagbibigay ng mga bahagi'),
 (151,151,'filipino','Pagmo-mod ng Sandata','Pagbabago ng sandata'),
 (152,152,'filipino','Personal na Pag-aayos ng Gear','Pag-customize ng kagamitan'),
 (153,153,'filipino','Pag-ukit','Pag-engrave sa metal'),
 (154,154,'filipino','Cerakoting','Patong laban sa kalawang'),
 (155,155,'filipino','Pag-aayos ng Stock','Pag-fit ng rifle stock'),
 (156,156,'filipino','Trigger Adjustment','Pag-tune ng trigger'),
 (157,157,'filipino','Serbisyo sa Pagkukumpuni','Pag-aayos ng sandata'),
 (158,158,'filipino','Inspeksyon','Pagsusuri ng kaligtasan'),
 (159,159,'filipino','Refurbishment','Pagpapanibago ng kagamitan'),
 (160,160,'filipino','Preventive Maintenance','Regular na maintenance'),
 (161,161,'filipino','Overhaul','Kumpletong pag-rebuild'),
 (162,162,'filipino','Pagpapalit ng Piyesa','Pagpapalit ng sirang bahagi'),
 (163,163,'filipino','Ligtas na Logistics','Seguradong transportasyon ng kargamento'),
 (164,164,'filipino','Internasyonal na Pagpapadala','Pagpapadala sa ibang bansa'),
 (165,165,'filipino','Serbisyong Escort','May kasamang proteksiyon'),
 (166,166,'filipino','Armored Courier','Courier na may armored vehicle'),
 (167,167,'filipino','Cold Chain Transport','Transport na may kontrol sa temperatura'),
 (168,168,'filipino','Brokerage sa Hangganan','Serbisyo sa customs'),
 (169,169,'filipino','Secure Warehousing','Ligtas na imbakan'),
 (170,170,'filipino','Vault Services','Imbakan sa high-security vault'),
 (171,171,'filipino','Pamamahala ng Imbentaryo','Pagsubaybay ng stock'),
 (172,172,'filipino','Climate-controlled Storage','Imbakan na kontrolado ang klima'),
 (173,173,'filipino','Imbakan ng Ebidensya','Ligtas na imbakan ng ebidensya'),
 (174,174,'filipino','Bonded Warehousing','Customs bonded na imbakan'),
 (175,175,'filipino','Pagsasanay na Tactical','Pagsasanay sa operasyon'),
 (176,176,'filipino','Pagsasanay sa Kaligtasan','Training sa tamang paggamit'),
 (177,177,'filipino','Teknikal na Pagsasanay','Pagsasanay sa kagamitan'),
 (178,178,'filipino','Mga Kurso sa Marksmanship','Pagsasanay sa pagbaril'),
 (179,179,'filipino','Force-on-Force na Pagsasanay','Live scenario training'),
 (180,180,'filipino','Mga Programang Simulator','Virtual training'),
 (181,181,'filipino','Personal na Seguridad','Proteksiyon sa indibidwal'),
 (182,182,'filipino','Seguridad ng Pasilidad','Proteksiyon sa lugar'),
 (183,183,'filipino','Escort Protection','Proteksiyon habang naglalakbay'),
 (184,184,'filipino','Executive Protection','Proteksiyon sa VIP'),
 (185,185,'filipino','Seguridad sa Dagat','Proteksiyon sa barko'),
 (186,186,'filipino','Seguridad sa Kaganapan','Seguridad sa events'),
 (187,187,'filipino','Pagtatasa ng Panganib','Pagkilala at pagsusuri ng mga panganib sa seguridad'),
 (188,188,'filipino','Pagpaplano ng Seguridad','Pagbuo ng estratehikong balangkas ng seguridad'),
 (189,189,'filipino','Payo sa Pagsunod','Serbisyong gabay sa pagsunod sa regulasyon'),
 (190,190,'filipino','Pagsusuri ng Banta','Pagtataya ng banta batay sa intelihensiya'),
 (191,191,'filipino','Konsultasyong Regulasyon','Tulong sa pag-navigate ng mga regulasyon ng pamahalaan'),
 (192,192,'filipino','Audit sa Kahinaan','Teknikal at operasyonal na pagsusuri ng kahinaan'),
 (193,193,'filipino','Pagpapaunlad ng Produkto','Pagbuo at pagdisenyo ng mga bagong produkto'),
 (194,194,'filipino','Pananaliksik sa Larangan','Pag-aaral sa aktwal na kapaligiran ng operasyon'),
 (195,195,'filipino','Inobasyon sa Teknolohiya','Pananaliksik sa mga umuusbong na teknolohiya'),
 (196,196,'filipino','Pananaliksik sa Balistika','Pag-aaral ng galaw at epekto ng projectile'),
 (197,197,'filipino','Agham ng Materyales','Pag-aaral ng mga advanced na materyales'),
 (198,198,'filipino','R&D ng Sistemang Sandata','Pananaliksik at pagbuo ng integrated weapon systems'),
 (199,199,'filipino','Pagsubok sa Pagganap','Pagsusuri ng operasyon at performance'),
 (200,200,'filipino','Pagsubok sa Kaligtasan','Pagsusuri ng panganib at sertipikasyon ng kaligtasan'),
 (201,201,'filipino','Sertipikasyon','Serbisyo ng third-party na sertipikasyon'),
 (202,202,'filipino','Pagsubok sa Balistika','Pagsubok sa penetration at impact ng bala'),
 (203,203,'filipino','Pagsubok sa Kapaligiran','Pagsubok sa matitinding kondisyon ng kapaligiran'),
 (204,204,'filipino','Proof Testing','Pagsubok sa tibay at kapasidad ng istruktura'),
 (205,205,'filipino','Pag-decommission','Ligtas na pagretiro ng mga sandata at sistema'),
 (206,206,'filipino','Pagtatapon ng Mapanganib na Materyal','Sertipikadong pagtatapon ng hazardous materials'),
 (207,207,'filipino','Pagre-recycle','Pagbawi at muling paggamit ng materyales'),
 (208,208,'filipino','Demilitarisasyon','Pag-aalis ng kakayahang gamitin ng sandata'),
 (209,209,'filipino','Pagwasak ng Bala','Kontroladong pagsira ng mga bala'),
 (210,210,'filipino','Serbisyo ng EOD','Pagtanggal at pag-dispose ng pampasabog'),
 (211,211,'filipino','Serbisyo sa Pagsubaybay','Patuloy na pagmamanman ng lugar'),
 (212,212,'filipino','Reconnaissance','Operasyon ng pagmamanman sa lupa at himpapawid'),
 (213,213,'filipino','Pagkolekta ng Intelihensiya','Pagtipon at pagsusuri ng impormasyon'),
 (214,214,'filipino','Aerial Surveillance','Pagsubaybay gamit ang drone o eroplano'),
 (215,215,'filipino','Kontra-Pagsubaybay','Pag-detect at paghadlang sa surveillance'),
 (216,216,'filipino','Serbisyo ng SIGINT','Pagkolekta at pagsusuri ng signal intelligence'),
 (217,217,'filipino','Pribadong Kontrata','Mga kontrata sa pribadong sektor'),
 (218,218,'filipino','Kontrata ng Pamahalaan','Mga kontrata ng gobyerno'),
 (219,219,'filipino','Kontrata sa Depensa','Mga kontrata para sa militar at depensa'),
 (220,220,'filipino','Subcontracting','Trabahong ipinapasa sa ilalim ng kontrata'),
 (221,221,'filipino','Kasunduan sa Joint Venture','Pinagsamang kasunduang negosyo'),
 (222,222,'filipino','Pagkuha ng Grant','Pagkuha ng pondo at grant'),
 (223,1,'japanese','拳銃','半自動式ピストルおよびリボルバー'),
 (224,2,'japanese','ライフル','肩撃ち用の長銃身ライフル'),
 (225,3,'japanese','ショットガン','多用途の滑腔式ショットガン'),
 (226,4,'japanese','サブマシンガン','拳銃弾を使用するコンパクトな自動火器'),
 (227,5,'japanese','機関銃','完全自動の支援火器'),
 (228,6,'japanese','スナイパーライフル','長距離高精度射撃用ライフル'),
 (229,7,'japanese','カービン','短縮型ライフル'),
 (231,9,'japanese','ナイフ','固定式および折りたたみ式の戦闘ナイフ'),
 (232,10,'japanese','剣','長い刃を持つ刀剣'),
 (233,11,'japanese','ダガー','近接戦闘用の両刃短剣'),
 (234,12,'japanese','マチェーテ','切断用の重量刃物'),
 (235,13,'japanese','銃剣','ライフルに装着する刃物'),
 (236,14,'japanese','斧','戦闘用の斧'),
 (237,15,'japanese','手斧','片手用の短柄斧'),
 (238,16,'japanese','戦闘用槍','刃付きの長柄刺突武器'),
 (239,17,'japanese','ポールウェポン','長柄の刃物武器'),
 (240,18,'japanese','投げナイフ','投擲用にバランス調整されたナイフ'),
 (241,19,'japanese','バトン','直線型および伸縮式バトン'),
 (242,20,'japanese','クラブ','頑丈な打撃用棍棒'),
 (243,21,'japanese','メイス','重い打撃武器'),
 (244,22,'japanese','ウォーハンマー','戦闘用および破壊用ハンマー'),
 (245,23,'japanese','フレイル','鎖付きの打撃武器'),
 (246,24,'japanese','ヌンチャク','連結された二本の棒'),
 (247,25,'japanese','スタッフ','長い戦闘用棒'),
 (248,26,'japanese','サップ','平たい革製の打撃具'),
 (249,27,'japanese','ブラックジャック','小型で加重された打撃武器'),
 (250,28,'japanese','弓','伝統的および現代的な弓'),
 (251,29,'japanese','クロスボウ','水平構造の弓'),
 (252,30,'japanese','スリングショット','ゴム式の投石器'),
 (253,31,'japanese','槍投射器','槍を発射する装置'),
 (254,32,'japanese','吹き矢','息でダートを発射する管'),
 (255,33,'japanese','ジャベリンシステム','投擲槍システム'),
 (256,34,'japanese','空気圧ランチャー','空気圧を利用する発射装置'),
 (257,35,'japanese','手榴弾','手投げ式爆発装置'),
 (258,36,'japanese','爆弾','設置または投下される爆発物'),
 (259,37,'japanese','地雷','地面に設置される爆発物'),
 (260,38,'japanese','爆破装置','破壊用の制御爆発装置'),
 (261,39,'japanese','ロケットランチャー','肩撃ち式ロケット発射器'),
 (262,40,'japanese','迫撃砲','間接射撃用迫撃システム'),
 (263,41,'japanese','砲弾','大口径の砲兵弾'),
 (264,42,'japanese','突入用爆薬','扉や壁を破壊する爆薬'),
 (265,43,'japanese','フラッシュバン','閃光と爆音で撹乱する手榴弾'),
 (266,44,'japanese','テーザー','電気ショックを与える装置'),
 (267,45,'japanese','スタンガン','接触式ショック装置'),
 (268,46,'japanese','EMP装置','電磁パルスを発生させる装置'),
 (269,47,'japanese','ジャマー','信号妨害装置'),
 (270,48,'japanese','指向性エネルギー兵器','レーザーなどのエネルギー兵器'),
 (271,49,'japanese','音響装置','音波を利用した装置'),
 (272,50,'japanese','レーザーダズラー','視覚を妨害するレーザー装置'),
 (273,51,'japanese','催涙ガス','涙を誘発するガス装置'),
 (274,52,'japanese','煙幕剤','煙を発生させる化学剤'),
 (275,53,'japanese','焼夷化学物質','火災を引き起こす化学物質'),
 (276,54,'japanese','ペッパースプレー','個人防衛用スプレー'),
 (277,55,'japanese','エアロゾル散布装置','化学物質を拡散する装置'),
 (278,56,'japanese','暴動鎮圧剤','群衆制御用化学剤'),
 (279,57,'japanese','拡散システム','生物剤を拡散する手段'),
 (280,58,'japanese','封じ込め容器','生物材料を安全に保管する容器'),
 (281,59,'japanese','検出装置','生物脅威を検知する機器'),
 (282,60,'japanese','中和剤','脅威を中和する物質'),
 (283,61,'japanese','装甲車両','戦闘用車両'),
 (284,62,'japanese','ドローン','無人機'),
 (285,63,'japanese','海上システム','艦船搭載兵器'),
 (286,64,'japanese','航空システム','航空機搭載兵器'),
 (287,65,'japanese','対車両兵器','装甲目標対策システム'),
 (288,66,'japanese','マルウェアツール','システム侵害用ソフトウェア'),
 (289,67,'japanese','エクスプロイトキット','脆弱性攻撃用パッケージ'),
 (290,68,'japanese','ハッキングデバイス','侵入用ハードウェア'),
 (291,69,'japanese','侵入システム','ネットワーク侵入ツール'),
 (292,70,'japanese','データ窃取ツール','データを不正取得するツール'),
 (293,71,'japanese','ランサムウェアプラットフォーム','暗号化による恐喝システム'),
 (294,72,'japanese','アクセス制御装置','不正アクセスを防止する装置'),
 (295,73,'japanese','群衆制御装置','群衆管理用の機器'),
 (296,74,'japanese','非致死性兵器','致命傷を与えない武器'),
 (297,75,'japanese','抑止システム','脅威を抑止するシステム'),
 (298,76,'japanese','拘束具','手錠などの拘束用装置'),
 (299,77,'japanese','弾薬','様々な口径の弾丸'),
 (300,78,'japanese','シェル','ショットガンや砲用弾薬'),
 (301,79,'japanese','カートリッジ','使用準備が整った弾薬'),
 (302,80,'japanese','エネルギーセル','武器用エネルギー源'),
 (303,81,'japanese','プライマー','発火用部品'),
 (304,82,'japanese','推進薬','弾丸を発射する火薬'),
 (305,83,'japanese','特殊弾薬','特定用途向け弾薬'),
 (306,84,'japanese','ケースレス弾薬','薬莢を持たない弾薬'),
 (307,85,'japanese','ヘルメット','弾丸や衝撃から頭部を保護'),
 (308,86,'japanese','ボディアーマー','身体用防護装備'),
 (309,87,'japanese','シールド','弾丸や暴動からの防御盾'),
 (310,88,'japanese','防護スーツ','全身を保護する装備'),
 (311,89,'japanese','防弾ゴーグル','衝撃から目を保護'),
 (312,90,'japanese','聴覚保護具','騒音や爆発から保護'),
 (313,91,'japanese','ガスマスク','化学物質から呼吸を保護'),
 (314,92,'japanese','爆発対策装備','爆発の衝撃を軽減する装備'),
 (315,93,'japanese','携行装備','装備を運ぶためのベストやハーネス'),
 (316,94,'japanese','ホルスター','銃を携行するケース'),
 (317,95,'japanese','ユーティリティベルト','装備用ベルト'),
 (318,96,'japanese','フィールドキット','任務用装備セット'),
 (319,97,'japanese','チェストリグ','胸部装着装備'),
 (320,98,'japanese','プレートキャリア','防弾プレート用装備'),
 (321,99,'japanese','ドロップレッグプラットフォーム','太もも装着装備'),
 (322,100,'japanese','モジュラーポーチ','拡張可能な装備ポーチ'),
 (323,101,'japanese','サプレッサー','発射音を低減する装置'),
 (324,102,'japanese','グリップ','操作性向上のための握り'),
 (325,103,'japanese','レーザーサイト','照準用レーザー'),
 (326,104,'japanese','フォアグリップ','前部装着の握り'),
 (327,105,'japanese','バイポッド','二脚支持装置'),
 (328,106,'japanese','マズルブレーキ','反動を軽減する装置'),
 (329,107,'japanese','フラッシュライト','装着型ライト'),
 (330,108,'japanese','銃剣マウント','銃剣取り付け装置'),
 (331,109,'japanese','クリーニングキット','武器清掃用セット'),
 (332,110,'japanese','修理工具','修理用ツール'),
 (333,111,'japanese','潤滑剤','メンテナンス用オイルやグリース'),
 (334,112,'japanese','ボアスネーク','銃身清掃用ツール'),
 (335,113,'japanese','アーマラーツール','専門整備工具'),
 (336,114,'japanese','パーツキット','交換用部品セット'),
 (337,115,'japanese','ソルベントトラップ','洗浄用溶剤容器'),
 (338,116,'japanese','セーフ','施錠可能な保管庫'),
 (339,117,'japanese','ケース','ハードまたはソフトケース'),
 (340,118,'japanese','ロッカー','複数装備の保管庫'),
 (341,119,'japanese','弾薬箱','金属製弾薬容器'),
 (342,120,'japanese','武器ラック','武器保管ラック'),
 (343,121,'japanese','隠し収納家具','隠し収納付き家具'),
 (344,122,'japanese','輸送ケース','輸送用耐久ケース'),
 (345,123,'japanese','無線機','携帯型および戦術無線'),
 (346,124,'japanese','信号装置','通信信号用機器'),
 (347,125,'japanese','暗号化装置','通信を暗号化する装置'),
 (348,126,'japanese','イヤーピース','小型音声デバイス'),
 (349,127,'japanese','戦術ヘッドセット','通信機能付きヘッドセット'),
 (350,128,'japanese','衛星通信装置','衛星通信デバイス'),
 (351,129,'japanese','隠密通信装置','秘匿通信機器'),
 (352,130,'japanese','救急キット','応急処置用装備'),
 (353,131,'japanese','非常食','緊急用食料'),
 (354,132,'japanese','浄水装置','水の浄化システム'),
 (355,133,'japanese','ナビゲーション装置','コンパスやGPS'),
 (356,134,'japanese','緊急シェルター','一時避難用施設'),
 (357,135,'japanese','火起こし装置','火を起こす器具'),
 (358,136,'japanese','マルチツール','多機能工具'),
 (359,137,'japanese','止血帯','出血を止める器具'),
 (360,138,'japanese','シミュレーター','訓練用機器'),
 (361,139,'japanese','ダミー装備','訓練用レプリカ'),
 (362,140,'japanese','ターゲット','射撃標的'),
 (363,141,'japanese','訓練マニュアル','訓練用資料'),
 (364,142,'japanese','ブルーガン','樹脂製銃レプリカ'),
 (365,143,'japanese','フォースオンフォース装備','模擬戦用装備'),
 (366,144,'japanese','リコイルトレーナー','反動再現装置'),
 (367,145,'japanese','量産','大規模生産'),
 (368,146,'japanese','カスタム製造','特注製造'),
 (369,147,'japanese','試作','プロトタイプ開発'),
 (370,148,'japanese','OEM生産','OEM製造'),
 (371,149,'japanese','受託製造','契約製造'),
 (372,150,'japanese','部品供給','パーツ供給'),
 (373,151,'japanese','武器改造','武器のカスタマイズ'),
 (374,152,'japanese','装備カスタマイズ','ギアの個別調整'),
 (375,153,'japanese','彫刻','金属への刻印'),
 (376,154,'japanese','セラコート','防錆コーティング'),
 (377,155,'japanese','ストック調整','銃床の調整'),
 (378,156,'japanese','トリガー調整','トリガーの調整'),
 (379,157,'japanese','修理サービス','武器の修理'),
 (380,158,'japanese','点検','安全検査'),
 (381,159,'japanese','再整備','機器の再生'),
 (382,160,'japanese','予防保守','定期メンテナンス'),
 (383,161,'japanese','オーバーホール','全面再構築'),
 (384,162,'japanese','部品交換','故障部品の交換'),
 (385,163,'japanese','安全物流','安全な輸送サービス'),
 (386,164,'japanese','国際輸送','海外配送'),
 (387,165,'japanese','護衛サービス','警護付き輸送'),
 (388,166,'japanese','装甲輸送','装甲車による配送'),
 (389,167,'japanese','コールドチェーン輸送','温度管理輸送'),
 (390,168,'japanese','通関サービス','税関手続き支援'),
 (391,169,'japanese','安全倉庫保管','安全な保管サービス'),
 (392,170,'japanese','金庫保管','高セキュリティ保管'),
 (393,171,'japanese','在庫管理','在庫追跡サービス'),
 (394,172,'japanese','温度管理保管','気候制御保管'),
 (395,173,'japanese','証拠保管','証拠品の安全保管'),
 (396,174,'japanese','保税倉庫','通関保税倉庫'),
 (397,175,'japanese','戦術訓練','作戦訓練'),
 (398,176,'japanese','安全訓練','安全使用訓練'),
 (399,177,'japanese','技術訓練','機器操作訓練'),
 (400,178,'japanese','射撃訓練','射撃技能訓練'),
 (401,179,'japanese','フォースオンフォース訓練','実戦形式訓練'),
 (402,180,'japanese','シミュレーター訓練','仮想訓練'),
 (403,181,'japanese','個人警備','個人保護サービス'),
 (404,182,'japanese','施設警備','施設防護'),
 (405,183,'japanese','護衛警備','移動中の保護'),
 (406,184,'japanese','要人警護','VIP保護'),
 (407,185,'japanese','海上警備','船舶保護'),
 (408,186,'japanese','イベント警備','イベント安全管理'),
 (409,187,'japanese','リスク評価','安全リスクの分析'),
 (410,188,'japanese','セキュリティ計画','戦略的セキュリティ設計'),
 (411,189,'japanese','コンプライアンス助言','規制遵守支援'),
 (412,190,'japanese','脅威分析','情報に基づく脅威評価'),
 (413,191,'japanese','規制コンサルティング','法規制対応支援'),
 (414,192,'japanese','脆弱性監査','技術的および運用上の評価'),
 (415,193,'japanese','製品開発','新製品設計と開発'),
 (416,194,'japanese','現地調査','現場環境での研究'),
 (417,195,'japanese','技術革新','新技術の研究'),
 (418,196,'japanese','弾道研究','弾丸の挙動研究'),
 (419,197,'japanese','材料科学','先端材料研究'),
 (420,198,'japanese','兵器システム研究開発','統合兵器の研究開発'),
 (421,199,'japanese','性能試験','性能評価'),
 (422,200,'japanese','安全試験','安全認証試験'),
 (423,201,'japanese','認証','第三者認証サービス'),
 (424,202,'japanese','弾道試験','貫通力と衝撃評価'),
 (425,203,'japanese','環境試験','過酷環境での試験'),
 (426,204,'japanese','耐久試験','構造強度試験'),
 (427,205,'japanese','廃止措置','安全な武器退役'),
 (428,206,'japanese','危険物処理','有害物質の処理'),
 (429,207,'japanese','リサイクル','資源再利用'),
 (430,208,'japanese','非軍事化','武器機能の除去'),
 (431,209,'japanese','弾薬処分','弾薬の安全破壊'),
 (432,210,'japanese','EODサービス','爆発物処理'),
 (433,211,'japanese','監視サービス','継続的監視'),
 (434,212,'japanese','偵察','地上および空中監視'),
 (435,213,'japanese','情報収集','情報分析と収集'),
 (436,214,'japanese','航空監視','ドローンや航空機による監視'),
 (437,215,'japanese','対監視','監視の検知と妨害'),
 (438,216,'japanese','SIGINTサービス','信号情報の収集と分析'),
 (439,217,'japanese','民間契約','民間部門契約'),
 (440,218,'japanese','政府契約','政府向け契約'),
 (441,219,'japanese','防衛契約','軍事・防衛契約'),
 (442,220,'japanese','下請け契約','サブコントラクト業務'),
 (443,221,'japanese','合弁契約','共同事業契約'),
 (444,222,'japanese','助成金取得','資金および助成金の確保'),
 (445,1,'spanish','Armas cortas','Pistolas semiautomáticas y revólveres'),
 (446,2,'spanish','Rifles','Rifles largos disparados desde el hombro'),
 (447,3,'spanish','Escopetas','Escopetas de ánima lisa para diversos usos'),
 (448,4,'spanish','Subfusiles','Armas automáticas compactas que usan munición de pistola'),
 (449,5,'spanish','Ametralladoras','Armas de apoyo totalmente automáticas'),
 (450,6,'spanish','Rifles de francotirador','Rifles de alta precisión y largo alcance'),
 (451,7,'spanish','Carabinas','Versiones más cortas de rifles'),
 (453,9,'spanish','Cuchillos','Cuchillos de combate fijos y plegables'),
 (454,10,'spanish','Espadas','Armas de hoja larga'),
 (455,11,'spanish','Dagas','Armas de doble filo para combate cercano'),
 (456,12,'spanish','Machetes','Hojas pesadas para corte'),
 (457,13,'spanish','Bayonetas','Hojas que se montan en rifles'),
 (458,14,'spanish','Hachas','Hachas de combate'),
 (459,15,'spanish','Hachas pequeñas','Hachas de una mano'),
 (460,16,'spanish','Lanzas de combate','Armas largas de punta'),
 (461,17,'spanish','Armas de asta','Armas largas con hoja'),
 (462,18,'spanish','Cuchillos arrojadizos','Cuchillos balanceados para lanzar'),
 (463,19,'spanish','Bastones','Bastones rectos y extensibles'),
 (464,20,'spanish','Garrotes','Armas contundentes resistentes'),
 (465,21,'spanish','Mazas','Armas contundentes pesadas'),
 (466,22,'spanish','Martillos','Martillos de combate y demolición'),
 (467,23,'spanish','Mayales','Armas con cadena y bola'),
 (468,24,'spanish','Nunchakus','Dos palos conectados'),
 (469,25,'spanish','Bastones largos','Armas largas de golpe'),
 (470,26,'spanish','Saps','Armas planas de cuero'),
 (471,27,'spanish','Blackjacks','Pequeñas armas contundentes con peso'),
 (472,28,'spanish','Arcos','Arcos tradicionales y modernos'),
 (473,29,'spanish','Ballestas','Arcos de diseño horizontal'),
 (474,30,'spanish','Tirachinas','Lanzadores con banda elástica'),
 (475,31,'spanish','Lanzadores de lanza','Dispositivos para lanzar lanzas'),
 (476,32,'spanish','Cerbatanas','Tubos para disparar dardos'),
 (477,33,'spanish','Sistemas de jabalina','Sistemas de lanzamiento de jabalina'),
 (478,34,'spanish','Lanzadores neumáticos','Dispositivos que usan presión de aire'),
 (479,35,'spanish','Granadas','Explosivos lanzados a mano'),
 (480,36,'spanish','Bombas','Explosivos colocados o lanzados'),
 (481,37,'spanish','Minas','Explosivos colocados en el suelo'),
 (482,38,'spanish','Cargas de demolición','Explosivos controlados para destrucción'),
 (483,39,'spanish','Lanzacohetes','Armas de hombro que disparan cohetes'),
 (484,40,'spanish','Morteros','Sistemas de fuego indirecto'),
 (485,41,'spanish','Munición de artillería','Proyectiles de gran calibre'),
 (486,42,'spanish','Cargas de brecha','Explosivos para abrir entradas'),
 (487,43,'spanish','Granadas aturdidoras','Granadas de luz y sonido'),
 (488,44,'spanish','Taser','Dispositivos que aplican descarga eléctrica'),
 (489,45,'spanish','Pistolas eléctricas','Dispositivos de choque por contacto'),
 (490,46,'spanish','Dispositivos EMP','Generadores de pulso electromagnético'),
 (491,47,'spanish','Inhibidores','Dispositivos que bloquean señales'),
 (492,48,'spanish','Armas de energía dirigida','Armas como láser'),
 (493,49,'spanish','Dispositivos sónicos','Equipos que usan sonido'),
 (494,50,'spanish','Deslumbradores láser','Láseres para desorientar'),
 (495,51,'spanish','Gas lacrimógeno','Sistemas que liberan gas irritante'),
 (496,52,'spanish','Agentes de humo','Químicos que generan humo'),
 (497,53,'spanish','Agentes incendiarios','Químicos que provocan fuego'),
 (498,54,'spanish','Gas pimienta','Spray de defensa personal'),
 (499,55,'spanish','Dispersores en aerosol','Sistemas de dispersión química'),
 (500,56,'spanish','Agentes antidisturbios','Químicos para control de masas'),
 (501,57,'spanish','Sistemas de dispersión','Métodos para dispersar agentes biológicos'),
 (502,58,'spanish','Contenedores de contención','Recipientes seguros para material biológico'),
 (503,59,'spanish','Equipos de detección','Herramientas para detectar amenazas'),
 (504,60,'spanish','Agentes neutralizantes','Sustancias que neutralizan amenazas'),
 (505,61,'spanish','Vehículos blindados','Vehículos de combate'),
 (506,62,'spanish','Drones','Vehículos no tripulados'),
 (507,63,'spanish','Sistemas navales','Armas montadas en barcos'),
 (508,64,'spanish','Sistemas aéreos','Armas montadas en aeronaves'),
 (509,65,'spanish','Armas antivehículo','Sistemas contra objetivos blindados'),
 (510,66,'spanish','Herramientas de malware','Software para comprometer sistemas'),
 (511,67,'spanish','Kits de exploit','Paquetes de ataque de vulnerabilidades'),
 (512,68,'spanish','Dispositivos de hacking','Hardware para intrusión'),
 (513,69,'spanish','Sistemas de intrusión','Herramientas de acceso a redes'),
 (514,70,'spanish','Herramientas de extracción de datos','Herramientas para robar datos'),
 (515,71,'spanish','Plataformas de ransomware','Sistemas de extorsión por cifrado'),
 (516,72,'spanish','Control de acceso','Dispositivos contra acceso no autorizado'),
 (517,73,'spanish','Control de multitudes','Equipos para gestión de multitudes'),
 (518,74,'spanish','Armas no letales','Armas que no causan muerte'),
 (519,75,'spanish','Sistemas de disuasión','Sistemas para prevenir amenazas'),
 (520,76,'spanish','Dispositivos de restricción','Esposas y herramientas similares'),
 (521,77,'spanish','Munición','Proyectiles de varios calibres'),
 (522,78,'spanish','Cartuchos','Munición para escopetas y artillería'),
 (523,79,'spanish','Cartuchos completos','Munición lista para usar'),
 (524,80,'spanish','Celdas de energía','Fuentes de energía para armas'),
 (525,81,'spanish','Fulminantes','Componentes de ignición'),
 (526,82,'spanish','Propelentes','Pólvora para impulsar proyectiles'),
 (527,83,'spanish','Munición especial','Munición para usos específicos'),
 (528,84,'spanish','Munición sin casquillo','Munición sin carcasa tradicional'),
 (529,85,'spanish','Cascos','Protección contra impactos y balas'),
 (530,86,'spanish','Armadura corporal','Protección del cuerpo'),
 (531,87,'spanish','Escudos','Protección contra impactos'),
 (532,88,'spanish','Trajes protectores','Protección completa del cuerpo'),
 (533,89,'spanish','Gafas balísticas','Protección ocular'),
 (534,90,'spanish','Protección auditiva','Protección contra ruido'),
 (535,91,'spanish','Máscaras de gas','Protección respiratoria'),
 (536,92,'spanish','Equipos anti explosión','Protección contra explosiones'),
 (537,93,'spanish','Equipo de carga','Chalecos y arneses'),
 (538,94,'spanish','Fundas','Porta armas'),
 (539,95,'spanish','Cinturones tácticos','Cinturones con compartimentos'),
 (540,96,'spanish','Kits de campo','Equipos listos para misión'),
 (541,97,'spanish','Chalecos de pecho','Equipo montado en pecho'),
 (542,98,'spanish','Porta placas','Soporte de placas balísticas'),
 (543,99,'spanish','Plataformas de pierna','Equipo montado en pierna'),
 (544,100,'spanish','Bolsas modulares','Bolsas adaptables'),
 (545,101,'spanish','Supresores','Dispositivos para reducir sonido'),
 (546,102,'spanish','Empuñaduras','Mejoran el control'),
 (547,103,'spanish','Miras láser','Dispositivos de puntería'),
 (548,104,'spanish','Empuñaduras frontales','Soporte frontal'),
 (549,105,'spanish','Bípodes','Soporte de dos patas'),
 (550,106,'spanish','Frenos de boca','Reducen retroceso'),
 (551,107,'spanish','Linternas','Luces montadas'),
 (552,108,'spanish','Monturas de bayoneta','Soportes para bayoneta'),
 (553,109,'spanish','Kits de limpieza','Herramientas de limpieza'),
 (554,110,'spanish','Herramientas de reparación','Equipos de reparación'),
 (555,111,'spanish','Lubricantes','Aceites y grasas'),
 (556,112,'spanish','Bore snake','Limpiadores de cañón'),
 (557,113,'spanish','Herramientas de armero','Herramientas especializadas'),
 (558,114,'spanish','Kits de piezas','Piezas de repuesto'),
 (559,115,'spanish','Trampas de solvente','Contenedores químicos'),
 (560,116,'spanish','Cajas fuertes','Almacenamiento seguro'),
 (561,117,'spanish','Estuches','Contenedores rígidos o blandos'),
 (562,118,'spanish','Casilleros','Almacenamiento múltiple'),
 (563,119,'spanish','Cajas de munición','Contenedores metálicos'),
 (564,120,'spanish','Racks de armas','Soportes de armas'),
 (565,121,'spanish','Muebles ocultos','Muebles con compartimentos'),
 (566,122,'spanish','Contenedores de transporte','Contenedores resistentes'),
 (567,123,'spanish','Radios','Radios tácticos'),
 (568,124,'spanish','Dispositivos de señal','Herramientas de señalización'),
 (569,125,'spanish','Unidades de cifrado','Protección de comunicación'),
 (570,126,'spanish','Auriculares','Dispositivos de audio'),
 (571,127,'spanish','Headsets tácticos','Comunicación integrada'),
 (572,128,'spanish','Comunicadores satelitales','Comunicación por satélite'),
 (573,129,'spanish','Dispositivos encubiertos','Comunicación oculta'),
 (574,130,'spanish','Kits de primeros auxilios','Atención médica básica'),
 (575,131,'spanish','Raciones','Comida de emergencia'),
 (576,132,'spanish','Purificación de agua','Sistemas de limpieza de agua'),
 (577,133,'spanish','Navegación','Brújulas y GPS'),
 (578,134,'spanish','Refugios de emergencia','Alojamientos temporales'),
 (579,135,'spanish','Encendido de fuego','Herramientas de fuego'),
 (580,136,'spanish','Multiherramientas','Herramientas múltiples'),
 (581,137,'spanish','Torniquetes','Control de hemorragias'),
 (582,138,'spanish','Simuladores','Entrenamiento virtual'),
 (583,139,'spanish','Equipo dummy','Réplicas de práctica'),
 (584,140,'spanish','Blancos','Objetivos de tiro'),
 (585,141,'spanish','Manuales','Guías de entrenamiento'),
 (586,142,'spanish','Armas de entrenamiento','Réplicas seguras'),
 (587,143,'spanish','Equipo force-on-force','Simulación de combate'),
 (588,144,'spanish','Entrenadores de retroceso','Simulación de disparo'),
 (589,145,'spanish','Producción masiva','Fabricación a gran escala'),
 (590,146,'spanish','Fabricación personalizada','Producción a medida'),
 (591,147,'spanish','Prototipado','Desarrollo de prototipos'),
 (592,148,'spanish','Producción OEM','Fabricación OEM'),
 (593,149,'spanish','Fabricación por contrato','Producción tercerizada'),
 (594,150,'spanish','Suministro de piezas','Distribución de componentes'),
 (595,151,'spanish','Modificación de armas','Personalización de armas'),
 (596,152,'spanish','Personalización de equipo','Ajustes individuales'),
 (597,153,'spanish','Grabado','Marcado en metal'),
 (598,154,'spanish','Cerakote','Recubrimiento protector'),
 (599,155,'spanish','Ajuste de culata','Adaptación de rifle'),
 (600,156,'spanish','Ajuste de gatillo','Optimización del disparador'),
 (601,157,'spanish','Servicios de reparación','Reparación de equipos'),
 (602,158,'spanish','Inspección','Verificación de seguridad'),
 (603,159,'spanish','Reacondicionamiento','Restauración'),
 (604,160,'spanish','Mantenimiento preventivo','Mantenimiento regular'),
 (605,161,'spanish','Revisión completa','Reensamblaje total'),
 (606,162,'spanish','Reemplazo de piezas','Cambio de componentes'),
 (607,163,'spanish','Logística segura','Transporte protegido'),
 (608,164,'spanish','Envío internacional','Transporte global'),
 (609,165,'spanish','Servicios de escolta','Protección en tránsito'),
 (610,166,'spanish','Courier blindado','Entrega con protección'),
 (611,167,'spanish','Cadena de frío','Transporte controlado'),
 (612,168,'spanish','Gestión aduanera','Servicios de aduana'),
 (613,169,'spanish','Almacenamiento seguro','Depósito protegido'),
 (614,170,'spanish','Servicios de bóveda','Alta seguridad'),
 (615,171,'spanish','Gestión de inventario','Control de stock'),
 (616,172,'spanish','Almacenamiento climatizado','Control ambiental'),
 (617,173,'spanish','Almacenamiento de evidencia','Custodia segura'),
 (618,174,'spanish','Almacenamiento aduanero','Depósito fiscal'),
 (619,175,'spanish','Entrenamiento táctico','Capacitación operativa'),
 (620,176,'spanish','Entrenamiento de seguridad','Uso seguro'),
 (621,177,'spanish','Entrenamiento técnico','Uso de equipos'),
 (622,178,'spanish','Cursos de tiro','Precisión'),
 (623,179,'spanish','Entrenamiento force-on-force','Simulación realista'),
 (624,180,'spanish','Programas de simulador','Entrenamiento virtual'),
 (625,181,'spanish','Seguridad personal','Protección individual'),
 (626,182,'spanish','Seguridad de instalaciones','Protección de sitios'),
 (627,183,'spanish','Protección de escolta','Seguridad en movimiento'),
 (628,184,'spanish','Protección ejecutiva','Seguridad VIP'),
 (629,185,'spanish','Seguridad marítima','Protección naval'),
 (630,186,'spanish','Seguridad de eventos','Protección en eventos'),
 (631,187,'spanish','Evaluación de riesgos','Análisis de amenazas'),
 (632,188,'spanish','Planificación de seguridad','Estrategia de seguridad'),
 (633,189,'spanish','Asesoría de cumplimiento','Regulación'),
 (634,190,'spanish','Análisis de amenazas','Evaluación basada en inteligencia'),
 (635,191,'spanish','Consultoría regulatoria','Normativas gubernamentales'),
 (636,192,'spanish','Auditoría de vulnerabilidades','Evaluación técnica'),
 (637,193,'spanish','Desarrollo de productos','Diseño de nuevos productos'),
 (638,194,'spanish','Investigación de campo','Estudios en entorno real'),
 (639,195,'spanish','Innovación tecnológica','Tecnologías emergentes'),
 (640,196,'spanish','Investigación balística','Estudio de proyectiles'),
 (641,197,'spanish','Ciencia de materiales','Materiales avanzados'),
 (642,198,'spanish','I+D de sistemas de armas','Desarrollo integrado'),
 (643,199,'spanish','Pruebas de rendimiento','Evaluación operativa'),
 (644,200,'spanish','Pruebas de seguridad','Certificación'),
 (645,201,'spanish','Certificación','Validación externa'),
 (646,202,'spanish','Pruebas balísticas','Impacto y penetración'),
 (647,203,'spanish','Pruebas ambientales','Condiciones extremas'),
 (648,204,'spanish','Pruebas de resistencia','Durabilidad estructural'),
 (649,205,'spanish','Desmantelamiento','Retiro seguro'),
 (650,206,'spanish','Eliminación de materiales peligrosos','Gestión certificada'),
 (651,207,'spanish','Reciclaje','Reutilización'),
 (652,208,'spanish','Desmilitarización','Neutralización de armas'),
 (653,209,'spanish','Destrucción de munición','Eliminación controlada'),
 (654,210,'spanish','Servicios EOD','Eliminación de explosivos'),
 (655,211,'spanish','Servicios de vigilancia','Monitoreo continuo'),
 (656,212,'spanish','Reconocimiento','Observación táctica'),
 (657,213,'spanish','Inteligencia','Recolección de datos'),
 (658,214,'spanish','Vigilancia aérea','Uso de drones'),
 (659,215,'spanish','Contra vigilancia','Detección de espionaje'),
 (660,216,'spanish','Servicios SIGINT','Inteligencia de señales'),
 (661,217,'spanish','Contratos privados','Sector privado'),
 (662,218,'spanish','Contratos gubernamentales','Sector público'),
 (663,219,'spanish','Contratos de defensa','Militar'),
 (664,220,'spanish','Subcontratación','Trabajo delegado'),
 (665,221,'spanish','Joint venture','Asociaciones'),
 (666,222,'spanish','Obtención de subvenciones','Financiamiento y ayudas'),
 (667,1,'mandarin','手枪','半自动手枪和左轮手枪'),
 (668,2,'mandarin','步枪','从肩部射击的长枪管步枪'),
 (669,3,'mandarin','霰弹枪','用于多种用途的滑膛霰弹枪'),
 (670,4,'mandarin','冲锋枪','使用手枪弹的紧凑型自动武器'),
 (671,5,'mandarin','机枪','全自动支援武器'),
 (672,6,'mandarin','狙击步枪','远程高精度步枪'),
 (673,7,'mandarin','卡宾枪','较短型步枪'),
 (675,9,'mandarin','刀具','固定式和折叠式战斗刀'),
 (676,10,'mandarin','剑','长刃武器'),
 (677,11,'mandarin','匕首','近战用双刃武器'),
 (678,12,'mandarin','砍刀','用于切割的重型刀具'),
 (679,13,'mandarin','刺刀','安装在步枪上的刀具'),
 (680,14,'mandarin','战斧','战斗用斧头'),
 (681,15,'mandarin','手斧','单手短柄斧'),
 (682,16,'mandarin','战斗长矛','带刃的刺击武器'),
 (683,17,'mandarin','长柄武器','长柄带刃武器'),
 (684,18,'mandarin','投掷刀','平衡用于投掷的刀具'),
 (685,19,'mandarin','警棍','直式和伸缩警棍'),
 (686,20,'mandarin','棍棒','坚固的打击武器'),
 (687,21,'mandarin','钉头锤','重型打击武器'),
 (688,22,'mandarin','战锤','战斗和破坏用锤'),
 (689,23,'mandarin','链枷','带链条的打击武器'),
 (690,24,'mandarin','双节棍','两节连接的棍棒'),
 (691,25,'mandarin','长棍','长型打击武器'),
 (692,26,'mandarin','皮制短棍','扁平皮制打击工具'),
 (693,27,'mandarin','加重短棍','小型加重打击武器'),
 (694,28,'mandarin','弓','传统和现代弓'),
 (695,29,'mandarin','弩','水平结构弓'),
 (696,30,'mandarin','弹弓','橡皮筋投射器'),
 (697,31,'mandarin','长矛发射器','发射长矛的装置'),
 (698,32,'mandarin','吹箭筒','用气吹射飞镖的管'),
 (699,33,'mandarin','标枪系统','投掷标枪系统'),
 (700,34,'mandarin','气动发射器','利用空气压力的发射装置'),
 (701,35,'mandarin','手榴弹','手投爆炸装置'),
 (702,36,'mandarin','炸弹','放置或投放的爆炸物'),
 (703,37,'mandarin','地雷','埋设在地面的爆炸物'),
 (704,38,'mandarin','爆破装置','用于破坏的控制爆炸'),
 (705,39,'mandarin','火箭发射器','肩射式火箭武器'),
 (706,40,'mandarin','迫击炮','间接射击系统'),
 (707,41,'mandarin','炮弹','大口径弹药'),
 (708,42,'mandarin','破门爆破装置','用于破门或破墙的爆炸物'),
 (709,43,'mandarin','震撼弹','闪光与爆音干扰装置'),
 (710,44,'mandarin','电击枪','释放电流的装置'),
 (711,45,'mandarin','电击器','接触式电击设备'),
 (712,46,'mandarin','EMP装置','电磁脉冲发生器'),
 (713,47,'mandarin','信号干扰器','阻断信号的设备'),
 (714,48,'mandarin','定向能武器','如激光等能量武器'),
 (715,49,'mandarin','声波装置','利用声音的设备'),
 (716,50,'mandarin','激光致盲器','用于致盲的激光设备'),
 (717,51,'mandarin','催泪瓦斯','释放刺激性气体的系统'),
 (718,52,'mandarin','烟雾剂','产生烟雾的化学品'),
 (719,53,'mandarin','燃烧化学品','引发火焰的化学物质'),
 (720,54,'mandarin','辣椒喷雾','个人防御喷雾'),
 (721,55,'mandarin','气溶胶分散器','扩散化学物质的系统'),
 (722,56,'mandarin','防暴剂','用于人群控制的化学剂'),
 (723,57,'mandarin','传播系统','扩散生物制剂的方法'),
 (724,58,'mandarin','密封容器','安全存储生物材料'),
 (725,59,'mandarin','检测设备','检测生物威胁的工具'),
 (726,60,'mandarin','中和剂','中和威胁的物质'),
 (727,61,'mandarin','装甲车辆','战斗车辆'),
 (728,62,'mandarin','无人机','无人驾驶飞行器'),
 (729,63,'mandarin','海军系统','舰载武器'),
 (730,64,'mandarin','航空系统','机载武器'),
 (731,65,'mandarin','反车辆武器','针对装甲目标的系统'),
 (732,66,'mandarin','恶意软件工具','用于入侵系统的软件'),
 (733,67,'mandarin','漏洞利用工具包','攻击漏洞的软件包'),
 (734,68,'mandarin','黑客设备','用于网络入侵的硬件'),
 (735,69,'mandarin','入侵系统','进入网络的工具'),
 (736,70,'mandarin','数据窃取工具','非法获取数据的工具'),
 (737,71,'mandarin','勒索软件平台','通过加密进行勒索的系统'),
 (738,72,'mandarin','访问控制设备','防止未经授权访问'),
 (739,73,'mandarin','人群控制设备','用于人群管理'),
 (740,74,'mandarin','非致命武器','不会致命的武器'),
 (741,75,'mandarin','威慑系统','防止威胁的系统'),
 (742,76,'mandarin','约束装置','手铐等限制工具'),
 (743,77,'mandarin','弹药','各种口径的弹丸'),
 (744,78,'mandarin','弹壳','霰弹枪和炮弹'),
 (745,79,'mandarin','完整弹药','可直接使用的弹药'),
 (746,80,'mandarin','能量电池','武器能源'),
 (747,81,'mandarin','底火','点火组件'),
 (748,82,'mandarin','推进剂','推动弹丸的火药'),
 (749,83,'mandarin','特殊弹药','特定用途弹药'),
 (750,84,'mandarin','无壳弹药','无传统弹壳的弹药'),
 (751,85,'mandarin','头盔','保护头部免受冲击'),
 (752,86,'mandarin','防弹衣','身体防护装备'),
 (753,87,'mandarin','盾牌','防御冲击和攻击'),
 (754,88,'mandarin','防护服','全身防护装备'),
 (755,89,'mandarin','防护眼镜','保护眼睛'),
 (756,90,'mandarin','听力保护','防止噪音损伤'),
 (757,91,'mandarin','防毒面具','呼吸防护'),
 (758,92,'mandarin','防爆装备','减轻爆炸影响'),
 (759,93,'mandarin','携行装备','背负设备'),
 (760,94,'mandarin','枪套','携带武器的套'),
 (761,95,'mandarin','战术腰带','带有储物功能'),
 (762,96,'mandarin','野战套件','任务装备'),
 (763,97,'mandarin','胸挂','胸部装备'),
 (764,98,'mandarin','插板背心','防弹板载具'),
 (765,99,'mandarin','腿部平台','腿部装备'),
 (766,100,'mandarin','模块化包','可扩展装备袋'),
 (767,101,'mandarin','消音器','降低射击声音'),
 (768,102,'mandarin','握把','提升控制'),
 (769,103,'mandarin','激光瞄准器','瞄准装置'),
 (770,104,'mandarin','前握把','前部支撑'),
 (771,105,'mandarin','两脚架','双支撑装置'),
 (772,106,'mandarin','枪口制退器','减少后坐力'),
 (773,107,'mandarin','手电筒','安装照明'),
 (774,108,'mandarin','刺刀接口','刺刀安装装置'),
 (775,109,'mandarin','清洁套件','武器清洁工具'),
 (776,110,'mandarin','维修工具','修理设备'),
 (777,111,'mandarin','润滑剂','油脂与润滑'),
 (778,112,'mandarin','枪管清洁绳','清洁枪管'),
 (779,113,'mandarin','枪匠工具','专业工具'),
 (780,114,'mandarin','零件套件','替换部件'),
 (781,115,'mandarin','溶剂收集器','清洁液容器'),
 (782,116,'mandarin','保险箱','安全存储'),
 (783,117,'mandarin','箱子','硬质或软质容器'),
 (784,118,'mandarin','储物柜','多设备存储'),
 (785,119,'mandarin','弹药箱','金属容器'),
 (786,120,'mandarin','武器架','存放武器'),
 (787,121,'mandarin','隐藏家具','带隐藏空间的家具'),
 (788,122,'mandarin','运输箱','耐用运输容器'),
 (789,123,'mandarin','无线电','通信设备'),
 (790,124,'mandarin','信号设备','发送信号'),
 (791,125,'mandarin','加密设备','保护通信'),
 (792,126,'mandarin','耳机','音频设备'),
 (793,127,'mandarin','战术耳机','通信耳机'),
 (794,128,'mandarin','卫星通信器','卫星设备'),
 (795,129,'mandarin','隐蔽设备','秘密通信'),
 (796,130,'mandarin','急救包','基础医疗'),
 (797,131,'mandarin','口粮','紧急食物'),
 (798,132,'mandarin','净水设备','水处理'),
 (799,133,'mandarin','导航设备','指南针和GPS'),
 (800,134,'mandarin','紧急避难所','临时住所'),
 (801,135,'mandarin','生火工具','点火设备'),
 (802,136,'mandarin','多功能工具','多用途设备'),
 (803,137,'mandarin','止血带','控制出血'),
 (804,138,'mandarin','模拟器','训练设备'),
 (805,139,'mandarin','仿真设备','训练复制品'),
 (806,140,'mandarin','靶标','射击目标'),
 (807,141,'mandarin','训练手册','教学资料'),
 (808,142,'mandarin','训练用枪','安全复制品'),
 (809,143,'mandarin','对抗训练装备','模拟战斗'),
 (810,144,'mandarin','后坐力训练器','模拟射击'),
 (811,145,'mandarin','大规模生产','批量制造'),
 (812,146,'mandarin','定制制造','按需生产'),
 (813,147,'mandarin','原型开发','原型制作'),
 (814,148,'mandarin','OEM生产','代工生产'),
 (815,149,'mandarin','合同制造','外包生产'),
 (816,150,'mandarin','零件供应','部件提供'),
 (817,151,'mandarin','武器改装','武器定制'),
 (818,152,'mandarin','装备定制','个性调整'),
 (819,153,'mandarin','雕刻','金属刻字'),
 (820,154,'mandarin','陶瓷涂层','防腐涂层'),
 (821,155,'mandarin','枪托调整','适配枪托'),
 (822,156,'mandarin','扳机调节','优化触发'),
 (823,157,'mandarin','维修服务','设备修理'),
 (824,158,'mandarin','检查','安全检测'),
 (825,159,'mandarin','翻新','恢复性能'),
 (826,160,'mandarin','预防维护','定期维护'),
 (827,161,'mandarin','大修','全面重建'),
 (828,162,'mandarin','零件更换','替换损坏部件'),
 (829,163,'mandarin','安全物流','安全运输'),
 (830,164,'mandarin','国际运输','跨境运输'),
 (831,165,'mandarin','护送服务','带保护运输'),
 (832,166,'mandarin','装甲运输','防护运输'),
 (833,167,'mandarin','冷链运输','温控运输'),
 (834,168,'mandarin','报关服务','海关处理'),
 (835,169,'mandarin','安全仓储','受保护存储'),
 (836,170,'mandarin','金库服务','高安全存储'),
 (837,171,'mandarin','库存管理','库存跟踪'),
 (838,172,'mandarin','温控存储','环境控制'),
 (839,173,'mandarin','证据存储','安全保管'),
 (840,174,'mandarin','保税仓储','海关仓库'),
 (841,175,'mandarin','战术训练','操作训练'),
 (842,176,'mandarin','安全培训','安全使用'),
 (843,177,'mandarin','技术培训','设备操作'),
 (844,178,'mandarin','射击课程','射击训练'),
 (845,179,'mandarin','对抗训练','实战模拟'),
 (846,180,'mandarin','模拟训练','虚拟训练'),
 (847,181,'mandarin','个人安保','个人保护'),
 (848,182,'mandarin','设施安保','场所保护'),
 (849,183,'mandarin','护送保护','出行保护'),
 (850,184,'mandarin','要员保护','VIP保护'),
 (851,185,'mandarin','海上安保','船只保护'),
 (852,186,'mandarin','活动安保','活动安全'),
 (853,187,'mandarin','风险评估','分析安全风险'),
 (854,188,'mandarin','安全规划','制定安全策略'),
 (855,189,'mandarin','合规咨询','法规指导'),
 (856,190,'mandarin','威胁分析','基于情报评估'),
 (857,191,'mandarin','监管咨询','政策指导'),
 (858,192,'mandarin','漏洞审计','技术评估'),
 (859,193,'mandarin','产品开发','设计新产品'),
 (860,194,'mandarin','现场研究','真实环境研究'),
 (861,195,'mandarin','技术创新','新技术探索'),
 (862,196,'mandarin','弹道研究','研究弹道'),
 (863,197,'mandarin','材料科学','先进材料'),
 (864,198,'mandarin','武器系统研发','系统开发'),
 (865,199,'mandarin','性能测试','评估性能'),
 (866,200,'mandarin','安全测试','安全认证'),
 (867,201,'mandarin','认证','第三方认证'),
 (868,202,'mandarin','弹道测试','冲击与穿透'),
 (869,203,'mandarin','环境测试','极端环境'),
 (870,204,'mandarin','耐久测试','结构强度'),
 (871,205,'mandarin','退役处理','安全退役'),
 (872,206,'mandarin','危险物处理','安全处置'),
 (873,207,'mandarin','回收利用','资源再用'),
 (874,208,'mandarin','去军事化','移除功能'),
 (875,209,'mandarin','弹药销毁','安全销毁'),
 (876,210,'mandarin','爆炸物处理','EOD服务'),
 (877,211,'mandarin','监控服务','持续监视'),
 (878,212,'mandarin','侦察','地空观察'),
 (879,213,'mandarin','情报收集','数据分析'),
 (880,214,'mandarin','空中监控','无人机监视'),
 (881,215,'mandarin','反监控','检测与干扰'),
 (882,216,'mandarin','信号情报','SIGINT分析'),
 (883,217,'mandarin','私人合同','私营部门'),
 (884,218,'mandarin','政府合同','公共部门'),
 (885,219,'mandarin','国防合同','军事用途'),
 (886,220,'mandarin','分包合同','外包任务'),
 (887,221,'mandarin','合资协议','合作经营'),
 (888,222,'mandarin','资助获取','资金支持');
INSERT INTO "users" ("id","username","email","password_hash","role","created_at","updated_at","bio","country","contact_number","social_link_1","social_link_2","social_link_3","social_link_4","profile_image") VALUES (1,'spongebob','spongebob@bikini.bottom','scrypt:32768:8:1$SbTwSrAmCehypPz8$1fd49b243228a73c60f77f4fd51cf7f46d77f044b2576a24fe7de1800ca3dabe891e693f64f2276ef392437527659822711cb089f651944ef50073f5188a0c42','customer','2026-04-15 05:03:32','2026-04-15 05:03:32',NULL,NULL,NULL,NULL,NULL,NULL,NULL,NULL),
 (2,'mrcrabs','eugene.crabs@thekrustykrab.com','scrypt:32768:8:1$83oDsOSmvXx89UZx$c0e15772d19273f1df094dffa5fb9846afa2be3bfa47bb50a89d3ec80c57032db06799f09fb4b4d51be28dfb33de4148c29c7b97396f1dbbaba90920d6b78dc3','admin','2026-04-15 05:03:32','2026-04-15 05:03:32','Money Money Money HeHeHehah','Bikini Bottom','+629026374883',NULL,NULL,NULL,NULL,'mrkrabs.png'),
 (3,'KelsenGile','kelsengilesarmientoconel@gmail.com','scrypt:32768:8:1$XrzCLf0eixrrKiHF$94eee8816393d6c3fde4901ccd40f36f33d5fed9031cf15212b3a3acc91d25a7b11b7f9295ade278f201088b7c0e87f1242b859b5fc2008aaba577a9d9babdd2','customer','2026-04-15 07:00:44','2026-04-15 07:00:44',NULL,NULL,NULL,NULL,NULL,NULL,NULL,NULL);
DROP INDEX IF EXISTS "idx_order_items_order";
CREATE INDEX idx_order_items_order  ON order_items   (order_id);
DROP INDEX IF EXISTS "idx_orders_status";
CREATE INDEX idx_orders_status      ON orders        (status);
DROP INDEX IF EXISTS "idx_orders_user";
CREATE INDEX idx_orders_user        ON orders        (user_id);
DROP INDEX IF EXISTS "idx_product_images_product";
CREATE INDEX idx_product_images_product
    ON product_images (product_id);
DROP INDEX IF EXISTS "idx_products_brand";
CREATE INDEX idx_products_brand     ON products      (brand_id);
DROP INDEX IF EXISTS "idx_products_category";
CREATE INDEX idx_products_category  ON products      (category_id);
DROP INDEX IF EXISTS "idx_products_subcat";
CREATE INDEX idx_products_subcat    ON products      (subcategory_id);
DROP INDEX IF EXISTS "idx_services_brand";
CREATE INDEX idx_services_brand     ON services      (brand_id);
DROP INDEX IF EXISTS "idx_services_category";
CREATE INDEX idx_services_category  ON services      (category_id);
DROP INDEX IF EXISTS "idx_services_subcat";
CREATE INDEX idx_services_subcat    ON services      (subcategory_id);
DROP INDEX IF EXISTS "idx_subcats_category";
CREATE INDEX idx_subcats_category   ON subcategories (category_id);
DROP INDEX IF EXISTS "idx_ui_strings_lang";
CREATE INDEX idx_ui_strings_lang    ON ui_strings    (lang_code);
DROP TRIGGER IF EXISTS "trg_order_completed";
CREATE TRIGGER trg_order_completed
AFTER UPDATE OF status ON orders
WHEN NEW.status = 'completed' AND OLD.status != 'completed'
BEGIN
    UPDATE products
    SET sales_count = sales_count + (
        SELECT COALESCE(SUM(oi.quantity), 0)
        FROM order_items oi
        WHERE oi.order_id = NEW.id
          AND oi.item_type = 'product'
          AND oi.item_id = products.id
    )
    WHERE id IN (
        SELECT item_id FROM order_items
        WHERE order_id = NEW.id AND item_type = 'product'
    );

    UPDATE services
    SET sales_count = sales_count + (
        SELECT COALESCE(SUM(oi.quantity), 0)
        FROM order_items oi
        WHERE oi.order_id = NEW.id
          AND oi.item_type = 'service'
          AND oi.item_id = services.id
    )
    WHERE id IN (
        SELECT item_id FROM order_items
        WHERE order_id = NEW.id AND item_type = 'service'
    );
END;
DROP TRIGGER IF EXISTS "trg_order_uncompleted";
CREATE TRIGGER trg_order_uncompleted
AFTER UPDATE OF status ON orders
WHEN OLD.status = 'completed' AND NEW.status != 'completed'
BEGIN
    UPDATE products
    SET sales_count = MAX(0, sales_count - (
        SELECT COALESCE(SUM(oi.quantity), 0)
        FROM order_items oi
        WHERE oi.order_id = NEW.id
          AND oi.item_type = 'product'
          AND oi.item_id = products.id
    ))
    WHERE id IN (
        SELECT item_id FROM order_items
        WHERE order_id = NEW.id AND item_type = 'product'
    );

    UPDATE services
    SET sales_count = MAX(0, sales_count - (
        SELECT COALESCE(SUM(oi.quantity), 0)
        FROM order_items oi
        WHERE oi.order_id = NEW.id
          AND oi.item_type = 'service'
          AND oi.item_id = services.id
    ))
    WHERE id IN (
        SELECT item_id FROM order_items
        WHERE order_id = NEW.id AND item_type = 'service'
    );
END;
COMMIT;
